trip_id,start_node,start_state,start_district,destination_node,destination_state,destination_district,trip_type,cargo_type,vehicle_type,departure_time
T00001,N0095,Sikkim,Gyalshing,N0052,Meghalaya,East Garo Hills,Inter-state,Medicine,Truck,2026-10-03T23:30:00Z
T00002,N0009,Arunachal Pradesh,Namsai,N0032,Manipur,Ukhrul,Inter-state,Food Supplies,Heavy Truck,2026-09-06T11:45:00Z
T00003,N0006,Arunachal Pradesh,East Kameng,N0041,Manipur,Imphal East,Inter-state,Agricultural Produce,Heavy Truck,2026-01-24T16:00:00Z
T00004,N0011,Arunachal Pradesh,Namsai,N0042,Manipur,Jiribam,Inter-state,Agricultural Produce,Medium Goods Vehicle,2026-09-06T21:15:00Z
T00005,N0026,Assam,Kamrup,N0072,Mizoram,Mamit,Inter-state,Medicine,Truck,2026-11-25T18:45:00Z
T00006,N0111,Tripura,Dhalai,N0094,Sikkim,Gangtok,Inter-state,Agricultural Produce,Truck,2026-02-24T22:15:00Z
T00007,N0017,Assam,Dhubri,N0069,Mizoram,Mamit,Inter-state,Food Supplies,Truck,2026-08-05T15:30:00Z
T00008,N0087,Nagaland,Kohima,N0091,Sikkim,Gangtok,Inter-state,Essential Goods,Medium Goods Vehicle,2026-07-15T15:45:00Z
T00009,N0028,Assam,Lakhimpur,N0079,Nagaland,Peren,Inter-state,Medicine,Truck,2026-08-02T12:30:00Z
T00010,N0108,Tripura,Unakoti,N0043,Manipur,Noney,Inter-state,Medicine,Heavy Truck,2026-01-20T23:15:00Z
T00011,N0068,Mizoram,Aizawl,N0093,Sikkim,Gangtok,Inter-state,Medicine,Heavy Truck,2026-06-27T10:15:00Z
T00012,N0105,Sikkim,Mangan,N0083,Nagaland,Dimapur,Inter-state,Agricultural Produce,Medium Goods Vehicle,2026-11-18T03:15:00Z
T00013,N0015,Arunachal Pradesh,Tirap,N0067,Mizoram,Hnahthial,Inter-state,Essential Goods,Heavy Truck,2026-06-26T05:15:00Z
T00014,N0081,Nagaland,Chumoukedima,N0073,Mizoram,Champhai,Inter-state,Construction Material,Truck,2026-04-26T11:00:00Z
T00015,N0116,Tripura,Sepahijala,N0104,Sikkim,Mangan,Inter-state,Food Supplies,Medium Goods Vehicle,2026-05-03T11:00:00Z
T00016,N0084,Nagaland,Chumoukedima,N0118,Tripura,Dhalai,Inter-state,Medicine,Medium Goods Vehicle,2026-05-25T06:15:00Z
T00017,N0104,Sikkim,Mangan,N0044,Manipur,Ukhrul,Inter-state,Medicine,Truck,2026-03-05T14:15:00Z
T00018,N0097,Sikkim,Mangan,N0095,Sikkim,Gyalshing,Within-state,Agricultural Produce,Truck,2026-12-01T23:30:00Z
T00019,N0002,Arunachal Pradesh,Lower Subansiri,N0025,Assam,Tinsukia,Inter-state,Construction Material,Truck,2026-05-09T10:30:00Z
T00020,N0080,Nagaland,Longleng,N0010,Arunachal Pradesh,East Kameng,Inter-state,Food Supplies,Heavy Truck,2026-05-01T16:30:00Z
T00021,N0117,Tripura,Dhalai,N0102,Sikkim,Gyalshing,Inter-state,Agricultural Produce,Heavy Truck,2026-02-25T04:45:00Z
T00022,N0103,Sikkim,Namchi,N0108,Tripura,Unakoti,Inter-state,Construction Material,Heavy Truck,2026-07-19T10:30:00Z
T00023,N0008,Arunachal Pradesh,Tawang,N0109,Tripura,South Tripura,Inter-state,Food Supplies,Truck,2026-09-12T19:15:00Z
T00024,N0072,Mizoram,Mamit,N0036,Manipur,Ukhrul,Inter-state,Medicine,Medium Goods Vehicle,2026-12-06T04:00:00Z
T00025,N0042,Manipur,Jiribam,N0019,Assam,Dhemaji,Inter-state,Medicine,Heavy Truck,2026-02-02T13:15:00Z
T00026,N0061,Mizoram,Saitual,N0112,Tripura,Unakoti,Inter-state,Essential Goods,Truck,2026-05-03T11:00:00Z
T00027,N0043,Manipur,Noney,N0053,Meghalaya,South West Khasi Hills,Inter-state,Essential Goods,Truck,2026-07-19T06:00:00Z
T00028,N0039,Manipur,Thoubal,N0062,Mizoram,Hnahthial,Inter-state,Construction Material,Medium Goods Vehicle,2026-07-05T01:15:00Z
T00029,N0117,Tripura,Dhalai,N0059,Meghalaya,West Khasi Hills,Inter-state,Agricultural Produce,Medium Goods Vehicle,2026-01-26T05:45:00Z
T00030,N0011,Arunachal Pradesh,Namsai,N0054,Meghalaya,Ri-Bhoi,Inter-state,Agricultural Produce,Truck,2026-01-10T23:15:00Z
T00031,N0107,Tripura,West Tripura,N0109,Tripura,South Tripura,Within-state,Agricultural Produce,Medium Goods Vehicle,2026-04-23T22:15:00Z
T00032,N0015,Arunachal Pradesh,Tirap,N0106,Tripura,West Tripura,Inter-state,Agricultural Produce,Truck,2026-02-04T10:45:00Z
T00033,N0096,Sikkim,Pakyong,N0104,Sikkim,Mangan,Within-state,Medicine,Truck,2026-06-09T08:15:00Z
T00034,N0001,Arunachal Pradesh,Tawang,N0111,Tripura,Dhalai,Inter-state,Essential Goods,Heavy Truck,2026-01-19T22:15:00Z
T00035,N0038,Manipur,Ukhrul,N0072,Mizoram,Mamit,Inter-state,Medicine,Medium Goods Vehicle,2026-12-24T09:00:00Z
T00036,N0021,Assam,Golaghat,N0013,Arunachal Pradesh,Upper Subansiri,Inter-state,Medicine,Medium Goods Vehicle,2026-09-16T13:30:00Z
T00037,N0063,Mizoram,Serchhip,N0050,Meghalaya,East Khasi Hills,Inter-state,Medicine,Medium Goods Vehicle,2026-08-26T12:45:00Z
T00038,N0096,Sikkim,Pakyong,N0072,Mizoram,Mamit,Inter-state,Food Supplies,Medium Goods Vehicle,2026-05-21T03:30:00Z
T00039,N0019,Assam,Dhemaji,N0063,Mizoram,Serchhip,Inter-state,Essential Goods,Truck,2026-12-16T18:45:00Z
T00040,N0009,Arunachal Pradesh,Namsai,N0028,Assam,Lakhimpur,Inter-state,Construction Material,Heavy Truck,2026-05-05T01:15:00Z
T00041,N0022,Assam,Barpeta,N0069,Mizoram,Mamit,Inter-state,Essential Goods,Truck,2026-08-11T11:45:00Z
T00042,N0064,Mizoram,Hnahthial,N0053,Meghalaya,South West Khasi Hills,Inter-state,Essential Goods,Medium Goods Vehicle,2026-01-03T11:30:00Z
T00043,N0067,Mizoram,Hnahthial,N0108,Tripura,Unakoti,Inter-state,Essential Goods,Heavy Truck,2026-02-13T16:15:00Z
T00044,N0066,Mizoram,Aizawl,N0030,Assam,Dibrugarh,Inter-state,Medicine,Heavy Truck,2026-11-03T15:15:00Z
T00045,N0091,Sikkim,Gangtok,N0117,Tripura,Dhalai,Inter-state,Medicine,Truck,2026-03-23T18:30:00Z
T00046,N0066,Mizoram,Aizawl,N0035,Manipur,Ukhrul,Inter-state,Agricultural Produce,Medium Goods Vehicle,2026-06-26T12:45:00Z
T00047,N0078,Nagaland,Niuland,N0036,Manipur,Ukhrul,Inter-state,Medicine,Heavy Truck,2026-11-28T06:00:00Z
T00048,N0072,Mizoram,Mamit,N0086,Nagaland,Wokha,Inter-state,Medicine,Medium Goods Vehicle,2026-05-14T02:15:00Z
T00049,N0014,Arunachal Pradesh,Longding,N0086,Nagaland,Wokha,Inter-state,Essential Goods,Heavy Truck,2026-12-27T08:00:00Z
T00050,N0007,Arunachal Pradesh,West Kameng,N0092,Sikkim,Namchi,Inter-state,Food Supplies,Heavy Truck,2026-01-11T01:00:00Z
T00051,N0032,Manipur,Ukhrul,N0070,Mizoram,Hnahthial,Inter-state,Essential Goods,Medium Goods Vehicle,2026-02-07T03:00:00Z
T00052,N0021,Assam,Golaghat,N0050,Meghalaya,East Khasi Hills,Inter-state,Food Supplies,Medium Goods Vehicle,2026-09-21T11:30:00Z
T00053,N0065,Mizoram,Saitual,N0086,Nagaland,Wokha,Inter-state,Food Supplies,Truck,2026-12-15T18:30:00Z
T00054,N0084,Nagaland,Chumoukedima,N0010,Arunachal Pradesh,East Kameng,Inter-state,Essential Goods,Medium Goods Vehicle,2026-10-24T21:15:00Z
T00055,N0096,Sikkim,Pakyong,N0017,Assam,Dhubri,Inter-state,Essential Goods,Medium Goods Vehicle,2026-08-01T17:00:00Z
T00056,N0066,Mizoram,Aizawl,N0115,Tripura,West Tripura,Inter-state,Food Supplies,Medium Goods Vehicle,2026-09-13T13:45:00Z
T00057,N0043,Manipur,Noney,N0076,Nagaland,Kohima,Inter-state,Essential Goods,Truck,2026-08-07T03:45:00Z
T00058,N0064,Mizoram,Hnahthial,N0045,Manipur,Senapati,Inter-state,Construction Material,Truck,2026-04-25T22:00:00Z
T00059,N0078,Nagaland,Niuland,N0083,Nagaland,Dimapur,Within-state,Medicine,Truck,2026-08-25T21:30:00Z
T00060,N0079,Nagaland,Peren,N0015,Arunachal Pradesh,Tirap,Inter-state,Food Supplies,Truck,2026-06-11T03:15:00Z
T00061,N0006,Arunachal Pradesh,East Kameng,N0103,Sikkim,Namchi,Inter-state,Food Supplies,Truck,2026-07-24T01:15:00Z
T00062,N0115,Tripura,West Tripura,N0007,Arunachal Pradesh,West Kameng,Inter-state,Essential Goods,Truck,2026-05-17T06:30:00Z
T00063,N0120,Tripura,Sepahijala,N0046,Meghalaya,South Garo Hills,Inter-state,Medicine,Medium Goods Vehicle,2026-09-21T16:30:00Z
T00064,N0058,Meghalaya,East Khasi Hills,N0035,Manipur,Ukhrul,Inter-state,Essential Goods,Medium Goods Vehicle,2026-03-15T10:00:00Z
T00065,N0023,Assam,Kamrup Metropolitan,N0098,Sikkim,Namchi,Inter-state,Medicine,Truck,2026-07-08T07:00:00Z
T00066,N0098,Sikkim,Namchi,N0049,Meghalaya,North Garo Hills,Inter-state,Construction Material,Heavy Truck,2026-09-19T13:30:00Z
T00067,N0064,Mizoram,Hnahthial,N0081,Nagaland,Chumoukedima,Inter-state,Construction Material,Heavy Truck,2026-06-23T08:45:00Z
T00068,N0009,Arunachal Pradesh,Namsai,N0027,Assam,Tinsukia,Inter-state,Medicine,Heavy Truck,2026-09-20T18:00:00Z
T00069,N0016,Assam,Darrang,N0088,Nagaland,Longleng,Inter-state,Agricultural Produce,Truck,2026-06-15T20:30:00Z
T00070,N0067,Mizoram,Hnahthial,N0023,Assam,Kamrup Metropolitan,Inter-state,Essential Goods,Truck,2026-06-23T16:30:00Z
T00071,N0076,Nagaland,Kohima,N0062,Mizoram,Hnahthial,Inter-state,Construction Material,Medium Goods Vehicle,2026-03-10T02:45:00Z
T00072,N0110,Tripura,Dhalai,N0051,Meghalaya,East Garo Hills,Inter-state,Agricultural Produce,Truck,2026-12-04T19:30:00Z
T00073,N0004,Arunachal Pradesh,Upper Subansiri,N0095,Sikkim,Gyalshing,Inter-state,Food Supplies,Medium Goods Vehicle,2026-03-21T18:15:00Z
T00074,N0103,Sikkim,Namchi,N0071,Mizoram,Champhai,Inter-state,Essential Goods,Heavy Truck,2026-10-01T15:45:00Z
T00075,N0087,Nagaland,Kohima,N0038,Manipur,Ukhrul,Inter-state,Construction Material,Truck,2026-02-07T21:45:00Z
T00076,N0045,Manipur,Senapati,N0068,Mizoram,Aizawl,Inter-state,Agricultural Produce,Heavy Truck,2026-09-06T03:15:00Z
T00077,N0017,Assam,Dhubri,N0029,Assam,Barpeta,Within-state,Construction Material,Heavy Truck,2026-07-01T10:15:00Z
T00078,N0103,Sikkim,Namchi,N0119,Tripura,West Tripura,Inter-state,Essential Goods,Medium Goods Vehicle,2026-12-16T15:45:00Z
T00079,N0120,Tripura,Sepahijala,N0098,Sikkim,Namchi,Inter-state,Food Supplies,Heavy Truck,2026-01-22T03:30:00Z
T00080,N0020,Assam,Dhubri,N0024,Assam,Nagaon,Within-state,Medicine,Medium Goods Vehicle,2026-08-17T13:00:00Z
T00081,N0053,Meghalaya,South West Khasi Hills,N0078,Nagaland,Niuland,Inter-state,Essential Goods,Truck,2026-01-18T04:00:00Z
T00082,N0115,Tripura,West Tripura,N0008,Arunachal Pradesh,Tawang,Inter-state,Medicine,Heavy Truck,2026-07-04T20:00:00Z
T00083,N0005,Arunachal Pradesh,Upper Subansiri,N0050,Meghalaya,East Khasi Hills,Inter-state,Essential Goods,Heavy Truck,2026-07-02T00:00:00Z
T00084,N0050,Meghalaya,East Khasi Hills,N0044,Manipur,Ukhrul,Inter-state,Food Supplies,Truck,2026-12-21T12:00:00Z
T00085,N0038,Manipur,Ukhrul,N0029,Assam,Barpeta,Inter-state,Agricultural Produce,Medium Goods Vehicle,2026-12-12T15:15:00Z
T00086,N0066,Mizoram,Aizawl,N0037,Manipur,Tamenglong,Inter-state,Essential Goods,Truck,2026-01-21T06:30:00Z
T00087,N0068,Mizoram,Aizawl,N0059,Meghalaya,West Khasi Hills,Inter-state,Essential Goods,Truck,2026-05-05T09:30:00Z
T00088,N0075,Mizoram,Serchhip,N0041,Manipur,Imphal East,Inter-state,Food Supplies,Heavy Truck,2026-04-10T19:00:00Z
T00089,N0102,Sikkim,Gyalshing,N0035,Manipur,Ukhrul,Inter-state,Agricultural Produce,Heavy Truck,2026-04-19T02:00:00Z
T00090,N0096,Sikkim,Pakyong,N0051,Meghalaya,East Garo Hills,Inter-state,Food Supplies,Medium Goods Vehicle,2026-09-18T04:00:00Z
T00091,N0084,Nagaland,Chumoukedima,N0078,Nagaland,Niuland,Within-state,Construction Material,Heavy Truck,2026-03-19T20:45:00Z
T00092,N0037,Manipur,Tamenglong,N0115,Tripura,West Tripura,Inter-state,Construction Material,Heavy Truck,2026-07-02T18:30:00Z
T00093,N0108,Tripura,Unakoti,N0012,Arunachal Pradesh,West Siang,Inter-state,Medicine,Heavy Truck,2026-06-24T12:15:00Z
T00094,N0119,Tripura,West Tripura,N0113,Tripura,Unakoti,Within-state,Medicine,Heavy Truck,2026-04-23T16:30:00Z
T00095,N0064,Mizoram,Hnahthial,N0026,Assam,Kamrup,Inter-state,Construction Material,Truck,2026-06-28T05:00:00Z
T00096,N0115,Tripura,West Tripura,N0066,Mizoram,Aizawl,Inter-state,Medicine,Truck,2026-01-07T23:00:00Z
T00097,N0057,Meghalaya,South West Khasi Hills,N0048,Meghalaya,West Garo Hills,Within-state,Food Supplies,Truck,2026-01-17T13:30:00Z
T00098,N0049,Meghalaya,North Garo Hills,N0002,Arunachal Pradesh,Lower Subansiri,Inter-state,Construction Material,Medium Goods Vehicle,2026-10-28T13:45:00Z
T00099,N0006,Arunachal Pradesh,East Kameng,N0063,Mizoram,Serchhip,Inter-state,Agricultural Produce,Heavy Truck,2026-08-11T17:30:00Z
T00100,N0097,Sikkim,Mangan,N0100,Sikkim,Gyalshing,Within-state,Essential Goods,Heavy Truck,2026-11-25T07:00:00Z
T00101,N0072,Mizoram,Mamit,N0005,Arunachal Pradesh,Upper Subansiri,Inter-state,Medicine,Heavy Truck,2026-03-13T23:45:00Z
T00102,N0101,Sikkim,Namchi,N0043,Manipur,Noney,Inter-state,Agricultural Produce,Truck,2026-04-26T00:45:00Z
T00103,N0063,Mizoram,Serchhip,N0120,Tripura,Sepahijala,Inter-state,Agricultural Produce,Medium Goods Vehicle,2026-10-22T17:45:00Z
T00104,N0021,Assam,Golaghat,N0094,Sikkim,Gangtok,Inter-state,Medicine,Heavy Truck,2026-03-22T19:45:00Z
T00105,N0106,Tripura,West Tripura,N0108,Tripura,Unakoti,Within-state,Medicine,Truck,2026-02-12T01:15:00Z
T00106,N0063,Mizoram,Serchhip,N0118,Tripura,Dhalai,Inter-state,Medicine,Heavy Truck,2026-08-16T20:15:00Z
T00107,N0082,Nagaland,Mon,N0059,Meghalaya,West Khasi Hills,Inter-state,Food Supplies,Heavy Truck,2026-11-09T05:00:00Z
T00108,N0024,Assam,Nagaon,N0084,Nagaland,Chumoukedima,Inter-state,Medicine,Heavy Truck,2026-02-19T11:00:00Z
T00109,N0016,Assam,Darrang,N0044,Manipur,Ukhrul,Inter-state,Agricultural Produce,Heavy Truck,2026-01-01T12:30:00Z
T00110,N0113,Tripura,Unakoti,N0040,Manipur,Noney,Inter-state,Construction Material,Heavy Truck,2026-04-26T16:45:00Z
T00111,N0020,Assam,Dhubri,N0065,Mizoram,Saitual,Inter-state,Medicine,Medium Goods Vehicle,2026-04-28T19:30:00Z
T00112,N0119,Tripura,West Tripura,N0010,Arunachal Pradesh,East Kameng,Inter-state,Agricultural Produce,Heavy Truck,2026-11-18T08:30:00Z
T00113,N0094,Sikkim,Gangtok,N0112,Tripura,Unakoti,Inter-state,Agricultural Produce,Heavy Truck,2026-07-14T18:00:00Z
T00114,N0014,Arunachal Pradesh,Longding,N0005,Arunachal Pradesh,Upper Subansiri,Within-state,Agricultural Produce,Heavy Truck,2026-01-11T15:30:00Z
T00115,N0064,Mizoram,Hnahthial,N0075,Mizoram,Serchhip,Within-state,Construction Material,Heavy Truck,2026-09-15T06:30:00Z
T00116,N0011,Arunachal Pradesh,Namsai,N0005,Arunachal Pradesh,Upper Subansiri,Within-state,Food Supplies,Heavy Truck,2026-11-16T18:30:00Z
T00117,N0119,Tripura,West Tripura,N0003,Arunachal Pradesh,Tawang,Inter-state,Essential Goods,Heavy Truck,2026-11-11T18:15:00Z
T00118,N0032,Manipur,Ukhrul,N0064,Mizoram,Hnahthial,Inter-state,Medicine,Medium Goods Vehicle,2026-09-06T16:15:00Z
T00119,N0006,Arunachal Pradesh,East Kameng,N0047,Meghalaya,Eastern West Khasi Hills,Inter-state,Medicine,Medium Goods Vehicle,2026-09-11T07:45:00Z
T00120,N0051,Meghalaya,East Garo Hills,N0052,Meghalaya,East Garo Hills,Within-state,Food Supplies,Truck,2026-05-18T18:45:00Z
T00121,N0027,Assam,Tinsukia,N0102,Sikkim,Gyalshing,Inter-state,Construction Material,Medium Goods Vehicle,2026-06-07T16:30:00Z
T00122,N0082,Nagaland,Mon,N0116,Tripura,Sepahijala,Inter-state,Essential Goods,Heavy Truck,2026-07-11T04:00:00Z
T00123,N0115,Tripura,West Tripura,N0008,Arunachal Pradesh,Tawang,Inter-state,Agricultural Produce,Truck,2026-07-20T22:00:00Z
T00124,N0085,Nagaland,Phek,N0059,Meghalaya,West Khasi Hills,Inter-state,Medicine,Truck,2026-04-22T08:00:00Z
T00125,N0004,Arunachal Pradesh,Upper Subansiri,N0050,Meghalaya,East Khasi Hills,Inter-state,Construction Material,Heavy Truck,2026-11-14T17:45:00Z
T00126,N0054,Meghalaya,Ri-Bhoi,N0004,Arunachal Pradesh,Upper Subansiri,Inter-state,Medicine,Heavy Truck,2026-11-11T16:45:00Z
T00127,N0117,Tripura,Dhalai,N0023,Assam,Kamrup Metropolitan,Inter-state,Essential Goods,Truck,2026-09-28T22:30:00Z
T00128,N0028,Assam,Lakhimpur,N0023,Assam,Kamrup Metropolitan,Within-state,Essential Goods,Heavy Truck,2026-11-18T22:45:00Z
T00129,N0081,Nagaland,Chumoukedima,N0094,Sikkim,Gangtok,Inter-state,Medicine,Medium Goods Vehicle,2026-09-24T09:45:00Z
T00130,N0077,Nagaland,Zunheboto,N0027,Assam,Tinsukia,Inter-state,Construction Material,Heavy Truck,2026-09-03T04:00:00Z
T00131,N0062,Mizoram,Hnahthial,N0046,Meghalaya,South Garo Hills,Inter-state,Construction Material,Medium Goods Vehicle,2026-04-11T03:15:00Z
T00132,N0028,Assam,Lakhimpur,N0096,Sikkim,Pakyong,Inter-state,Food Supplies,Truck,2026-02-05T10:30:00Z
T00133,N0063,Mizoram,Serchhip,N0102,Sikkim,Gyalshing,Inter-state,Food Supplies,Truck,2026-05-15T18:00:00Z
T00134,N0111,Tripura,Dhalai,N0085,Nagaland,Phek,Inter-state,Essential Goods,Heavy Truck,2026-04-05T06:00:00Z
T00135,N0078,Nagaland,Niuland,N0102,Sikkim,Gyalshing,Inter-state,Agricultural Produce,Medium Goods Vehicle,2026-11-05T00:30:00Z
T00136,N0104,Sikkim,Mangan,N0074,Mizoram,Lunglei,Inter-state,Food Supplies,Truck,2026-11-22T17:30:00Z
T00137,N0053,Meghalaya,South West Khasi Hills,N0023,Assam,Kamrup Metropolitan,Inter-state,Essential Goods,Truck,2026-05-06T17:15:00Z
T00138,N0079,Nagaland,Peren,N0093,Sikkim,Gangtok,Inter-state,Construction Material,Heavy Truck,2026-12-17T01:30:00Z
T00139,N0069,Mizoram,Mamit,N0097,Sikkim,Mangan,Inter-state,Essential Goods,Heavy Truck,2026-07-12T15:00:00Z
T00140,N0107,Tripura,West Tripura,N0052,Meghalaya,East Garo Hills,Inter-state,Essential Goods,Medium Goods Vehicle,2026-10-26T17:15:00Z
T00141,N0035,Manipur,Ukhrul,N0031,Manipur,Noney,Within-state,Essential Goods,Heavy Truck,2026-05-11T22:00:00Z
T00142,N0061,Mizoram,Saitual,N0022,Assam,Barpeta,Inter-state,Food Supplies,Medium Goods Vehicle,2026-12-03T05:00:00Z
T00143,N0066,Mizoram,Aizawl,N0032,Manipur,Ukhrul,Inter-state,Food Supplies,Truck,2026-03-13T09:30:00Z
T00144,N0095,Sikkim,Gyalshing,N0028,Assam,Lakhimpur,Inter-state,Agricultural Produce,Heavy Truck,2026-05-05T16:00:00Z
T00145,N0058,Meghalaya,East Khasi Hills,N0075,Mizoram,Serchhip,Inter-state,Essential Goods,Heavy Truck,2026-01-16T05:00:00Z
T00146,N0069,Mizoram,Mamit,N0056,Meghalaya,East Garo Hills,Inter-state,Medicine,Truck,2026-02-17T09:00:00Z
T00147,N0054,Meghalaya,Ri-Bhoi,N0008,Arunachal Pradesh,Tawang,Inter-state,Food Supplies,Medium Goods Vehicle,2026-07-23T11:00:00Z
T00148,N0103,Sikkim,Namchi,N0045,Manipur,Senapati,Inter-state,Agricultural Produce,Medium Goods Vehicle,2026-07-14T21:00:00Z
T00149,N0045,Manipur,Senapati,N0008,Arunachal Pradesh,Tawang,Inter-state,Construction Material,Medium Goods Vehicle,2026-01-28T10:15:00Z
T00150,N0019,Assam,Dhemaji,N0111,Tripura,Dhalai,Inter-state,Essential Goods,Heavy Truck,2026-09-04T21:30:00Z
T00151,N0029,Assam,Barpeta,N0076,Nagaland,Kohima,Inter-state,Essential Goods,Truck,2026-03-05T03:45:00Z
T00152,N0077,Nagaland,Zunheboto,N0093,Sikkim,Gangtok,Inter-state,Agricultural Produce,Medium Goods Vehicle,2026-01-22T10:15:00Z
T00153,N0091,Sikkim,Gangtok,N0011,Arunachal Pradesh,Namsai,Inter-state,Food Supplies,Heavy Truck,2026-10-24T12:15:00Z
T00154,N0049,Meghalaya,North Garo Hills,N0079,Nagaland,Peren,Inter-state,Construction Material,Medium Goods Vehicle,2026-03-10T03:30:00Z
T00155,N0001,Arunachal Pradesh,Tawang,N0028,Assam,Lakhimpur,Inter-state,Construction Material,Heavy Truck,2026-08-18T05:30:00Z
T00156,N0037,Manipur,Tamenglong,N0098,Sikkim,Namchi,Inter-state,Construction Material,Truck,2026-01-05T23:30:00Z
T00157,N0100,Sikkim,Gyalshing,N0017,Assam,Dhubri,Inter-state,Medicine,Heavy Truck,2026-03-10T22:30:00Z
T00158,N0061,Mizoram,Saitual,N0007,Arunachal Pradesh,West Kameng,Inter-state,Essential Goods,Medium Goods Vehicle,2026-06-18T09:15:00Z
T00159,N0107,Tripura,West Tripura,N0090,Nagaland,Chumoukedima,Inter-state,Essential Goods,Heavy Truck,2026-12-18T09:45:00Z
T00160,N0108,Tripura,Unakoti,N0024,Assam,Nagaon,Inter-state,Agricultural Produce,Heavy Truck,2026-05-20T01:30:00Z
T00161,N0044,Manipur,Ukhrul,N0060,Meghalaya,East Garo Hills,Inter-state,Medicine,Heavy Truck,2026-01-25T09:00:00Z
T00162,N0046,Meghalaya,South Garo Hills,N0067,Mizoram,Hnahthial,Inter-state,Construction Material,Truck,2026-08-20T00:30:00Z
T00163,N0032,Manipur,Ukhrul,N0115,Tripura,West Tripura,Inter-state,Food Supplies,Truck,2026-08-08T11:30:00Z
T00164,N0073,Mizoram,Champhai,N0105,Sikkim,Mangan,Inter-state,Medicine,Medium Goods Vehicle,2026-08-02T00:45:00Z
T00165,N0063,Mizoram,Serchhip,N0114,Tripura,Sepahijala,Inter-state,Essential Goods,Heavy Truck,2026-07-24T14:30:00Z
T00166,N0043,Manipur,Noney,N0044,Manipur,Ukhrul,Within-state,Construction Material,Truck,2026-03-12T11:00:00Z
T00167,N0035,Manipur,Ukhrul,N0066,Mizoram,Aizawl,Inter-state,Food Supplies,Heavy Truck,2026-02-27T07:45:00Z
T00168,N0043,Manipur,Noney,N0118,Tripura,Dhalai,Inter-state,Agricultural Produce,Truck,2026-01-17T22:15:00Z
T00169,N0063,Mizoram,Serchhip,N0057,Meghalaya,South West Khasi Hills,Inter-state,Medicine,Medium Goods Vehicle,2026-08-24T00:00:00Z
T00170,N0009,Arunachal Pradesh,Namsai,N0096,Sikkim,Pakyong,Inter-state,Agricultural Produce,Medium Goods Vehicle,2026-09-03T23:45:00Z
T00171,N0071,Mizoram,Champhai,N0091,Sikkim,Gangtok,Inter-state,Construction Material,Heavy Truck,2026-09-23T21:30:00Z
T00172,N0092,Sikkim,Namchi,N0009,Arunachal Pradesh,Namsai,Inter-state,Medicine,Truck,2026-06-08T10:30:00Z
T00173,N0039,Manipur,Thoubal,N0011,Arunachal Pradesh,Namsai,Inter-state,Construction Material,Truck,2026-01-19T23:30:00Z
T00174,N0056,Meghalaya,East Garo Hills,N0090,Nagaland,Chumoukedima,Inter-state,Construction Material,Heavy Truck,2026-07-06T19:00:00Z
T00175,N0086,Nagaland,Wokha,N0120,Tripura,Sepahijala,Inter-state,Construction Material,Heavy Truck,2026-01-20T09:30:00Z
T00176,N0038,Manipur,Ukhrul,N0070,Mizoram,Hnahthial,Inter-state,Construction Material,Medium Goods Vehicle,2026-10-15T18:15:00Z
T00177,N0017,Assam,Dhubri,N0066,Mizoram,Aizawl,Inter-state,Agricultural Produce,Heavy Truck,2026-05-01T20:30:00Z
T00178,N0030,Assam,Dibrugarh,N0047,Meghalaya,Eastern West Khasi Hills,Inter-state,Essential Goods,Medium Goods Vehicle,2026-08-22T08:15:00Z
T00179,N0113,Tripura,Unakoti,N0057,Meghalaya,South West Khasi Hills,Inter-state,Food Supplies,Truck,2026-09-27T09:45:00Z
T00180,N0078,Nagaland,Niuland,N0016,Assam,Darrang,Inter-state,Food Supplies,Medium Goods Vehicle,2026-04-25T07:45:00Z
T00181,N0116,Tripura,Sepahijala,N0008,Arunachal Pradesh,Tawang,Inter-state,Agricultural Produce,Medium Goods Vehicle,2026-10-08T08:15:00Z
T00182,N0089,Nagaland,Longleng,N0078,Nagaland,Niuland,Within-state,Essential Goods,Truck,2026-04-12T19:30:00Z
T00183,N0120,Tripura,Sepahijala,N0083,Nagaland,Dimapur,Inter-state,Construction Material,Truck,2026-12-07T10:15:00Z
T00184,N0114,Tripura,Sepahijala,N0048,Meghalaya,West Garo Hills,Inter-state,Agricultural Produce,Heavy Truck,2026-05-04T14:15:00Z
T00185,N0055,Meghalaya,West Jaintia Hills,N0023,Assam,Kamrup Metropolitan,Inter-state,Food Supplies,Heavy Truck,2026-10-23T01:30:00Z
T00186,N0012,Arunachal Pradesh,West Siang,N0059,Meghalaya,West Khasi Hills,Inter-state,Food Supplies,Heavy Truck,2026-12-18T15:15:00Z
T00187,N0117,Tripura,Dhalai,N0102,Sikkim,Gyalshing,Inter-state,Agricultural Produce,Heavy Truck,2026-02-07T22:00:00Z
T00188,N0046,Meghalaya,South Garo Hills,N0120,Tripura,Sepahijala,Inter-state,Construction Material,Medium Goods Vehicle,2026-09-18T10:45:00Z
T00189,N0047,Meghalaya,Eastern West Khasi Hills,N0073,Mizoram,Champhai,Inter-state,Construction Material,Medium Goods Vehicle,2026-02-09T11:00:00Z
T00190,N0091,Sikkim,Gangtok,N0028,Assam,Lakhimpur,Inter-state,Essential Goods,Medium Goods Vehicle,2026-02-21T21:30:00Z
T00191,N0083,Nagaland,Dimapur,N0104,Sikkim,Mangan,Inter-state,Food Supplies,Medium Goods Vehicle,2026-11-18T15:30:00Z
T00192,N0004,Arunachal Pradesh,Upper Subansiri,N0106,Tripura,West Tripura,Inter-state,Essential Goods,Heavy Truck,2026-11-27T23:45:00Z
T00193,N0117,Tripura,Dhalai,N0120,Tripura,Sepahijala,Within-state,Food Supplies,Medium Goods Vehicle,2026-11-12T09:45:00Z
T00194,N0097,Sikkim,Mangan,N0049,Meghalaya,North Garo Hills,Inter-state,Medicine,Medium Goods Vehicle,2026-05-02T03:45:00Z
T00195,N0034,Manipur,Ukhrul,N0050,Meghalaya,East Khasi Hills,Inter-state,Agricultural Produce,Medium Goods Vehicle,2026-05-09T00:15:00Z
T00196,N0056,Meghalaya,East Garo Hills,N0069,Mizoram,Mamit,Inter-state,Medicine,Medium Goods Vehicle,2026-01-16T14:45:00Z
T00197,N0074,Mizoram,Lunglei,N0084,Nagaland,Chumoukedima,Inter-state,Food Supplies,Medium Goods Vehicle,2026-02-25T15:15:00Z
T00198,N0038,Manipur,Ukhrul,N0002,Arunachal Pradesh,Lower Subansiri,Inter-state,Essential Goods,Heavy Truck,2026-07-09T07:30:00Z
T00199,N0041,Manipur,Imphal East,N0117,Tripura,Dhalai,Inter-state,Agricultural Produce,Truck,2026-04-27T10:45:00Z
T00200,N0073,Mizoram,Champhai,N0077,Nagaland,Zunheboto,Inter-state,Construction Material,Heavy Truck,2026-04-25T12:30:00Z
T00201,N0084,Nagaland,Chumoukedima,N0008,Arunachal Pradesh,Tawang,Inter-state,Construction Material,Truck,2026-09-27T09:00:00Z
T00202,N0098,Sikkim,Namchi,N0075,Mizoram,Serchhip,Inter-state,Medicine,Medium Goods Vehicle,2026-10-17T02:45:00Z
T00203,N0060,Meghalaya,East Garo Hills,N0044,Manipur,Ukhrul,Inter-state,Construction Material,Medium Goods Vehicle,2026-03-22T18:45:00Z
T00204,N0078,Nagaland,Niuland,N0018,Assam,Darrang,Inter-state,Medicine,Heavy Truck,2026-01-28T01:15:00Z
T00205,N0075,Mizoram,Serchhip,N0117,Tripura,Dhalai,Inter-state,Food Supplies,Heavy Truck,2026-01-17T01:00:00Z
T00206,N0050,Meghalaya,East Khasi Hills,N0111,Tripura,Dhalai,Inter-state,Food Supplies,Truck,2026-09-11T18:30:00Z
T00207,N0114,Tripura,Sepahijala,N0087,Nagaland,Kohima,Inter-state,Essential Goods,Medium Goods Vehicle,2026-04-24T10:30:00Z
T00208,N0085,Nagaland,Phek,N0063,Mizoram,Serchhip,Inter-state,Essential Goods,Truck,2026-10-12T06:30:00Z
T00209,N0033,Manipur,Jiribam,N0002,Arunachal Pradesh,Lower Subansiri,Inter-state,Construction Material,Truck,2026-01-11T15:15:00Z
T00210,N0010,Arunachal Pradesh,East Kameng,N0021,Assam,Golaghat,Inter-state,Medicine,Heavy Truck,2026-10-22T10:15:00Z
T00211,N0111,Tripura,Dhalai,N0024,Assam,Nagaon,Inter-state,Agricultural Produce,Heavy Truck,2026-02-08T13:00:00Z
T00212,N0010,Arunachal Pradesh,East Kameng,N0023,Assam,Kamrup Metropolitan,Inter-state,Construction Material,Medium Goods Vehicle,2026-04-11T09:00:00Z
T00213,N0036,Manipur,Ukhrul,N0022,Assam,Barpeta,Inter-state,Agricultural Produce,Heavy Truck,2026-04-24T10:45:00Z
T00214,N0015,Arunachal Pradesh,Tirap,N0077,Nagaland,Zunheboto,Inter-state,Food Supplies,Heavy Truck,2026-12-27T22:00:00Z
T00215,N0098,Sikkim,Namchi,N0117,Tripura,Dhalai,Inter-state,Construction Material,Medium Goods Vehicle,2026-06-15T17:30:00Z
T00216,N0084,Nagaland,Chumoukedima,N0104,Sikkim,Mangan,Inter-state,Agricultural Produce,Heavy Truck,2026-07-14T13:15:00Z
T00217,N0050,Meghalaya,East Khasi Hills,N0098,Sikkim,Namchi,Inter-state,Construction Material,Medium Goods Vehicle,2026-07-20T05:00:00Z
T00218,N0093,Sikkim,Gangtok,N0095,Sikkim,Gyalshing,Within-state,Agricultural Produce,Heavy Truck,2026-05-17T16:15:00Z
T00219,N0083,Nagaland,Dimapur,N0041,Manipur,Imphal East,Inter-state,Food Supplies,Heavy Truck,2026-08-15T13:30:00Z
T00220,N0022,Assam,Barpeta,N0016,Assam,Darrang,Within-state,Agricultural Produce,Heavy Truck,2026-12-25T10:00:00Z
T00221,N0080,Nagaland,Longleng,N0002,Arunachal Pradesh,Lower Subansiri,Inter-state,Medicine,Medium Goods Vehicle,2026-07-05T22:45:00Z
T00222,N0027,Assam,Tinsukia,N0082,Nagaland,Mon,Inter-state,Agricultural Produce,Heavy Truck,2026-12-10T03:15:00Z
T00223,N0056,Meghalaya,East Garo Hills,N0100,Sikkim,Gyalshing,Inter-state,Medicine,Medium Goods Vehicle,2026-07-28T07:00:00Z
T00224,N0026,Assam,Kamrup,N0096,Sikkim,Pakyong,Inter-state,Medicine,Heavy Truck,2026-11-22T14:30:00Z
T00225,N0105,Sikkim,Mangan,N0068,Mizoram,Aizawl,Inter-state,Agricultural Produce,Truck,2026-06-13T22:00:00Z
T00226,N0006,Arunachal Pradesh,East Kameng,N0092,Sikkim,Namchi,Inter-state,Food Supplies,Truck,2026-05-01T09:15:00Z
T00227,N0066,Mizoram,Aizawl,N0043,Manipur,Noney,Inter-state,Essential Goods,Medium Goods Vehicle,2026-12-09T07:00:00Z
T00228,N0052,Meghalaya,East Garo Hills,N0025,Assam,Tinsukia,Inter-state,Agricultural Produce,Truck,2026-02-02T23:30:00Z
T00229,N0107,Tripura,West Tripura,N0029,Assam,Barpeta,Inter-state,Essential Goods,Heavy Truck,2026-11-16T02:45:00Z
T00230,N0001,Arunachal Pradesh,Tawang,N0102,Sikkim,Gyalshing,Inter-state,Agricultural Produce,Truck,2026-08-13T13:45:00Z
T00231,N0030,Assam,Dibrugarh,N0013,Arunachal Pradesh,Upper Subansiri,Inter-state,Agricultural Produce,Truck,2026-03-08T23:45:00Z
T00232,N0040,Manipur,Noney,N0071,Mizoram,Champhai,Inter-state,Medicine,Medium Goods Vehicle,2026-12-26T02:00:00Z
T00233,N0079,Nagaland,Peren,N0029,Assam,Barpeta,Inter-state,Food Supplies,Medium Goods Vehicle,2026-11-02T14:30:00Z
T00234,N0032,Manipur,Ukhrul,N0040,Manipur,Noney,Within-state,Food Supplies,Heavy Truck,2026-03-07T06:00:00Z
T00235,N0089,Nagaland,Longleng,N0108,Tripura,Unakoti,Inter-state,Agricultural Produce,Heavy Truck,2026-07-01T09:30:00Z
T00236,N0092,Sikkim,Namchi,N0077,Nagaland,Zunheboto,Inter-state,Construction Material,Truck,2026-09-23T03:00:00Z
T00237,N0073,Mizoram,Champhai,N0118,Tripura,Dhalai,Inter-state,Construction Material,Heavy Truck,2026-05-25T00:15:00Z
T00238,N0026,Assam,Kamrup,N0033,Manipur,Jiribam,Inter-state,Medicine,Medium Goods Vehicle,2026-03-20T10:00:00Z
T00239,N0106,Tripura,West Tripura,N0087,Nagaland,Kohima,Inter-state,Medicine,Heavy Truck,2026-11-02T10:15:00Z
T00240,N0002,Arunachal Pradesh,Lower Subansiri,N0043,Manipur,Noney,Inter-state,Agricultural Produce,Heavy Truck,2026-12-15T04:15:00Z
T00241,N0037,Manipur,Tamenglong,N0048,Meghalaya,West Garo Hills,Inter-state,Essential Goods,Truck,2026-07-06T11:00:00Z
T00242,N0032,Manipur,Ukhrul,N0096,Sikkim,Pakyong,Inter-state,Construction Material,Heavy Truck,2026-12-10T22:45:00Z
T00243,N0035,Manipur,Ukhrul,N0073,Mizoram,Champhai,Inter-state,Construction Material,Truck,2026-03-28T10:00:00Z
T00244,N0033,Manipur,Jiribam,N0075,Mizoram,Serchhip,Inter-state,Agricultural Produce,Truck,2026-12-24T08:30:00Z
T00245,N0028,Assam,Lakhimpur,N0018,Assam,Darrang,Within-state,Essential Goods,Medium Goods Vehicle,2026-11-17T15:45:00Z
T00246,N0114,Tripura,Sepahijala,N0018,Assam,Darrang,Inter-state,Agricultural Produce,Heavy Truck,2026-06-16T08:45:00Z
T00247,N0014,Arunachal Pradesh,Longding,N0065,Mizoram,Saitual,Inter-state,Construction Material,Heavy Truck,2026-12-24T14:15:00Z
T00248,N0083,Nagaland,Dimapur,N0012,Arunachal Pradesh,West Siang,Inter-state,Food Supplies,Truck,2026-08-26T16:00:00Z
T00249,N0017,Assam,Dhubri,N0052,Meghalaya,East Garo Hills,Inter-state,Agricultural Produce,Truck,2026-01-09T03:45:00Z
T00250,N0107,Tripura,West Tripura,N0019,Assam,Dhemaji,Inter-state,Agricultural Produce,Truck,2026-09-18T18:45:00Z
T00251,N0108,Tripura,Unakoti,N0055,Meghalaya,West Jaintia Hills,Inter-state,Agricultural Produce,Heavy Truck,2026-06-15T08:00:00Z
T00252,N0088,Nagaland,Longleng,N0071,Mizoram,Champhai,Inter-state,Essential Goods,Truck,2026-02-28T18:00:00Z
T00253,N0025,Assam,Tinsukia,N0036,Manipur,Ukhrul,Inter-state,Food Supplies,Medium Goods Vehicle,2026-01-06T18:00:00Z
T00254,N0073,Mizoram,Champhai,N0027,Assam,Tinsukia,Inter-state,Construction Material,Truck,2026-01-16T17:45:00Z
T00255,N0084,Nagaland,Chumoukedima,N0007,Arunachal Pradesh,West Kameng,Inter-state,Construction Material,Heavy Truck,2026-05-16T17:45:00Z
T00256,N0061,Mizoram,Saitual,N0077,Nagaland,Zunheboto,Inter-state,Agricultural Produce,Medium Goods Vehicle,2026-04-14T19:15:00Z
T00257,N0006,Arunachal Pradesh,East Kameng,N0067,Mizoram,Hnahthial,Inter-state,Medicine,Truck,2026-08-25T13:00:00Z
T00258,N0046,Meghalaya,South Garo Hills,N0052,Meghalaya,East Garo Hills,Within-state,Food Supplies,Truck,2026-09-12T13:00:00Z
T00259,N0084,Nagaland,Chumoukedima,N0090,Nagaland,Chumoukedima,Within-state,Essential Goods,Heavy Truck,2026-09-16T13:00:00Z
T00260,N0034,Manipur,Ukhrul,N0027,Assam,Tinsukia,Inter-state,Food Supplies,Medium Goods Vehicle,2026-04-02T15:45:00Z
T00261,N0043,Manipur,Noney,N0072,Mizoram,Mamit,Inter-state,Food Supplies,Heavy Truck,2026-10-17T16:45:00Z
T00262,N0064,Mizoram,Hnahthial,N0085,Nagaland,Phek,Inter-state,Construction Material,Truck,2026-05-11T18:30:00Z
T00263,N0062,Mizoram,Hnahthial,N0006,Arunachal Pradesh,East Kameng,Inter-state,Medicine,Heavy Truck,2026-12-22T08:45:00Z
T00264,N0101,Sikkim,Namchi,N0080,Nagaland,Longleng,Inter-state,Food Supplies,Medium Goods Vehicle,2026-08-07T16:15:00Z
T00265,N0060,Meghalaya,East Garo Hills,N0090,Nagaland,Chumoukedima,Inter-state,Medicine,Heavy Truck,2026-05-21T00:45:00Z
T00266,N0025,Assam,Tinsukia,N0027,Assam,Tinsukia,Within-state,Medicine,Truck,2026-11-15T02:00:00Z
T00267,N0090,Nagaland,Chumoukedima,N0116,Tripura,Sepahijala,Inter-state,Food Supplies,Medium Goods Vehicle,2026-04-27T08:45:00Z
T00268,N0060,Meghalaya,East Garo Hills,N0096,Sikkim,Pakyong,Inter-state,Construction Material,Medium Goods Vehicle,2026-04-02T00:30:00Z
T00269,N0108,Tripura,Unakoti,N0086,Nagaland,Wokha,Inter-state,Agricultural Produce,Heavy Truck,2026-07-10T23:30:00Z
T00270,N0057,Meghalaya,South West Khasi Hills,N0110,Tripura,Dhalai,Inter-state,Food Supplies,Heavy Truck,2026-11-16T05:15:00Z
T00271,N0105,Sikkim,Mangan,N0087,Nagaland,Kohima,Inter-state,Medicine,Heavy Truck,2026-04-25T06:15:00Z
T00272,N0117,Tripura,Dhalai,N0068,Mizoram,Aizawl,Inter-state,Construction Material,Heavy Truck,2026-12-23T09:00:00Z
T00273,N0008,Arunachal Pradesh,Tawang,N0094,Sikkim,Gangtok,Inter-state,Construction Material,Heavy Truck,2026-01-24T10:45:00Z
T00274,N0087,Nagaland,Kohima,N0018,Assam,Darrang,Inter-state,Medicine,Medium Goods Vehicle,2026-02-09T00:15:00Z
T00275,N0016,Assam,Darrang,N0063,Mizoram,Serchhip,Inter-state,Agricultural Produce,Medium Goods Vehicle,2026-07-17T06:30:00Z
T00276,N0018,Assam,Darrang,N0072,Mizoram,Mamit,Inter-state,Food Supplies,Heavy Truck,2026-11-19T08:00:00Z
T00277,N0088,Nagaland,Longleng,N0036,Manipur,Ukhrul,Inter-state,Agricultural Produce,Heavy Truck,2026-05-16T19:00:00Z
T00278,N0010,Arunachal Pradesh,East Kameng,N0105,Sikkim,Mangan,Inter-state,Essential Goods,Medium Goods Vehicle,2026-10-08T07:45:00Z
T00279,N0035,Manipur,Ukhrul,N0049,Meghalaya,North Garo Hills,Inter-state,Essential Goods,Heavy Truck,2026-01-27T10:30:00Z
T00280,N0038,Manipur,Ukhrul,N0034,Manipur,Ukhrul,Within-state,Medicine,Heavy Truck,2026-05-23T18:00:00Z
T00281,N0035,Manipur,Ukhrul,N0039,Manipur,Thoubal,Within-state,Agricultural Produce,Medium Goods Vehicle,2026-01-18T16:45:00Z
T00282,N0076,Nagaland,Kohima,N0102,Sikkim,Gyalshing,Inter-state,Essential Goods,Medium Goods Vehicle,2026-08-01T14:30:00Z
T00283,N0085,Nagaland,Phek,N0064,Mizoram,Hnahthial,Inter-state,Essential Goods,Medium Goods Vehicle,2026-05-07T15:30:00Z
T00284,N0093,Sikkim,Gangtok,N0118,Tripura,Dhalai,Inter-state,Food Supplies,Truck,2026-08-17T19:15:00Z
T00285,N0011,Arunachal Pradesh,Namsai,N0116,Tripura,Sepahijala,Inter-state,Construction Material,Heavy Truck,2026-10-18T22:00:00Z
T00286,N0064,Mizoram,Hnahthial,N0029,Assam,Barpeta,Inter-state,Food Supplies,Truck,2026-11-03T22:15:00Z
T00287,N0041,Manipur,Imphal East,N0071,Mizoram,Champhai,Inter-state,Essential Goods,Truck,2026-03-17T21:00:00Z
T00288,N0026,Assam,Kamrup,N0092,Sikkim,Namchi,Inter-state,Medicine,Truck,2026-03-10T05:30:00Z
T00289,N0002,Arunachal Pradesh,Lower Subansiri,N0007,Arunachal Pradesh,West Kameng,Within-state,Essential Goods,Truck,2026-05-07T02:00:00Z
T00290,N0018,Assam,Darrang,N0115,Tripura,West Tripura,Inter-state,Food Supplies,Heavy Truck,2026-01-11T16:30:00Z
T00291,N0051,Meghalaya,East Garo Hills,N0115,Tripura,West Tripura,Inter-state,Agricultural Produce,Truck,2026-12-17T08:15:00Z
T00292,N0060,Meghalaya,East Garo Hills,N0017,Assam,Dhubri,Inter-state,Construction Material,Truck,2026-06-11T11:30:00Z
T00293,N0033,Manipur,Jiribam,N0102,Sikkim,Gyalshing,Inter-state,Agricultural Produce,Medium Goods Vehicle,2026-08-14T00:45:00Z
T00294,N0018,Assam,Darrang,N0020,Assam,Dhubri,Within-state,Essential Goods,Heavy Truck,2026-07-26T06:30:00Z
T00295,N0084,Nagaland,Chumoukedima,N0010,Arunachal Pradesh,East Kameng,Inter-state,Construction Material,Medium Goods Vehicle,2026-08-19T13:45:00Z
T00296,N0018,Assam,Darrang,N0067,Mizoram,Hnahthial,Inter-state,Agricultural Produce,Truck,2026-01-16T20:15:00Z
T00297,N0063,Mizoram,Serchhip,N0069,Mizoram,Mamit,Within-state,Medicine,Medium Goods Vehicle,2026-08-21T22:00:00Z
T00298,N0038,Manipur,Ukhrul,N0031,Manipur,Noney,Within-state,Medicine,Truck,2026-08-25T11:30:00Z
T00299,N0011,Arunachal Pradesh,Namsai,N0059,Meghalaya,West Khasi Hills,Inter-state,Agricultural Produce,Truck,2026-11-25T18:30:00Z
T00300,N0074,Mizoram,Lunglei,N0098,Sikkim,Namchi,Inter-state,Essential Goods,Medium Goods Vehicle,2026-02-28T13:30:00Z
T00301,N0110,Tripura,Dhalai,N0115,Tripura,West Tripura,Within-state,Essential Goods,Heavy Truck,2026-08-23T08:45:00Z
T00302,N0069,Mizoram,Mamit,N0081,Nagaland,Chumoukedima,Inter-state,Medicine,Medium Goods Vehicle,2026-03-02T12:15:00Z
T00303,N0046,Meghalaya,South Garo Hills,N0077,Nagaland,Zunheboto,Inter-state,Medicine,Heavy Truck,2026-08-13T21:30:00Z
T00304,N0090,Nagaland,Chumoukedima,N0003,Arunachal Pradesh,Tawang,Inter-state,Agricultural Produce,Truck,2026-05-04T08:15:00Z
T00305,N0104,Sikkim,Mangan,N0082,Nagaland,Mon,Inter-state,Food Supplies,Medium Goods Vehicle,2026-01-27T15:00:00Z
T00306,N0019,Assam,Dhemaji,N0082,Nagaland,Mon,Inter-state,Essential Goods,Medium Goods Vehicle,2026-06-06T04:00:00Z
T00307,N0067,Mizoram,Hnahthial,N0036,Manipur,Ukhrul,Inter-state,Food Supplies,Truck,2026-12-25T03:00:00Z
T00308,N0042,Manipur,Jiribam,N0026,Assam,Kamrup,Inter-state,Construction Material,Truck,2026-07-10T06:45:00Z
T00309,N0033,Manipur,Jiribam,N0034,Manipur,Ukhrul,Within-state,Food Supplies,Heavy Truck,2026-03-09T16:00:00Z
T00310,N0053,Meghalaya,South West Khasi Hills,N0020,Assam,Dhubri,Inter-state,Essential Goods,Medium Goods Vehicle,2026-07-16T22:15:00Z
T00311,N0100,Sikkim,Gyalshing,N0034,Manipur,Ukhrul,Inter-state,Agricultural Produce,Medium Goods Vehicle,2026-02-18T14:30:00Z
T00312,N0083,Nagaland,Dimapur,N0018,Assam,Darrang,Inter-state,Essential Goods,Truck,2026-12-04T22:00:00Z
T00313,N0051,Meghalaya,East Garo Hills,N0031,Manipur,Noney,Inter-state,Agricultural Produce,Medium Goods Vehicle,2026-01-07T22:45:00Z
T00314,N0063,Mizoram,Serchhip,N0073,Mizoram,Champhai,Within-state,Agricultural Produce,Medium Goods Vehicle,2026-01-05T21:45:00Z
T00315,N0093,Sikkim,Gangtok,N0091,Sikkim,Gangtok,Within-state,Medicine,Heavy Truck,2026-09-06T08:15:00Z
T00316,N0030,Assam,Dibrugarh,N0042,Manipur,Jiribam,Inter-state,Essential Goods,Heavy Truck,2026-09-09T17:15:00Z
T00317,N0078,Nagaland,Niuland,N0030,Assam,Dibrugarh,Inter-state,Essential Goods,Medium Goods Vehicle,2026-12-21T08:15:00Z
T00318,N0088,Nagaland,Longleng,N0114,Tripura,Sepahijala,Inter-state,Food Supplies,Heavy Truck,2026-10-19T16:00:00Z
T00319,N0022,Assam,Barpeta,N0080,Nagaland,Longleng,Inter-state,Construction Material,Heavy Truck,2026-08-11T11:00:00Z
T00320,N0092,Sikkim,Namchi,N0107,Tripura,West Tripura,Inter-state,Construction Material,Medium Goods Vehicle,2026-03-10T20:15:00Z
T00321,N0036,Manipur,Ukhrul,N0003,Arunachal Pradesh,Tawang,Inter-state,Food Supplies,Heavy Truck,2026-07-19T09:00:00Z
T00322,N0087,Nagaland,Kohima,N0099,Sikkim,Mangan,Inter-state,Food Supplies,Heavy Truck,2026-12-21T06:30:00Z
T00323,N0085,Nagaland,Phek,N0112,Tripura,Unakoti,Inter-state,Construction Material,Heavy Truck,2026-07-08T11:45:00Z
T00324,N0042,Manipur,Jiribam,N0024,Assam,Nagaon,Inter-state,Construction Material,Truck,2026-05-19T12:45:00Z
T00325,N0089,Nagaland,Longleng,N0071,Mizoram,Champhai,Inter-state,Construction Material,Heavy Truck,2026-04-01T06:00:00Z
T00326,N0059,Meghalaya,West Khasi Hills,N0084,Nagaland,Chumoukedima,Inter-state,Essential Goods,Heavy Truck,2026-08-21T19:00:00Z
T00327,N0054,Meghalaya,Ri-Bhoi,N0052,Meghalaya,East Garo Hills,Within-state,Construction Material,Truck,2026-02-03T05:15:00Z
T00328,N0004,Arunachal Pradesh,Upper Subansiri,N0021,Assam,Golaghat,Inter-state,Food Supplies,Heavy Truck,2026-12-01T17:45:00Z
T00329,N0100,Sikkim,Gyalshing,N0096,Sikkim,Pakyong,Within-state,Medicine,Heavy Truck,2026-06-07T00:00:00Z
T00330,N0069,Mizoram,Mamit,N0093,Sikkim,Gangtok,Inter-state,Agricultural Produce,Heavy Truck,2026-03-01T01:00:00Z
T00331,N0043,Manipur,Noney,N0009,Arunachal Pradesh,Namsai,Inter-state,Construction Material,Truck,2026-04-06T09:00:00Z
T00332,N0070,Mizoram,Hnahthial,N0023,Assam,Kamrup Metropolitan,Inter-state,Food Supplies,Heavy Truck,2026-02-05T10:45:00Z
T00333,N0075,Mizoram,Serchhip,N0004,Arunachal Pradesh,Upper Subansiri,Inter-state,Essential Goods,Truck,2026-07-28T21:00:00Z
T00334,N0073,Mizoram,Champhai,N0104,Sikkim,Mangan,Inter-state,Agricultural Produce,Medium Goods Vehicle,2026-09-09T22:15:00Z
T00335,N0068,Mizoram,Aizawl,N0066,Mizoram,Aizawl,Within-state,Essential Goods,Medium Goods Vehicle,2026-10-24T21:45:00Z
T00336,N0095,Sikkim,Gyalshing,N0077,Nagaland,Zunheboto,Inter-state,Food Supplies,Truck,2026-10-17T09:45:00Z
T00337,N0120,Tripura,Sepahijala,N0002,Arunachal Pradesh,Lower Subansiri,Inter-state,Essential Goods,Medium Goods Vehicle,2026-08-18T19:15:00Z
T00338,N0095,Sikkim,Gyalshing,N0088,Nagaland,Longleng,Inter-state,Construction Material,Heavy Truck,2026-04-17T11:45:00Z
T00339,N0117,Tripura,Dhalai,N0112,Tripura,Unakoti,Within-state,Agricultural Produce,Medium Goods Vehicle,2026-11-07T23:15:00Z
T00340,N0119,Tripura,West Tripura,N0085,Nagaland,Phek,Inter-state,Medicine,Medium Goods Vehicle,2026-02-18T20:00:00Z
T00341,N0113,Tripura,Unakoti,N0008,Arunachal Pradesh,Tawang,Inter-state,Medicine,Heavy Truck,2026-12-23T02:15:00Z
T00342,N0049,Meghalaya,North Garo Hills,N0036,Manipur,Ukhrul,Inter-state,Medicine,Heavy Truck,2026-04-18T08:00:00Z
T00343,N0059,Meghalaya,West Khasi Hills,N0115,Tripura,West Tripura,Inter-state,Essential Goods,Truck,2026-06-26T03:00:00Z
T00344,N0014,Arunachal Pradesh,Longding,N0099,Sikkim,Mangan,Inter-state,Essential Goods,Truck,2026-05-10T22:00:00Z
T00345,N0074,Mizoram,Lunglei,N0038,Manipur,Ukhrul,Inter-state,Food Supplies,Medium Goods Vehicle,2026-01-03T02:15:00Z
T00346,N0047,Meghalaya,Eastern West Khasi Hills,N0096,Sikkim,Pakyong,Inter-state,Agricultural Produce,Truck,2026-05-14T09:45:00Z
T00347,N0021,Assam,Golaghat,N0025,Assam,Tinsukia,Within-state,Construction Material,Truck,2026-11-03T00:15:00Z
T00348,N0090,Nagaland,Chumoukedima,N0098,Sikkim,Namchi,Inter-state,Food Supplies,Medium Goods Vehicle,2026-11-22T20:00:00Z
T00349,N0048,Meghalaya,West Garo Hills,N0099,Sikkim,Mangan,Inter-state,Construction Material,Heavy Truck,2026-09-23T14:45:00Z
T00350,N0011,Arunachal Pradesh,Namsai,N0109,Tripura,South Tripura,Inter-state,Construction Material,Heavy Truck,2026-07-14T08:15:00Z
T00351,N0105,Sikkim,Mangan,N0035,Manipur,Ukhrul,Inter-state,Food Supplies,Truck,2026-06-25T04:45:00Z
T00352,N0100,Sikkim,Gyalshing,N0065,Mizoram,Saitual,Inter-state,Medicine,Truck,2026-07-03T08:00:00Z
T00353,N0078,Nagaland,Niuland,N0046,Meghalaya,South Garo Hills,Inter-state,Food Supplies,Truck,2026-12-13T15:00:00Z
T00354,N0067,Mizoram,Hnahthial,N0038,Manipur,Ukhrul,Inter-state,Food Supplies,Truck,2026-04-14T10:15:00Z
T00355,N0093,Sikkim,Gangtok,N0033,Manipur,Jiribam,Inter-state,Agricultural Produce,Medium Goods Vehicle,2026-02-19T00:15:00Z
T00356,N0007,Arunachal Pradesh,West Kameng,N0094,Sikkim,Gangtok,Inter-state,Food Supplies,Heavy Truck,2026-04-04T01:45:00Z
T00357,N0114,Tripura,Sepahijala,N0035,Manipur,Ukhrul,Inter-state,Construction Material,Heavy Truck,2026-06-13T08:30:00Z
T00358,N0014,Arunachal Pradesh,Longding,N0020,Assam,Dhubri,Inter-state,Medicine,Truck,2026-01-20T09:45:00Z
T00359,N0041,Manipur,Imphal East,N0024,Assam,Nagaon,Inter-state,Essential Goods,Heavy Truck,2026-07-02T22:30:00Z
T00360,N0067,Mizoram,Hnahthial,N0034,Manipur,Ukhrul,Inter-state,Medicine,Heavy Truck,2026-12-04T04:45:00Z
T00361,N0014,Arunachal Pradesh,Longding,N0073,Mizoram,Champhai,Inter-state,Construction Material,Heavy Truck,2026-06-19T15:15:00Z
T00362,N0054,Meghalaya,Ri-Bhoi,N0005,Arunachal Pradesh,Upper Subansiri,Inter-state,Food Supplies,Heavy Truck,2026-01-05T19:00:00Z
T00363,N0021,Assam,Golaghat,N0015,Arunachal Pradesh,Tirap,Inter-state,Essential Goods,Truck,2026-02-04T11:15:00Z
T00364,N0043,Manipur,Noney,N0016,Assam,Darrang,Inter-state,Agricultural Produce,Truck,2026-12-20T01:45:00Z
T00365,N0027,Assam,Tinsukia,N0044,Manipur,Ukhrul,Inter-state,Essential Goods,Heavy Truck,2026-07-06T15:00:00Z
T00366,N0008,Arunachal Pradesh,Tawang,N0018,Assam,Darrang,Inter-state,Construction Material,Medium Goods Vehicle,2026-02-20T12:00:00Z
T00367,N0114,Tripura,Sepahijala,N0089,Nagaland,Longleng,Inter-state,Food Supplies,Medium Goods Vehicle,2026-05-19T04:30:00Z
T00368,N0058,Meghalaya,East Khasi Hills,N0054,Meghalaya,Ri-Bhoi,Within-state,Agricultural Produce,Truck,2026-01-16T19:30:00Z
T00369,N0119,Tripura,West Tripura,N0006,Arunachal Pradesh,East Kameng,Inter-state,Construction Material,Heavy Truck,2026-12-07T15:45:00Z
T00370,N0106,Tripura,West Tripura,N0101,Sikkim,Namchi,Inter-state,Essential Goods,Truck,2026-08-24T20:00:00Z
T00371,N0045,Manipur,Senapati,N0089,Nagaland,Longleng,Inter-state,Agricultural Produce,Heavy Truck,2026-01-27T16:00:00Z
T00372,N0100,Sikkim,Gyalshing,N0027,Assam,Tinsukia,Inter-state,Essential Goods,Medium Goods Vehicle,2026-05-02T04:45:00Z
T00373,N0053,Meghalaya,South West Khasi Hills,N0032,Manipur,Ukhrul,Inter-state,Food Supplies,Truck,2026-04-28T09:15:00Z
T00374,N0074,Mizoram,Lunglei,N0109,Tripura,South Tripura,Inter-state,Agricultural Produce,Heavy Truck,2026-03-24T15:30:00Z
T00375,N0056,Meghalaya,East Garo Hills,N0040,Manipur,Noney,Inter-state,Construction Material,Truck,2026-09-18T17:30:00Z
T00376,N0105,Sikkim,Mangan,N0077,Nagaland,Zunheboto,Inter-state,Construction Material,Heavy Truck,2026-02-19T16:45:00Z
T00377,N0107,Tripura,West Tripura,N0108,Tripura,Unakoti,Within-state,Essential Goods,Heavy Truck,2026-10-18T15:00:00Z
T00378,N0104,Sikkim,Mangan,N0020,Assam,Dhubri,Inter-state,Essential Goods,Truck,2026-11-06T23:45:00Z
T00379,N0102,Sikkim,Gyalshing,N0096,Sikkim,Pakyong,Within-state,Food Supplies,Heavy Truck,2026-08-28T04:15:00Z
T00380,N0098,Sikkim,Namchi,N0115,Tripura,West Tripura,Inter-state,Food Supplies,Truck,2026-12-11T19:00:00Z
T00381,N0085,Nagaland,Phek,N0013,Arunachal Pradesh,Upper Subansiri,Inter-state,Essential Goods,Truck,2026-03-20T19:00:00Z
T00382,N0102,Sikkim,Gyalshing,N0083,Nagaland,Dimapur,Inter-state,Construction Material,Truck,2026-09-02T12:00:00Z
T00383,N0072,Mizoram,Mamit,N0035,Manipur,Ukhrul,Inter-state,Construction Material,Heavy Truck,2026-05-13T03:45:00Z
T00384,N0016,Assam,Darrang,N0038,Manipur,Ukhrul,Inter-state,Food Supplies,Medium Goods Vehicle,2026-12-27T12:30:00Z
T00385,N0079,Nagaland,Peren,N0106,Tripura,West Tripura,Inter-state,Construction Material,Heavy Truck,2026-06-22T02:00:00Z
T00386,N0042,Manipur,Jiribam,N0056,Meghalaya,East Garo Hills,Inter-state,Food Supplies,Heavy Truck,2026-02-14T23:45:00Z
T00387,N0061,Mizoram,Saitual,N0035,Manipur,Ukhrul,Inter-state,Food Supplies,Medium Goods Vehicle,2026-02-26T17:45:00Z
T00388,N0059,Meghalaya,West Khasi Hills,N0119,Tripura,West Tripura,Inter-state,Medicine,Heavy Truck,2026-05-09T05:15:00Z
T00389,N0021,Assam,Golaghat,N0067,Mizoram,Hnahthial,Inter-state,Agricultural Produce,Heavy Truck,2026-10-22T21:30:00Z
T00390,N0062,Mizoram,Hnahthial,N0041,Manipur,Imphal East,Inter-state,Essential Goods,Heavy Truck,2026-10-02T07:15:00Z
T00391,N0041,Manipur,Imphal East,N0043,Manipur,Noney,Within-state,Essential Goods,Heavy Truck,2026-05-07T23:15:00Z
T00392,N0028,Assam,Lakhimpur,N0073,Mizoram,Champhai,Inter-state,Essential Goods,Truck,2026-03-19T14:45:00Z
T00393,N0045,Manipur,Senapati,N0035,Manipur,Ukhrul,Within-state,Agricultural Produce,Truck,2026-09-21T11:15:00Z
T00394,N0051,Meghalaya,East Garo Hills,N0066,Mizoram,Aizawl,Inter-state,Medicine,Medium Goods Vehicle,2026-02-26T11:30:00Z
T00395,N0001,Arunachal Pradesh,Tawang,N0109,Tripura,South Tripura,Inter-state,Construction Material,Truck,2026-08-02T17:00:00Z
T00396,N0022,Assam,Barpeta,N0096,Sikkim,Pakyong,Inter-state,Food Supplies,Truck,2026-05-09T19:15:00Z
T00397,N0112,Tripura,Unakoti,N0103,Sikkim,Namchi,Inter-state,Food Supplies,Heavy Truck,2026-07-15T00:30:00Z
T00398,N0044,Manipur,Ukhrul,N0052,Meghalaya,East Garo Hills,Inter-state,Essential Goods,Truck,2026-03-20T06:15:00Z
T00399,N0077,Nagaland,Zunheboto,N0080,Nagaland,Longleng,Within-state,Essential Goods,Medium Goods Vehicle,2026-04-15T15:30:00Z
T00400,N0108,Tripura,Unakoti,N0082,Nagaland,Mon,Inter-state,Essential Goods,Heavy Truck,2026-02-20T17:30:00Z
T00401,N0077,Nagaland,Zunheboto,N0097,Sikkim,Mangan,Inter-state,Medicine,Heavy Truck,2026-06-15T09:45:00Z
T00402,N0074,Mizoram,Lunglei,N0100,Sikkim,Gyalshing,Inter-state,Food Supplies,Heavy Truck,2026-05-22T11:45:00Z
T00403,N0084,Nagaland,Chumoukedima,N0002,Arunachal Pradesh,Lower Subansiri,Inter-state,Essential Goods,Medium Goods Vehicle,2026-02-12T07:15:00Z
T00404,N0052,Meghalaya,East Garo Hills,N0091,Sikkim,Gangtok,Inter-state,Medicine,Heavy Truck,2026-04-20T23:30:00Z
T00405,N0108,Tripura,Unakoti,N0093,Sikkim,Gangtok,Inter-state,Agricultural Produce,Medium Goods Vehicle,2026-08-23T03:30:00Z
T00406,N0117,Tripura,Dhalai,N0068,Mizoram,Aizawl,Inter-state,Essential Goods,Heavy Truck,2026-09-04T21:45:00Z
T00407,N0083,Nagaland,Dimapur,N0006,Arunachal Pradesh,East Kameng,Inter-state,Medicine,Heavy Truck,2026-01-05T13:30:00Z
T00408,N0021,Assam,Golaghat,N0063,Mizoram,Serchhip,Inter-state,Medicine,Medium Goods Vehicle,2026-03-06T12:15:00Z
T00409,N0010,Arunachal Pradesh,East Kameng,N0050,Meghalaya,East Khasi Hills,Inter-state,Medicine,Heavy Truck,2026-04-16T10:15:00Z
T00410,N0112,Tripura,Unakoti,N0093,Sikkim,Gangtok,Inter-state,Agricultural Produce,Truck,2026-08-09T10:45:00Z
T00411,N0085,Nagaland,Phek,N0097,Sikkim,Mangan,Inter-state,Agricultural Produce,Heavy Truck,2026-01-27T00:15:00Z
T00412,N0057,Meghalaya,South West Khasi Hills,N0005,Arunachal Pradesh,Upper Subansiri,Inter-state,Essential Goods,Medium Goods Vehicle,2026-12-16T00:15:00Z
T00413,N0006,Arunachal Pradesh,East Kameng,N0084,Nagaland,Chumoukedima,Inter-state,Essential Goods,Medium Goods Vehicle,2026-12-19T18:30:00Z
T00414,N0106,Tripura,West Tripura,N0095,Sikkim,Gyalshing,Inter-state,Food Supplies,Medium Goods Vehicle,2026-05-20T06:30:00Z
T00415,N0046,Meghalaya,South Garo Hills,N0032,Manipur,Ukhrul,Inter-state,Construction Material,Heavy Truck,2026-03-12T21:15:00Z
T00416,N0044,Manipur,Ukhrul,N0019,Assam,Dhemaji,Inter-state,Agricultural Produce,Heavy Truck,2026-01-06T00:00:00Z
T00417,N0038,Manipur,Ukhrul,N0057,Meghalaya,South West Khasi Hills,Inter-state,Food Supplies,Medium Goods Vehicle,2026-03-16T23:00:00Z
T00418,N0087,Nagaland,Kohima,N0029,Assam,Barpeta,Inter-state,Essential Goods,Truck,2026-01-28T05:00:00Z
T00419,N0102,Sikkim,Gyalshing,N0056,Meghalaya,East Garo Hills,Inter-state,Food Supplies,Heavy Truck,2026-09-04T12:45:00Z
T00420,N0099,Sikkim,Mangan,N0022,Assam,Barpeta,Inter-state,Food Supplies,Truck,2026-04-02T08:00:00Z
T00421,N0002,Arunachal Pradesh,Lower Subansiri,N0060,Meghalaya,East Garo Hills,Inter-state,Food Supplies,Truck,2026-01-23T07:00:00Z
T00422,N0102,Sikkim,Gyalshing,N0067,Mizoram,Hnahthial,Inter-state,Food Supplies,Medium Goods Vehicle,2026-12-19T01:00:00Z
T00423,N0031,Manipur,Noney,N0039,Manipur,Thoubal,Within-state,Food Supplies,Heavy Truck,2026-03-10T08:45:00Z
T00424,N0081,Nagaland,Chumoukedima,N0012,Arunachal Pradesh,West Siang,Inter-state,Agricultural Produce,Medium Goods Vehicle,2026-01-10T02:00:00Z
T00425,N0082,Nagaland,Mon,N0008,Arunachal Pradesh,Tawang,Inter-state,Essential Goods,Medium Goods Vehicle,2026-11-27T12:15:00Z
T00426,N0101,Sikkim,Namchi,N0094,Sikkim,Gangtok,Within-state,Essential Goods,Truck,2026-04-17T02:15:00Z
T00427,N0018,Assam,Darrang,N0048,Meghalaya,West Garo Hills,Inter-state,Medicine,Truck,2026-10-04T13:45:00Z
T00428,N0065,Mizoram,Saitual,N0071,Mizoram,Champhai,Within-state,Agricultural Produce,Heavy Truck,2026-11-15T00:00:00Z
T00429,N0096,Sikkim,Pakyong,N0092,Sikkim,Namchi,Within-state,Agricultural Produce,Truck,2026-11-16T15:45:00Z
T00430,N0104,Sikkim,Mangan,N0107,Tripura,West Tripura,Inter-state,Construction Material,Heavy Truck,2026-03-20T00:30:00Z
T00431,N0035,Manipur,Ukhrul,N0067,Mizoram,Hnahthial,Inter-state,Medicine,Truck,2026-04-03T00:00:00Z
T00432,N0051,Meghalaya,East Garo Hills,N0021,Assam,Golaghat,Inter-state,Food Supplies,Truck,2026-07-16T11:45:00Z
T00433,N0087,Nagaland,Kohima,N0098,Sikkim,Namchi,Inter-state,Medicine,Medium Goods Vehicle,2026-05-03T15:30:00Z
T00434,N0023,Assam,Kamrup Metropolitan,N0032,Manipur,Ukhrul,Inter-state,Medicine,Medium Goods Vehicle,2026-08-04T05:00:00Z
T00435,N0006,Arunachal Pradesh,East Kameng,N0029,Assam,Barpeta,Inter-state,Construction Material,Medium Goods Vehicle,2026-12-18T17:00:00Z
T00436,N0023,Assam,Kamrup Metropolitan,N0101,Sikkim,Namchi,Inter-state,Construction Material,Truck,2026-10-03T13:45:00Z
T00437,N0023,Assam,Kamrup Metropolitan,N0075,Mizoram,Serchhip,Inter-state,Essential Goods,Heavy Truck,2026-04-03T09:30:00Z
T00438,N0108,Tripura,Unakoti,N0006,Arunachal Pradesh,East Kameng,Inter-state,Food Supplies,Truck,2026-11-23T14:00:00Z
T00439,N0037,Manipur,Tamenglong,N0073,Mizoram,Champhai,Inter-state,Agricultural Produce,Truck,2026-08-18T03:30:00Z
T00440,N0021,Assam,Golaghat,N0075,Mizoram,Serchhip,Inter-state,Medicine,Heavy Truck,2026-10-08T19:45:00Z
T00441,N0033,Manipur,Jiribam,N0112,Tripura,Unakoti,Inter-state,Food Supplies,Heavy Truck,2026-06-04T20:45:00Z
T00442,N0074,Mizoram,Lunglei,N0086,Nagaland,Wokha,Inter-state,Construction Material,Truck,2026-10-06T05:30:00Z
T00443,N0015,Arunachal Pradesh,Tirap,N0083,Nagaland,Dimapur,Inter-state,Food Supplies,Truck,2026-07-07T08:15:00Z
T00444,N0040,Manipur,Noney,N0103,Sikkim,Namchi,Inter-state,Medicine,Medium Goods Vehicle,2026-07-09T16:45:00Z
T00445,N0037,Manipur,Tamenglong,N0111,Tripura,Dhalai,Inter-state,Agricultural Produce,Medium Goods Vehicle,2026-04-05T17:00:00Z
T00446,N0036,Manipur,Ukhrul,N0040,Manipur,Noney,Within-state,Agricultural Produce,Medium Goods Vehicle,2026-06-06T22:00:00Z
T00447,N0089,Nagaland,Longleng,N0056,Meghalaya,East Garo Hills,Inter-state,Medicine,Medium Goods Vehicle,2026-01-27T12:45:00Z
T00448,N0108,Tripura,Unakoti,N0012,Arunachal Pradesh,West Siang,Inter-state,Construction Material,Heavy Truck,2026-05-08T21:30:00Z
T00449,N0104,Sikkim,Mangan,N0103,Sikkim,Namchi,Within-state,Food Supplies,Heavy Truck,2026-03-27T23:00:00Z
T00450,N0075,Mizoram,Serchhip,N0054,Meghalaya,Ri-Bhoi,Inter-state,Agricultural Produce,Medium Goods Vehicle,2026-12-27T06:15:00Z
T00451,N0019,Assam,Dhemaji,N0002,Arunachal Pradesh,Lower Subansiri,Inter-state,Agricultural Produce,Heavy Truck,2026-06-10T15:30:00Z
T00452,N0020,Assam,Dhubri,N0035,Manipur,Ukhrul,Inter-state,Construction Material,Truck,2026-06-23T04:15:00Z
T00453,N0090,Nagaland,Chumoukedima,N0075,Mizoram,Serchhip,Inter-state,Essential Goods,Heavy Truck,2026-07-03T10:15:00Z
T00454,N0021,Assam,Golaghat,N0092,Sikkim,Namchi,Inter-state,Medicine,Heavy Truck,2026-11-13T19:15:00Z
T00455,N0114,Tripura,Sepahijala,N0023,Assam,Kamrup Metropolitan,Inter-state,Construction Material,Truck,2026-03-20T13:15:00Z
T00456,N0031,Manipur,Noney,N0037,Manipur,Tamenglong,Within-state,Construction Material,Heavy Truck,2026-03-25T19:00:00Z
T00457,N0109,Tripura,South Tripura,N0085,Nagaland,Phek,Inter-state,Essential Goods,Heavy Truck,2026-06-07T08:30:00Z
T00458,N0118,Tripura,Dhalai,N0023,Assam,Kamrup Metropolitan,Inter-state,Food Supplies,Truck,2026-09-02T17:45:00Z
T00459,N0051,Meghalaya,East Garo Hills,N0015,Arunachal Pradesh,Tirap,Inter-state,Food Supplies,Heavy Truck,2026-03-02T14:15:00Z
T00460,N0032,Manipur,Ukhrul,N0081,Nagaland,Chumoukedima,Inter-state,Construction Material,Medium Goods Vehicle,2026-01-18T14:30:00Z
T00461,N0106,Tripura,West Tripura,N0021,Assam,Golaghat,Inter-state,Essential Goods,Heavy Truck,2026-02-24T00:45:00Z
T00462,N0015,Arunachal Pradesh,Tirap,N0029,Assam,Barpeta,Inter-state,Agricultural Produce,Truck,2026-03-19T01:45:00Z
T00463,N0091,Sikkim,Gangtok,N0110,Tripura,Dhalai,Inter-state,Agricultural Produce,Medium Goods Vehicle,2026-12-11T04:45:00Z
T00464,N0053,Meghalaya,South West Khasi Hills,N0010,Arunachal Pradesh,East Kameng,Inter-state,Essential Goods,Truck,2026-06-18T02:00:00Z
T00465,N0094,Sikkim,Gangtok,N0001,Arunachal Pradesh,Tawang,Inter-state,Agricultural Produce,Heavy Truck,2026-08-05T20:45:00Z
T00466,N0113,Tripura,Unakoti,N0096,Sikkim,Pakyong,Inter-state,Agricultural Produce,Medium Goods Vehicle,2026-05-16T15:45:00Z
T00467,N0090,Nagaland,Chumoukedima,N0004,Arunachal Pradesh,Upper Subansiri,Inter-state,Essential Goods,Medium Goods Vehicle,2026-11-20T16:45:00Z
T00468,N0044,Manipur,Ukhrul,N0015,Arunachal Pradesh,Tirap,Inter-state,Essential Goods,Heavy Truck,2026-04-20T08:00:00Z
T00469,N0039,Manipur,Thoubal,N0042,Manipur,Jiribam,Within-state,Agricultural Produce,Truck,2026-09-16T01:00:00Z
T00470,N0115,Tripura,West Tripura,N0073,Mizoram,Champhai,Inter-state,Essential Goods,Heavy Truck,2026-01-05T10:45:00Z
T00471,N0084,Nagaland,Chumoukedima,N0063,Mizoram,Serchhip,Inter-state,Agricultural Produce,Truck,2026-11-06T15:15:00Z
T00472,N0003,Arunachal Pradesh,Tawang,N0019,Assam,Dhemaji,Inter-state,Agricultural Produce,Heavy Truck,2026-10-21T13:30:00Z
T00473,N0113,Tripura,Unakoti,N0030,Assam,Dibrugarh,Inter-state,Food Supplies,Medium Goods Vehicle,2026-05-21T14:15:00Z
T00474,N0008,Arunachal Pradesh,Tawang,N0039,Manipur,Thoubal,Inter-state,Food Supplies,Truck,2026-10-06T17:00:00Z
T00475,N0050,Meghalaya,East Khasi Hills,N0065,Mizoram,Saitual,Inter-state,Food Supplies,Heavy Truck,2026-11-14T09:45:00Z
T00476,N0053,Meghalaya,South West Khasi Hills,N0106,Tripura,West Tripura,Inter-state,Construction Material,Medium Goods Vehicle,2026-10-12T12:00:00Z
T00477,N0095,Sikkim,Gyalshing,N0031,Manipur,Noney,Inter-state,Construction Material,Heavy Truck,2026-07-15T02:15:00Z
T00478,N0028,Assam,Lakhimpur,N0055,Meghalaya,West Jaintia Hills,Inter-state,Medicine,Heavy Truck,2026-08-28T20:30:00Z
T00479,N0094,Sikkim,Gangtok,N0120,Tripura,Sepahijala,Inter-state,Essential Goods,Truck,2026-10-22T05:15:00Z
T00480,N0063,Mizoram,Serchhip,N0084,Nagaland,Chumoukedima,Inter-state,Construction Material,Heavy Truck,2026-06-21T06:45:00Z
T00481,N0117,Tripura,Dhalai,N0037,Manipur,Tamenglong,Inter-state,Essential Goods,Heavy Truck,2026-02-19T05:45:00Z
T00482,N0026,Assam,Kamrup,N0021,Assam,Golaghat,Within-state,Construction Material,Heavy Truck,2026-01-09T01:30:00Z
T00483,N0108,Tripura,Unakoti,N0007,Arunachal Pradesh,West Kameng,Inter-state,Medicine,Heavy Truck,2026-12-07T23:15:00Z
T00484,N0015,Arunachal Pradesh,Tirap,N0051,Meghalaya,East Garo Hills,Inter-state,Food Supplies,Truck,2026-02-14T22:30:00Z
T00485,N0072,Mizoram,Mamit,N0095,Sikkim,Gyalshing,Inter-state,Medicine,Medium Goods Vehicle,2026-12-28T18:00:00Z
T00486,N0022,Assam,Barpeta,N0071,Mizoram,Champhai,Inter-state,Food Supplies,Heavy Truck,2026-05-03T23:30:00Z
T00487,N0119,Tripura,West Tripura,N0003,Arunachal Pradesh,Tawang,Inter-state,Agricultural Produce,Truck,2026-04-15T17:00:00Z
T00488,N0108,Tripura,Unakoti,N0059,Meghalaya,West Khasi Hills,Inter-state,Agricultural Produce,Truck,2026-12-06T05:45:00Z
T00489,N0087,Nagaland,Kohima,N0041,Manipur,Imphal East,Inter-state,Agricultural Produce,Medium Goods Vehicle,2026-04-06T15:30:00Z
T00490,N0023,Assam,Kamrup Metropolitan,N0061,Mizoram,Saitual,Inter-state,Food Supplies,Truck,2026-06-21T17:45:00Z
T00491,N0036,Manipur,Ukhrul,N0035,Manipur,Ukhrul,Within-state,Essential Goods,Truck,2026-10-01T23:00:00Z
T00492,N0017,Assam,Dhubri,N0055,Meghalaya,West Jaintia Hills,Inter-state,Agricultural Produce,Truck,2026-07-25T12:15:00Z
T00493,N0110,Tripura,Dhalai,N0060,Meghalaya,East Garo Hills,Inter-state,Food Supplies,Truck,2026-12-17T05:15:00Z
T00494,N0090,Nagaland,Chumoukedima,N0113,Tripura,Unakoti,Inter-state,Medicine,Truck,2026-05-22T04:30:00Z
T00495,N0050,Meghalaya,East Khasi Hills,N0051,Meghalaya,East Garo Hills,Within-state,Food Supplies,Heavy Truck,2026-11-22T07:15:00Z
T00496,N0093,Sikkim,Gangtok,N0026,Assam,Kamrup,Inter-state,Essential Goods,Medium Goods Vehicle,2026-05-15T06:00:00Z
T00497,N0110,Tripura,Dhalai,N0053,Meghalaya,South West Khasi Hills,Inter-state,Essential Goods,Medium Goods Vehicle,2026-12-21T02:30:00Z
T00498,N0089,Nagaland,Longleng,N0059,Meghalaya,West Khasi Hills,Inter-state,Medicine,Medium Goods Vehicle,2026-11-05T01:15:00Z
T00499,N0039,Manipur,Thoubal,N0111,Tripura,Dhalai,Inter-state,Agricultural Produce,Truck,2026-01-16T12:30:00Z
T00500,N0089,Nagaland,Longleng,N0012,Arunachal Pradesh,West Siang,Inter-state,Essential Goods,Heavy Truck,2026-02-25T05:00:00Z
T00501,N0008,Arunachal Pradesh,Tawang,N0087,Nagaland,Kohima,Inter-state,Food Supplies,Heavy Truck,2026-04-27T20:15:00Z
T00502,N0057,Meghalaya,South West Khasi Hills,N0048,Meghalaya,West Garo Hills,Within-state,Medicine,Medium Goods Vehicle,2026-02-24T08:00:00Z
T00503,N0077,Nagaland,Zunheboto,N0111,Tripura,Dhalai,Inter-state,Agricultural Produce,Medium Goods Vehicle,2026-04-13T07:00:00Z
T00504,N0006,Arunachal Pradesh,East Kameng,N0022,Assam,Barpeta,Inter-state,Food Supplies,Medium Goods Vehicle,2026-04-17T18:15:00Z
T00505,N0040,Manipur,Noney,N0019,Assam,Dhemaji,Inter-state,Medicine,Heavy Truck,2026-06-16T12:45:00Z
T00506,N0029,Assam,Barpeta,N0034,Manipur,Ukhrul,Inter-state,Agricultural Produce,Truck,2026-06-11T10:45:00Z
T00507,N0106,Tripura,West Tripura,N0080,Nagaland,Longleng,Inter-state,Essential Goods,Heavy Truck,2026-02-19T02:30:00Z
T00508,N0104,Sikkim,Mangan,N0098,Sikkim,Namchi,Within-state,Essential Goods,Truck,2026-09-12T15:15:00Z
T00509,N0029,Assam,Barpeta,N0070,Mizoram,Hnahthial,Inter-state,Essential Goods,Truck,2026-07-08T16:00:00Z
T00510,N0042,Manipur,Jiribam,N0001,Arunachal Pradesh,Tawang,Inter-state,Medicine,Medium Goods Vehicle,2026-12-27T08:30:00Z
T00511,N0083,Nagaland,Dimapur,N0037,Manipur,Tamenglong,Inter-state,Construction Material,Medium Goods Vehicle,2026-01-09T08:00:00Z
T00512,N0105,Sikkim,Mangan,N0050,Meghalaya,East Khasi Hills,Inter-state,Medicine,Truck,2026-05-24T02:30:00Z
T00513,N0027,Assam,Tinsukia,N0075,Mizoram,Serchhip,Inter-state,Essential Goods,Medium Goods Vehicle,2026-01-22T11:45:00Z
T00514,N0011,Arunachal Pradesh,Namsai,N0083,Nagaland,Dimapur,Inter-state,Food Supplies,Truck,2026-12-23T20:15:00Z
T00515,N0005,Arunachal Pradesh,Upper Subansiri,N0052,Meghalaya,East Garo Hills,Inter-state,Essential Goods,Medium Goods Vehicle,2026-12-21T04:00:00Z
T00516,N0095,Sikkim,Gyalshing,N0057,Meghalaya,South West Khasi Hills,Inter-state,Construction Material,Heavy Truck,2026-09-03T08:15:00Z
T00517,N0043,Manipur,Noney,N0020,Assam,Dhubri,Inter-state,Essential Goods,Heavy Truck,2026-07-06T17:00:00Z
T00518,N0116,Tripura,Sepahijala,N0028,Assam,Lakhimpur,Inter-state,Essential Goods,Heavy Truck,2026-01-17T00:45:00Z
T00519,N0117,Tripura,Dhalai,N0090,Nagaland,Chumoukedima,Inter-state,Agricultural Produce,Truck,2026-01-11T03:45:00Z
T00520,N0070,Mizoram,Hnahthial,N0109,Tripura,South Tripura,Inter-state,Construction Material,Medium Goods Vehicle,2026-04-05T12:30:00Z
T00521,N0040,Manipur,Noney,N0031,Manipur,Noney,Within-state,Agricultural Produce,Medium Goods Vehicle,2026-02-10T14:15:00Z
T00522,N0116,Tripura,Sepahijala,N0109,Tripura,South Tripura,Within-state,Construction Material,Medium Goods Vehicle,2026-10-13T13:15:00Z
T00523,N0114,Tripura,Sepahijala,N0085,Nagaland,Phek,Inter-state,Medicine,Truck,2026-01-05T05:30:00Z
T00524,N0037,Manipur,Tamenglong,N0104,Sikkim,Mangan,Inter-state,Agricultural Produce,Truck,2026-10-02T09:45:00Z
T00525,N0111,Tripura,Dhalai,N0031,Manipur,Noney,Inter-state,Medicine,Medium Goods Vehicle,2026-10-22T02:45:00Z
T00526,N0063,Mizoram,Serchhip,N0028,Assam,Lakhimpur,Inter-state,Food Supplies,Heavy Truck,2026-04-04T02:45:00Z
T00527,N0117,Tripura,Dhalai,N0111,Tripura,Dhalai,Within-state,Construction Material,Heavy Truck,2026-06-16T10:00:00Z
T00528,N0012,Arunachal Pradesh,West Siang,N0022,Assam,Barpeta,Inter-state,Construction Material,Medium Goods Vehicle,2026-08-07T09:30:00Z
T00529,N0084,Nagaland,Chumoukedima,N0023,Assam,Kamrup Metropolitan,Inter-state,Essential Goods,Medium Goods Vehicle,2026-05-17T15:00:00Z
T00530,N0092,Sikkim,Namchi,N0111,Tripura,Dhalai,Inter-state,Essential Goods,Truck,2026-04-24T03:00:00Z
T00531,N0046,Meghalaya,South Garo Hills,N0051,Meghalaya,East Garo Hills,Within-state,Agricultural Produce,Medium Goods Vehicle,2026-12-11T05:45:00Z
T00532,N0025,Assam,Tinsukia,N0096,Sikkim,Pakyong,Inter-state,Food Supplies,Truck,2026-11-21T22:30:00Z
T00533,N0003,Arunachal Pradesh,Tawang,N0018,Assam,Darrang,Inter-state,Construction Material,Truck,2026-10-06T01:30:00Z
T00534,N0020,Assam,Dhubri,N0061,Mizoram,Saitual,Inter-state,Agricultural Produce,Truck,2026-08-10T11:30:00Z
T00535,N0011,Arunachal Pradesh,Namsai,N0028,Assam,Lakhimpur,Inter-state,Food Supplies,Medium Goods Vehicle,2026-09-06T18:15:00Z
T00536,N0019,Assam,Dhemaji,N0098,Sikkim,Namchi,Inter-state,Construction Material,Heavy Truck,2026-08-12T12:45:00Z
T00537,N0098,Sikkim,Namchi,N0114,Tripura,Sepahijala,Inter-state,Medicine,Medium Goods Vehicle,2026-10-07T03:30:00Z
T00538,N0056,Meghalaya,East Garo Hills,N0062,Mizoram,Hnahthial,Inter-state,Food Supplies,Truck,2026-11-13T14:30:00Z
T00539,N0006,Arunachal Pradesh,East Kameng,N0115,Tripura,West Tripura,Inter-state,Food Supplies,Heavy Truck,2026-08-26T14:30:00Z
T00540,N0015,Arunachal Pradesh,Tirap,N0085,Nagaland,Phek,Inter-state,Essential Goods,Medium Goods Vehicle,2026-11-07T05:15:00Z
T00541,N0029,Assam,Barpeta,N0096,Sikkim,Pakyong,Inter-state,Medicine,Heavy Truck,2026-05-05T16:30:00Z
T00542,N0028,Assam,Lakhimpur,N0064,Mizoram,Hnahthial,Inter-state,Food Supplies,Truck,2026-06-02T00:15:00Z
T00543,N0076,Nagaland,Kohima,N0028,Assam,Lakhimpur,Inter-state,Essential Goods,Medium Goods Vehicle,2026-01-01T17:45:00Z
T00544,N0055,Meghalaya,West Jaintia Hills,N0022,Assam,Barpeta,Inter-state,Food Supplies,Heavy Truck,2026-01-26T02:15:00Z
T00545,N0051,Meghalaya,East Garo Hills,N0072,Mizoram,Mamit,Inter-state,Construction Material,Heavy Truck,2026-08-17T23:30:00Z
T00546,N0066,Mizoram,Aizawl,N0038,Manipur,Ukhrul,Inter-state,Agricultural Produce,Medium Goods Vehicle,2026-07-18T00:45:00Z
T00547,N0071,Mizoram,Champhai,N0070,Mizoram,Hnahthial,Within-state,Agricultural Produce,Heavy Truck,2026-10-03T11:00:00Z
T00548,N0023,Assam,Kamrup Metropolitan,N0058,Meghalaya,East Khasi Hills,Inter-state,Food Supplies,Truck,2026-08-24T04:30:00Z
T00549,N0034,Manipur,Ukhrul,N0020,Assam,Dhubri,Inter-state,Agricultural Produce,Heavy Truck,2026-03-21T05:30:00Z
T00550,N0074,Mizoram,Lunglei,N0028,Assam,Lakhimpur,Inter-state,Agricultural Produce,Medium Goods Vehicle,2026-07-05T06:45:00Z
T00551,N0043,Manipur,Noney,N0105,Sikkim,Mangan,Inter-state,Medicine,Medium Goods Vehicle,2026-06-02T12:00:00Z
T00552,N0035,Manipur,Ukhrul,N0017,Assam,Dhubri,Inter-state,Food Supplies,Medium Goods Vehicle,2026-09-14T20:30:00Z
T00553,N0028,Assam,Lakhimpur,N0097,Sikkim,Mangan,Inter-state,Essential Goods,Truck,2026-01-24T05:30:00Z
T00554,N0006,Arunachal Pradesh,East Kameng,N0032,Manipur,Ukhrul,Inter-state,Food Supplies,Truck,2026-02-21T09:45:00Z
T00555,N0076,Nagaland,Kohima,N0105,Sikkim,Mangan,Inter-state,Medicine,Heavy Truck,2026-11-15T08:00:00Z
T00556,N0097,Sikkim,Mangan,N0115,Tripura,West Tripura,Inter-state,Medicine,Medium Goods Vehicle,2026-04-17T07:30:00Z
T00557,N0068,Mizoram,Aizawl,N0070,Mizoram,Hnahthial,Within-state,Essential Goods,Heavy Truck,2026-11-05T00:15:00Z
T00558,N0104,Sikkim,Mangan,N0023,Assam,Kamrup Metropolitan,Inter-state,Food Supplies,Medium Goods Vehicle,2026-12-18T14:45:00Z
T00559,N0105,Sikkim,Mangan,N0088,Nagaland,Longleng,Inter-state,Construction Material,Truck,2026-10-23T12:15:00Z
T00560,N0051,Meghalaya,East Garo Hills,N0088,Nagaland,Longleng,Inter-state,Food Supplies,Medium Goods Vehicle,2026-09-26T22:00:00Z
T00561,N0043,Manipur,Noney,N0066,Mizoram,Aizawl,Inter-state,Food Supplies,Medium Goods Vehicle,2026-04-12T11:00:00Z
T00562,N0054,Meghalaya,Ri-Bhoi,N0102,Sikkim,Gyalshing,Inter-state,Construction Material,Medium Goods Vehicle,2026-04-11T04:15:00Z
T00563,N0060,Meghalaya,East Garo Hills,N0075,Mizoram,Serchhip,Inter-state,Agricultural Produce,Medium Goods Vehicle,2026-09-16T20:00:00Z
T00564,N0086,Nagaland,Wokha,N0114,Tripura,Sepahijala,Inter-state,Agricultural Produce,Heavy Truck,2026-11-20T05:00:00Z
T00565,N0119,Tripura,West Tripura,N0050,Meghalaya,East Khasi Hills,Inter-state,Medicine,Heavy Truck,2026-12-09T17:45:00Z
T00566,N0081,Nagaland,Chumoukedima,N0108,Tripura,Unakoti,Inter-state,Medicine,Medium Goods Vehicle,2026-12-08T23:30:00Z
T00567,N0043,Manipur,Noney,N0099,Sikkim,Mangan,Inter-state,Essential Goods,Heavy Truck,2026-10-04T16:00:00Z
T00568,N0080,Nagaland,Longleng,N0104,Sikkim,Mangan,Inter-state,Essential Goods,Heavy Truck,2026-02-22T04:30:00Z
T00569,N0094,Sikkim,Gangtok,N0033,Manipur,Jiribam,Inter-state,Essential Goods,Truck,2026-09-03T18:45:00Z
T00570,N0048,Meghalaya,West Garo Hills,N0074,Mizoram,Lunglei,Inter-state,Essential Goods,Heavy Truck,2026-09-17T11:45:00Z
T00571,N0079,Nagaland,Peren,N0071,Mizoram,Champhai,Inter-state,Agricultural Produce,Truck,2026-09-04T05:45:00Z
T00572,N0029,Assam,Barpeta,N0108,Tripura,Unakoti,Inter-state,Medicine,Medium Goods Vehicle,2026-05-19T18:30:00Z
T00573,N0055,Meghalaya,West Jaintia Hills,N0024,Assam,Nagaon,Inter-state,Construction Material,Truck,2026-12-19T05:00:00Z
T00574,N0044,Manipur,Ukhrul,N0054,Meghalaya,Ri-Bhoi,Inter-state,Medicine,Medium Goods Vehicle,2026-12-05T14:15:00Z
T00575,N0081,Nagaland,Chumoukedima,N0062,Mizoram,Hnahthial,Inter-state,Food Supplies,Medium Goods Vehicle,2026-06-09T23:30:00Z
T00576,N0072,Mizoram,Mamit,N0084,Nagaland,Chumoukedima,Inter-state,Construction Material,Truck,2026-09-06T23:00:00Z
T00577,N0033,Manipur,Jiribam,N0109,Tripura,South Tripura,Inter-state,Food Supplies,Medium Goods Vehicle,2026-02-12T05:30:00Z
T00578,N0045,Manipur,Senapati,N0022,Assam,Barpeta,Inter-state,Medicine,Heavy Truck,2026-06-26T17:00:00Z
T00579,N0070,Mizoram,Hnahthial,N0011,Arunachal Pradesh,Namsai,Inter-state,Construction Material,Truck,2026-03-27T21:30:00Z
T00580,N0011,Arunachal Pradesh,Namsai,N0061,Mizoram,Saitual,Inter-state,Medicine,Medium Goods Vehicle,2026-05-27T07:30:00Z
T00581,N0007,Arunachal Pradesh,West Kameng,N0024,Assam,Nagaon,Inter-state,Construction Material,Medium Goods Vehicle,2026-05-05T16:30:00Z
T00582,N0054,Meghalaya,Ri-Bhoi,N0079,Nagaland,Peren,Inter-state,Medicine,Heavy Truck,2026-01-22T04:15:00Z
T00583,N0053,Meghalaya,South West Khasi Hills,N0043,Manipur,Noney,Inter-state,Food Supplies,Truck,2026-08-02T16:15:00Z
T00584,N0106,Tripura,West Tripura,N0061,Mizoram,Saitual,Inter-state,Medicine,Truck,2026-01-10T21:45:00Z
T00585,N0060,Meghalaya,East Garo Hills,N0078,Nagaland,Niuland,Inter-state,Medicine,Truck,2026-09-24T02:30:00Z
T00586,N0077,Nagaland,Zunheboto,N0037,Manipur,Tamenglong,Inter-state,Food Supplies,Heavy Truck,2026-08-10T11:15:00Z
T00587,N0022,Assam,Barpeta,N0011,Arunachal Pradesh,Namsai,Inter-state,Food Supplies,Truck,2026-05-13T07:15:00Z
T00588,N0088,Nagaland,Longleng,N0084,Nagaland,Chumoukedima,Within-state,Agricultural Produce,Truck,2026-02-19T12:15:00Z
T00589,N0021,Assam,Golaghat,N0073,Mizoram,Champhai,Inter-state,Food Supplies,Medium Goods Vehicle,2026-11-16T18:45:00Z
T00590,N0091,Sikkim,Gangtok,N0067,Mizoram,Hnahthial,Inter-state,Medicine,Heavy Truck,2026-10-28T06:45:00Z
T00591,N0017,Assam,Dhubri,N0096,Sikkim,Pakyong,Inter-state,Food Supplies,Medium Goods Vehicle,2026-05-24T17:30:00Z
T00592,N0077,Nagaland,Zunheboto,N0089,Nagaland,Longleng,Within-state,Construction Material,Truck,2026-12-07T03:15:00Z
T00593,N0040,Manipur,Noney,N0088,Nagaland,Longleng,Inter-state,Construction Material,Truck,2026-10-01T07:00:00Z
T00594,N0076,Nagaland,Kohima,N0107,Tripura,West Tripura,Inter-state,Agricultural Produce,Heavy Truck,2026-07-14T13:30:00Z
T00595,N0020,Assam,Dhubri,N0096,Sikkim,Pakyong,Inter-state,Essential Goods,Truck,2026-05-05T03:45:00Z
T00596,N0032,Manipur,Ukhrul,N0105,Sikkim,Mangan,Inter-state,Medicine,Truck,2026-11-07T01:30:00Z
T00597,N0117,Tripura,Dhalai,N0101,Sikkim,Namchi,Inter-state,Food Supplies,Truck,2026-11-14T02:45:00Z
T00598,N0116,Tripura,Sepahijala,N0086,Nagaland,Wokha,Inter-state,Essential Goods,Heavy Truck,2026-12-28T21:00:00Z
T00599,N0010,Arunachal Pradesh,East Kameng,N0072,Mizoram,Mamit,Inter-state,Essential Goods,Truck,2026-03-07T03:45:00Z
T00600,N0101,Sikkim,Namchi,N0078,Nagaland,Niuland,Inter-state,Essential Goods,Medium Goods Vehicle,2026-04-21T14:00:00Z
T00601,N0064,Mizoram,Hnahthial,N0015,Arunachal Pradesh,Tirap,Inter-state,Construction Material,Medium Goods Vehicle,2026-11-08T22:15:00Z
T00602,N0107,Tripura,West Tripura,N0046,Meghalaya,South Garo Hills,Inter-state,Food Supplies,Medium Goods Vehicle,2026-08-14T22:00:00Z
T00603,N0115,Tripura,West Tripura,N0026,Assam,Kamrup,Inter-state,Medicine,Heavy Truck,2026-02-15T01:30:00Z
T00604,N0052,Meghalaya,East Garo Hills,N0044,Manipur,Ukhrul,Inter-state,Construction Material,Truck,2026-06-23T10:45:00Z
T00605,N0099,Sikkim,Mangan,N0033,Manipur,Jiribam,Inter-state,Construction Material,Medium Goods Vehicle,2026-08-23T15:00:00Z
T00606,N0013,Arunachal Pradesh,Upper Subansiri,N0117,Tripura,Dhalai,Inter-state,Construction Material,Medium Goods Vehicle,2026-03-26T12:15:00Z
T00607,N0092,Sikkim,Namchi,N0082,Nagaland,Mon,Inter-state,Construction Material,Medium Goods Vehicle,2026-05-25T18:00:00Z
T00608,N0016,Assam,Darrang,N0059,Meghalaya,West Khasi Hills,Inter-state,Essential Goods,Medium Goods Vehicle,2026-08-15T15:45:00Z
T00609,N0084,Nagaland,Chumoukedima,N0100,Sikkim,Gyalshing,Inter-state,Food Supplies,Heavy Truck,2026-01-20T13:45:00Z
T00610,N0118,Tripura,Dhalai,N0089,Nagaland,Longleng,Inter-state,Agricultural Produce,Medium Goods Vehicle,2026-09-22T03:15:00Z
T00611,N0105,Sikkim,Mangan,N0012,Arunachal Pradesh,West Siang,Inter-state,Construction Material,Truck,2026-10-09T03:30:00Z
T00612,N0018,Assam,Darrang,N0078,Nagaland,Niuland,Inter-state,Construction Material,Truck,2026-09-23T00:45:00Z
T00613,N0113,Tripura,Unakoti,N0004,Arunachal Pradesh,Upper Subansiri,Inter-state,Agricultural Produce,Heavy Truck,2026-05-05T21:45:00Z
T00614,N0042,Manipur,Jiribam,N0066,Mizoram,Aizawl,Inter-state,Agricultural Produce,Truck,2026-04-07T10:00:00Z
T00615,N0070,Mizoram,Hnahthial,N0106,Tripura,West Tripura,Inter-state,Essential Goods,Truck,2026-10-14T08:15:00Z
T00616,N0095,Sikkim,Gyalshing,N0021,Assam,Golaghat,Inter-state,Medicine,Medium Goods Vehicle,2026-06-12T07:00:00Z
T00617,N0054,Meghalaya,Ri-Bhoi,N0017,Assam,Dhubri,Inter-state,Medicine,Truck,2026-12-27T09:30:00Z
T00618,N0114,Tripura,Sepahijala,N0108,Tripura,Unakoti,Within-state,Agricultural Produce,Truck,2026-11-25T22:15:00Z
T00619,N0067,Mizoram,Hnahthial,N0001,Arunachal Pradesh,Tawang,Inter-state,Construction Material,Heavy Truck,2026-09-11T02:30:00Z
T00620,N0069,Mizoram,Mamit,N0038,Manipur,Ukhrul,Inter-state,Essential Goods,Heavy Truck,2026-02-17T02:00:00Z
T00621,N0049,Meghalaya,North Garo Hills,N0039,Manipur,Thoubal,Inter-state,Medicine,Medium Goods Vehicle,2026-06-11T18:15:00Z
T00622,N0098,Sikkim,Namchi,N0028,Assam,Lakhimpur,Inter-state,Construction Material,Heavy Truck,2026-11-19T17:15:00Z
T00623,N0099,Sikkim,Mangan,N0077,Nagaland,Zunheboto,Inter-state,Construction Material,Heavy Truck,2026-10-13T16:15:00Z
T00624,N0024,Assam,Nagaon,N0082,Nagaland,Mon,Inter-state,Agricultural Produce,Heavy Truck,2026-01-16T04:15:00Z
T00625,N0067,Mizoram,Hnahthial,N0091,Sikkim,Gangtok,Inter-state,Construction Material,Heavy Truck,2026-02-11T18:45:00Z
T00626,N0084,Nagaland,Chumoukedima,N0105,Sikkim,Mangan,Inter-state,Essential Goods,Heavy Truck,2026-06-15T17:00:00Z
T00627,N0002,Arunachal Pradesh,Lower Subansiri,N0033,Manipur,Jiribam,Inter-state,Food Supplies,Medium Goods Vehicle,2026-06-09T11:15:00Z
T00628,N0012,Arunachal Pradesh,West Siang,N0091,Sikkim,Gangtok,Inter-state,Food Supplies,Heavy Truck,2026-01-11T13:45:00Z
T00629,N0118,Tripura,Dhalai,N0046,Meghalaya,South Garo Hills,Inter-state,Construction Material,Truck,2026-01-07T07:00:00Z
T00630,N0034,Manipur,Ukhrul,N0058,Meghalaya,East Khasi Hills,Inter-state,Essential Goods,Truck,2026-01-06T15:00:00Z
T00631,N0087,Nagaland,Kohima,N0040,Manipur,Noney,Inter-state,Food Supplies,Medium Goods Vehicle,2026-08-08T06:30:00Z
T00632,N0006,Arunachal Pradesh,East Kameng,N0007,Arunachal Pradesh,West Kameng,Within-state,Medicine,Medium Goods Vehicle,2026-06-15T18:00:00Z
T00633,N0013,Arunachal Pradesh,Upper Subansiri,N0038,Manipur,Ukhrul,Inter-state,Food Supplies,Medium Goods Vehicle,2026-06-28T03:30:00Z
T00634,N0022,Assam,Barpeta,N0097,Sikkim,Mangan,Inter-state,Construction Material,Truck,2026-03-04T08:45:00Z
T00635,N0100,Sikkim,Gyalshing,N0012,Arunachal Pradesh,West Siang,Inter-state,Essential Goods,Heavy Truck,2026-10-13T11:15:00Z
T00636,N0009,Arunachal Pradesh,Namsai,N0028,Assam,Lakhimpur,Inter-state,Construction Material,Truck,2026-03-23T05:00:00Z
T00637,N0104,Sikkim,Mangan,N0001,Arunachal Pradesh,Tawang,Inter-state,Food Supplies,Heavy Truck,2026-12-14T12:45:00Z
T00638,N0081,Nagaland,Chumoukedima,N0022,Assam,Barpeta,Inter-state,Food Supplies,Heavy Truck,2026-02-12T22:15:00Z
T00639,N0023,Assam,Kamrup Metropolitan,N0083,Nagaland,Dimapur,Inter-state,Food Supplies,Medium Goods Vehicle,2026-06-10T02:00:00Z
T00640,N0076,Nagaland,Kohima,N0099,Sikkim,Mangan,Inter-state,Medicine,Truck,2026-06-03T19:45:00Z
T00641,N0103,Sikkim,Namchi,N0077,Nagaland,Zunheboto,Inter-state,Essential Goods,Heavy Truck,2026-12-26T06:15:00Z
T00642,N0100,Sikkim,Gyalshing,N0064,Mizoram,Hnahthial,Inter-state,Essential Goods,Heavy Truck,2026-09-27T17:45:00Z
T00643,N0047,Meghalaya,Eastern West Khasi Hills,N0026,Assam,Kamrup,Inter-state,Food Supplies,Heavy Truck,2026-01-05T00:45:00Z
T00644,N0084,Nagaland,Chumoukedima,N0001,Arunachal Pradesh,Tawang,Inter-state,Essential Goods,Heavy Truck,2026-11-25T23:15:00Z
T00645,N0023,Assam,Kamrup Metropolitan,N0091,Sikkim,Gangtok,Inter-state,Medicine,Medium Goods Vehicle,2026-08-14T10:30:00Z
T00646,N0003,Arunachal Pradesh,Tawang,N0014,Arunachal Pradesh,Longding,Within-state,Medicine,Medium Goods Vehicle,2026-07-06T14:45:00Z
T00647,N0060,Meghalaya,East Garo Hills,N0043,Manipur,Noney,Inter-state,Agricultural Produce,Medium Goods Vehicle,2026-11-08T20:15:00Z
T00648,N0004,Arunachal Pradesh,Upper Subansiri,N0084,Nagaland,Chumoukedima,Inter-state,Agricultural Produce,Medium Goods Vehicle,2026-08-04T14:00:00Z
T00649,N0013,Arunachal Pradesh,Upper Subansiri,N0110,Tripura,Dhalai,Inter-state,Food Supplies,Truck,2026-02-09T11:15:00Z
T00650,N0113,Tripura,Unakoti,N0019,Assam,Dhemaji,Inter-state,Construction Material,Heavy Truck,2026-01-09T03:15:00Z
T00651,N0045,Manipur,Senapati,N0002,Arunachal Pradesh,Lower Subansiri,Inter-state,Medicine,Truck,2026-12-14T10:45:00Z
T00652,N0109,Tripura,South Tripura,N0089,Nagaland,Longleng,Inter-state,Essential Goods,Truck,2026-04-12T23:00:00Z
T00653,N0032,Manipur,Ukhrul,N0044,Manipur,Ukhrul,Within-state,Agricultural Produce,Truck,2026-02-25T17:30:00Z
T00654,N0010,Arunachal Pradesh,East Kameng,N0060,Meghalaya,East Garo Hills,Inter-state,Construction Material,Medium Goods Vehicle,2026-06-12T14:30:00Z
T00655,N0046,Meghalaya,South Garo Hills,N0103,Sikkim,Namchi,Inter-state,Agricultural Produce,Heavy Truck,2026-02-06T20:15:00Z
T00656,N0001,Arunachal Pradesh,Tawang,N0054,Meghalaya,Ri-Bhoi,Inter-state,Medicine,Heavy Truck,2026-06-06T10:15:00Z
T00657,N0041,Manipur,Imphal East,N0012,Arunachal Pradesh,West Siang,Inter-state,Food Supplies,Heavy Truck,2026-01-23T15:15:00Z
T00658,N0064,Mizoram,Hnahthial,N0067,Mizoram,Hnahthial,Within-state,Construction Material,Heavy Truck,2026-05-04T09:15:00Z
T00659,N0020,Assam,Dhubri,N0090,Nagaland,Chumoukedima,Inter-state,Construction Material,Heavy Truck,2026-02-17T03:30:00Z
T00660,N0007,Arunachal Pradesh,West Kameng,N0086,Nagaland,Wokha,Inter-state,Construction Material,Truck,2026-08-10T01:30:00Z
T00661,N0048,Meghalaya,West Garo Hills,N0038,Manipur,Ukhrul,Inter-state,Agricultural Produce,Truck,2026-10-10T02:45:00Z
T00662,N0090,Nagaland,Chumoukedima,N0038,Manipur,Ukhrul,Inter-state,Medicine,Medium Goods Vehicle,2026-06-03T08:15:00Z
T00663,N0026,Assam,Kamrup,N0009,Arunachal Pradesh,Namsai,Inter-state,Essential Goods,Medium Goods Vehicle,2026-03-28T12:45:00Z
T00664,N0081,Nagaland,Chumoukedima,N0037,Manipur,Tamenglong,Inter-state,Food Supplies,Truck,2026-08-06T10:30:00Z
T00665,N0043,Manipur,Noney,N0021,Assam,Golaghat,Inter-state,Essential Goods,Truck,2026-03-11T21:15:00Z
T00666,N0010,Arunachal Pradesh,East Kameng,N0075,Mizoram,Serchhip,Inter-state,Construction Material,Heavy Truck,2026-04-05T12:15:00Z
T00667,N0108,Tripura,Unakoti,N0102,Sikkim,Gyalshing,Inter-state,Food Supplies,Medium Goods Vehicle,2026-08-08T16:45:00Z
T00668,N0101,Sikkim,Namchi,N0015,Arunachal Pradesh,Tirap,Inter-state,Food Supplies,Heavy Truck,2026-07-10T05:00:00Z
T00669,N0071,Mizoram,Champhai,N0041,Manipur,Imphal East,Inter-state,Essential Goods,Truck,2026-12-26T21:15:00Z
T00670,N0046,Meghalaya,South Garo Hills,N0073,Mizoram,Champhai,Inter-state,Medicine,Medium Goods Vehicle,2026-09-05T22:00:00Z
T00671,N0077,Nagaland,Zunheboto,N0060,Meghalaya,East Garo Hills,Inter-state,Essential Goods,Heavy Truck,2026-05-17T11:45:00Z
T00672,N0010,Arunachal Pradesh,East Kameng,N0112,Tripura,Unakoti,Inter-state,Essential Goods,Truck,2026-11-09T22:30:00Z
T00673,N0093,Sikkim,Gangtok,N0054,Meghalaya,Ri-Bhoi,Inter-state,Essential Goods,Truck,2026-10-14T14:00:00Z
T00674,N0114,Tripura,Sepahijala,N0119,Tripura,West Tripura,Within-state,Food Supplies,Heavy Truck,2026-03-02T17:45:00Z
T00675,N0007,Arunachal Pradesh,West Kameng,N0077,Nagaland,Zunheboto,Inter-state,Essential Goods,Heavy Truck,2026-12-19T16:15:00Z
T00676,N0034,Manipur,Ukhrul,N0090,Nagaland,Chumoukedima,Inter-state,Essential Goods,Truck,2026-03-06T11:30:00Z
T00677,N0045,Manipur,Senapati,N0039,Manipur,Thoubal,Within-state,Food Supplies,Heavy Truck,2026-09-19T04:00:00Z
T00678,N0019,Assam,Dhemaji,N0089,Nagaland,Longleng,Inter-state,Construction Material,Heavy Truck,2026-11-04T01:45:00Z
T00679,N0071,Mizoram,Champhai,N0076,Nagaland,Kohima,Inter-state,Essential Goods,Medium Goods Vehicle,2026-06-23T16:15:00Z
T00680,N0087,Nagaland,Kohima,N0105,Sikkim,Mangan,Inter-state,Food Supplies,Heavy Truck,2026-09-05T18:00:00Z
T00681,N0001,Arunachal Pradesh,Tawang,N0091,Sikkim,Gangtok,Inter-state,Construction Material,Heavy Truck,2026-02-05T18:30:00Z
T00682,N0016,Assam,Darrang,N0107,Tripura,West Tripura,Inter-state,Essential Goods,Heavy Truck,2026-08-15T07:45:00Z
T00683,N0011,Arunachal Pradesh,Namsai,N0024,Assam,Nagaon,Inter-state,Agricultural Produce,Heavy Truck,2026-10-17T12:15:00Z
T00684,N0101,Sikkim,Namchi,N0099,Sikkim,Mangan,Within-state,Medicine,Truck,2026-12-23T02:45:00Z
T00685,N0038,Manipur,Ukhrul,N0050,Meghalaya,East Khasi Hills,Inter-state,Essential Goods,Medium Goods Vehicle,2026-08-02T19:30:00Z
T00686,N0090,Nagaland,Chumoukedima,N0069,Mizoram,Mamit,Inter-state,Construction Material,Medium Goods Vehicle,2026-08-04T11:30:00Z
T00687,N0005,Arunachal Pradesh,Upper Subansiri,N0009,Arunachal Pradesh,Namsai,Within-state,Construction Material,Heavy Truck,2026-01-26T19:30:00Z
T00688,N0067,Mizoram,Hnahthial,N0036,Manipur,Ukhrul,Inter-state,Essential Goods,Heavy Truck,2026-10-09T21:00:00Z
T00689,N0067,Mizoram,Hnahthial,N0105,Sikkim,Mangan,Inter-state,Essential Goods,Heavy Truck,2026-03-05T09:15:00Z
T00690,N0096,Sikkim,Pakyong,N0066,Mizoram,Aizawl,Inter-state,Essential Goods,Medium Goods Vehicle,2026-12-09T08:30:00Z
T00691,N0099,Sikkim,Mangan,N0035,Manipur,Ukhrul,Inter-state,Essential Goods,Truck,2026-02-01T18:45:00Z
T00692,N0061,Mizoram,Saitual,N0039,Manipur,Thoubal,Inter-state,Essential Goods,Heavy Truck,2026-10-10T03:45:00Z
T00693,N0100,Sikkim,Gyalshing,N0035,Manipur,Ukhrul,Inter-state,Medicine,Heavy Truck,2026-12-08T13:45:00Z
T00694,N0096,Sikkim,Pakyong,N0074,Mizoram,Lunglei,Inter-state,Food Supplies,Medium Goods Vehicle,2026-08-11T02:30:00Z
T00695,N0103,Sikkim,Namchi,N0035,Manipur,Ukhrul,Inter-state,Construction Material,Truck,2026-01-15T13:45:00Z
T00696,N0063,Mizoram,Serchhip,N0059,Meghalaya,West Khasi Hills,Inter-state,Food Supplies,Medium Goods Vehicle,2026-01-24T11:45:00Z
T00697,N0045,Manipur,Senapati,N0065,Mizoram,Saitual,Inter-state,Medicine,Truck,2026-08-12T01:15:00Z
T00698,N0109,Tripura,South Tripura,N0012,Arunachal Pradesh,West Siang,Inter-state,Construction Material,Medium Goods Vehicle,2026-11-24T04:00:00Z
T00699,N0023,Assam,Kamrup Metropolitan,N0068,Mizoram,Aizawl,Inter-state,Agricultural Produce,Medium Goods Vehicle,2026-04-22T16:15:00Z
T00700,N0087,Nagaland,Kohima,N0088,Nagaland,Longleng,Within-state,Essential Goods,Medium Goods Vehicle,2026-06-22T11:45:00Z
T00701,N0055,Meghalaya,West Jaintia Hills,N0001,Arunachal Pradesh,Tawang,Inter-state,Medicine,Medium Goods Vehicle,2026-07-26T14:15:00Z
T00702,N0053,Meghalaya,South West Khasi Hills,N0015,Arunachal Pradesh,Tirap,Inter-state,Food Supplies,Heavy Truck,2026-06-11T22:30:00Z
T00703,N0069,Mizoram,Mamit,N0010,Arunachal Pradesh,East Kameng,Inter-state,Medicine,Truck,2026-03-03T00:45:00Z
T00704,N0117,Tripura,Dhalai,N0024,Assam,Nagaon,Inter-state,Food Supplies,Truck,2026-05-03T13:45:00Z
T00705,N0109,Tripura,South Tripura,N0035,Manipur,Ukhrul,Inter-state,Agricultural Produce,Truck,2026-04-01T10:00:00Z
T00706,N0008,Arunachal Pradesh,Tawang,N0054,Meghalaya,Ri-Bhoi,Inter-state,Essential Goods,Medium Goods Vehicle,2026-03-12T10:00:00Z
T00707,N0103,Sikkim,Namchi,N0063,Mizoram,Serchhip,Inter-state,Medicine,Truck,2026-03-11T13:15:00Z
T00708,N0058,Meghalaya,East Khasi Hills,N0021,Assam,Golaghat,Inter-state,Agricultural Produce,Truck,2026-09-01T01:30:00Z
T00709,N0033,Manipur,Jiribam,N0065,Mizoram,Saitual,Inter-state,Construction Material,Truck,2026-02-09T01:30:00Z
T00710,N0088,Nagaland,Longleng,N0097,Sikkim,Mangan,Inter-state,Medicine,Medium Goods Vehicle,2026-12-15T15:15:00Z
T00711,N0065,Mizoram,Saitual,N0043,Manipur,Noney,Inter-state,Agricultural Produce,Truck,2026-10-19T16:45:00Z
T00712,N0064,Mizoram,Hnahthial,N0089,Nagaland,Longleng,Inter-state,Medicine,Truck,2026-01-18T08:45:00Z
T00713,N0119,Tripura,West Tripura,N0064,Mizoram,Hnahthial,Inter-state,Agricultural Produce,Truck,2026-07-08T16:45:00Z
T00714,N0061,Mizoram,Saitual,N0021,Assam,Golaghat,Inter-state,Medicine,Truck,2026-10-08T05:30:00Z
T00715,N0044,Manipur,Ukhrul,N0112,Tripura,Unakoti,Inter-state,Agricultural Produce,Heavy Truck,2026-08-12T23:00:00Z
T00716,N0101,Sikkim,Namchi,N0100,Sikkim,Gyalshing,Within-state,Agricultural Produce,Truck,2026-06-13T00:00:00Z
T00717,N0026,Assam,Kamrup,N0029,Assam,Barpeta,Within-state,Agricultural Produce,Truck,2026-06-03T11:15:00Z
T00718,N0022,Assam,Barpeta,N0023,Assam,Kamrup Metropolitan,Within-state,Construction Material,Truck,2026-03-18T08:45:00Z
T00719,N0092,Sikkim,Namchi,N0046,Meghalaya,South Garo Hills,Inter-state,Agricultural Produce,Medium Goods Vehicle,2026-11-01T14:15:00Z
T00720,N0117,Tripura,Dhalai,N0120,Tripura,Sepahijala,Within-state,Food Supplies,Medium Goods Vehicle,2026-02-18T05:15:00Z
T00721,N0037,Manipur,Tamenglong,N0074,Mizoram,Lunglei,Inter-state,Food Supplies,Heavy Truck,2026-04-12T01:15:00Z
T00722,N0055,Meghalaya,West Jaintia Hills,N0034,Manipur,Ukhrul,Inter-state,Medicine,Medium Goods Vehicle,2026-02-23T19:45:00Z
T00723,N0034,Manipur,Ukhrul,N0014,Arunachal Pradesh,Longding,Inter-state,Construction Material,Medium Goods Vehicle,2026-11-11T19:15:00Z
T00724,N0090,Nagaland,Chumoukedima,N0008,Arunachal Pradesh,Tawang,Inter-state,Food Supplies,Truck,2026-07-22T17:45:00Z
T00725,N0019,Assam,Dhemaji,N0050,Meghalaya,East Khasi Hills,Inter-state,Food Supplies,Heavy Truck,2026-09-26T10:15:00Z
T00726,N0048,Meghalaya,West Garo Hills,N0107,Tripura,West Tripura,Inter-state,Essential Goods,Medium Goods Vehicle,2026-08-17T08:15:00Z
T00727,N0094,Sikkim,Gangtok,N0118,Tripura,Dhalai,Inter-state,Construction Material,Truck,2026-09-20T18:30:00Z
T00728,N0045,Manipur,Senapati,N0107,Tripura,West Tripura,Inter-state,Construction Material,Truck,2026-01-18T09:30:00Z
T00729,N0091,Sikkim,Gangtok,N0113,Tripura,Unakoti,Inter-state,Construction Material,Heavy Truck,2026-05-09T16:30:00Z
T00730,N0120,Tripura,Sepahijala,N0035,Manipur,Ukhrul,Inter-state,Medicine,Truck,2026-07-19T23:45:00Z
T00731,N0099,Sikkim,Mangan,N0060,Meghalaya,East Garo Hills,Inter-state,Agricultural Produce,Truck,2026-06-08T16:45:00Z
T00732,N0101,Sikkim,Namchi,N0083,Nagaland,Dimapur,Inter-state,Food Supplies,Truck,2026-08-08T07:15:00Z
T00733,N0005,Arunachal Pradesh,Upper Subansiri,N0004,Arunachal Pradesh,Upper Subansiri,Within-state,Medicine,Medium Goods Vehicle,2026-06-16T17:30:00Z
T00734,N0103,Sikkim,Namchi,N0115,Tripura,West Tripura,Inter-state,Food Supplies,Truck,2026-01-28T01:30:00Z
T00735,N0116,Tripura,Sepahijala,N0082,Nagaland,Mon,Inter-state,Agricultural Produce,Medium Goods Vehicle,2026-01-01T08:45:00Z
T00736,N0110,Tripura,Dhalai,N0102,Sikkim,Gyalshing,Inter-state,Medicine,Heavy Truck,2026-09-04T08:15:00Z
T00737,N0059,Meghalaya,West Khasi Hills,N0060,Meghalaya,East Garo Hills,Within-state,Food Supplies,Truck,2026-06-15T20:45:00Z
T00738,N0104,Sikkim,Mangan,N0119,Tripura,West Tripura,Inter-state,Food Supplies,Truck,2026-02-03T16:45:00Z
T00739,N0028,Assam,Lakhimpur,N0024,Assam,Nagaon,Within-state,Food Supplies,Truck,2026-05-11T13:45:00Z
T00740,N0076,Nagaland,Kohima,N0080,Nagaland,Longleng,Within-state,Essential Goods,Medium Goods Vehicle,2026-05-27T19:15:00Z
T00741,N0066,Mizoram,Aizawl,N0017,Assam,Dhubri,Inter-state,Agricultural Produce,Medium Goods Vehicle,2026-02-04T11:00:00Z
T00742,N0058,Meghalaya,East Khasi Hills,N0062,Mizoram,Hnahthial,Inter-state,Food Supplies,Heavy Truck,2026-04-21T22:00:00Z
T00743,N0106,Tripura,West Tripura,N0013,Arunachal Pradesh,Upper Subansiri,Inter-state,Agricultural Produce,Heavy Truck,2026-02-27T04:00:00Z
T00744,N0115,Tripura,West Tripura,N0069,Mizoram,Mamit,Inter-state,Essential Goods,Heavy Truck,2026-04-08T08:45:00Z
T00745,N0081,Nagaland,Chumoukedima,N0006,Arunachal Pradesh,East Kameng,Inter-state,Medicine,Medium Goods Vehicle,2026-10-07T17:15:00Z
T00746,N0025,Assam,Tinsukia,N0092,Sikkim,Namchi,Inter-state,Construction Material,Heavy Truck,2026-09-15T10:30:00Z
T00747,N0013,Arunachal Pradesh,Upper Subansiri,N0112,Tripura,Unakoti,Inter-state,Construction Material,Medium Goods Vehicle,2026-08-27T17:15:00Z
T00748,N0113,Tripura,Unakoti,N0118,Tripura,Dhalai,Within-state,Construction Material,Medium Goods Vehicle,2026-01-01T04:15:00Z
T00749,N0031,Manipur,Noney,N0105,Sikkim,Mangan,Inter-state,Construction Material,Truck,2026-01-13T06:15:00Z
T00750,N0003,Arunachal Pradesh,Tawang,N0014,Arunachal Pradesh,Longding,Within-state,Construction Material,Truck,2026-08-14T00:30:00Z
T00751,N0052,Meghalaya,East Garo Hills,N0024,Assam,Nagaon,Inter-state,Medicine,Heavy Truck,2026-01-14T15:45:00Z
T00752,N0058,Meghalaya,East Khasi Hills,N0088,Nagaland,Longleng,Inter-state,Construction Material,Truck,2026-05-19T07:30:00Z
T00753,N0113,Tripura,Unakoti,N0058,Meghalaya,East Khasi Hills,Inter-state,Food Supplies,Truck,2026-12-25T01:15:00Z
T00754,N0098,Sikkim,Namchi,N0104,Sikkim,Mangan,Within-state,Food Supplies,Medium Goods Vehicle,2026-01-18T22:00:00Z
T00755,N0036,Manipur,Ukhrul,N0006,Arunachal Pradesh,East Kameng,Inter-state,Medicine,Medium Goods Vehicle,2026-07-13T22:15:00Z
T00756,N0043,Manipur,Noney,N0001,Arunachal Pradesh,Tawang,Inter-state,Medicine,Heavy Truck,2026-03-16T06:45:00Z
T00757,N0063,Mizoram,Serchhip,N0119,Tripura,West Tripura,Inter-state,Agricultural Produce,Medium Goods Vehicle,2026-03-11T04:00:00Z
T00758,N0108,Tripura,Unakoti,N0013,Arunachal Pradesh,Upper Subansiri,Inter-state,Essential Goods,Heavy Truck,2026-09-28T02:15:00Z
T00759,N0003,Arunachal Pradesh,Tawang,N0038,Manipur,Ukhrul,Inter-state,Food Supplies,Heavy Truck,2026-11-20T00:15:00Z
T00760,N0042,Manipur,Jiribam,N0005,Arunachal Pradesh,Upper Subansiri,Inter-state,Medicine,Heavy Truck,2026-02-02T12:30:00Z
T00761,N0024,Assam,Nagaon,N0041,Manipur,Imphal East,Inter-state,Medicine,Truck,2026-06-19T02:00:00Z
T00762,N0013,Arunachal Pradesh,Upper Subansiri,N0110,Tripura,Dhalai,Inter-state,Medicine,Medium Goods Vehicle,2026-04-13T12:30:00Z
T00763,N0109,Tripura,South Tripura,N0037,Manipur,Tamenglong,Inter-state,Construction Material,Truck,2026-01-19T03:00:00Z
T00764,N0019,Assam,Dhemaji,N0068,Mizoram,Aizawl,Inter-state,Agricultural Produce,Truck,2026-12-21T02:15:00Z
T00765,N0011,Arunachal Pradesh,Namsai,N0001,Arunachal Pradesh,Tawang,Within-state,Medicine,Medium Goods Vehicle,2026-06-21T10:00:00Z
T00766,N0026,Assam,Kamrup,N0104,Sikkim,Mangan,Inter-state,Medicine,Truck,2026-05-24T08:15:00Z
T00767,N0063,Mizoram,Serchhip,N0023,Assam,Kamrup Metropolitan,Inter-state,Essential Goods,Heavy Truck,2026-11-07T09:45:00Z
T00768,N0096,Sikkim,Pakyong,N0019,Assam,Dhemaji,Inter-state,Food Supplies,Heavy Truck,2026-10-24T21:30:00Z
T00769,N0060,Meghalaya,East Garo Hills,N0108,Tripura,Unakoti,Inter-state,Agricultural Produce,Truck,2026-03-03T07:00:00Z
T00770,N0098,Sikkim,Namchi,N0116,Tripura,Sepahijala,Inter-state,Food Supplies,Truck,2026-11-23T20:30:00Z
T00771,N0078,Nagaland,Niuland,N0111,Tripura,Dhalai,Inter-state,Agricultural Produce,Medium Goods Vehicle,2026-08-12T06:15:00Z
T00772,N0070,Mizoram,Hnahthial,N0069,Mizoram,Mamit,Within-state,Agricultural Produce,Truck,2026-10-20T19:15:00Z
T00773,N0079,Nagaland,Peren,N0059,Meghalaya,West Khasi Hills,Inter-state,Food Supplies,Heavy Truck,2026-03-02T06:30:00Z
T00774,N0091,Sikkim,Gangtok,N0006,Arunachal Pradesh,East Kameng,Inter-state,Agricultural Produce,Medium Goods Vehicle,2026-10-03T05:00:00Z
T00775,N0020,Assam,Dhubri,N0109,Tripura,South Tripura,Inter-state,Medicine,Heavy Truck,2026-04-27T01:15:00Z
T00776,N0083,Nagaland,Dimapur,N0102,Sikkim,Gyalshing,Inter-state,Agricultural Produce,Medium Goods Vehicle,2026-05-06T12:00:00Z
T00777,N0118,Tripura,Dhalai,N0092,Sikkim,Namchi,Inter-state,Construction Material,Truck,2026-01-05T16:00:00Z
T00778,N0070,Mizoram,Hnahthial,N0105,Sikkim,Mangan,Inter-state,Agricultural Produce,Medium Goods Vehicle,2026-11-06T05:45:00Z
T00779,N0100,Sikkim,Gyalshing,N0047,Meghalaya,Eastern West Khasi Hills,Inter-state,Food Supplies,Heavy Truck,2026-07-06T16:00:00Z
T00780,N0119,Tripura,West Tripura,N0004,Arunachal Pradesh,Upper Subansiri,Inter-state,Agricultural Produce,Medium Goods Vehicle,2026-05-24T01:15:00Z
T00781,N0075,Mizoram,Serchhip,N0115,Tripura,West Tripura,Inter-state,Food Supplies,Truck,2026-01-03T18:00:00Z
T00782,N0053,Meghalaya,South West Khasi Hills,N0041,Manipur,Imphal East,Inter-state,Medicine,Heavy Truck,2026-01-11T09:00:00Z
T00783,N0097,Sikkim,Mangan,N0084,Nagaland,Chumoukedima,Inter-state,Agricultural Produce,Truck,2026-02-14T11:15:00Z
T00784,N0053,Meghalaya,South West Khasi Hills,N0070,Mizoram,Hnahthial,Inter-state,Food Supplies,Truck,2026-03-28T10:45:00Z
T00785,N0004,Arunachal Pradesh,Upper Subansiri,N0081,Nagaland,Chumoukedima,Inter-state,Agricultural Produce,Medium Goods Vehicle,2026-12-11T19:00:00Z
T00786,N0104,Sikkim,Mangan,N0067,Mizoram,Hnahthial,Inter-state,Agricultural Produce,Truck,2026-09-23T14:00:00Z
T00787,N0103,Sikkim,Namchi,N0009,Arunachal Pradesh,Namsai,Inter-state,Construction Material,Medium Goods Vehicle,2026-03-24T20:15:00Z
T00788,N0062,Mizoram,Hnahthial,N0047,Meghalaya,Eastern West Khasi Hills,Inter-state,Food Supplies,Heavy Truck,2026-06-24T12:45:00Z
T00789,N0081,Nagaland,Chumoukedima,N0108,Tripura,Unakoti,Inter-state,Food Supplies,Truck,2026-06-13T22:15:00Z
T00790,N0022,Assam,Barpeta,N0056,Meghalaya,East Garo Hills,Inter-state,Construction Material,Medium Goods Vehicle,2026-01-14T05:45:00Z
T00791,N0065,Mizoram,Saitual,N0049,Meghalaya,North Garo Hills,Inter-state,Construction Material,Medium Goods Vehicle,2026-02-23T01:00:00Z
T00792,N0015,Arunachal Pradesh,Tirap,N0050,Meghalaya,East Khasi Hills,Inter-state,Construction Material,Medium Goods Vehicle,2026-06-11T23:45:00Z
T00793,N0120,Tripura,Sepahijala,N0085,Nagaland,Phek,Inter-state,Essential Goods,Truck,2026-07-25T19:15:00Z
T00794,N0052,Meghalaya,East Garo Hills,N0039,Manipur,Thoubal,Inter-state,Food Supplies,Truck,2026-12-17T17:00:00Z
T00795,N0039,Manipur,Thoubal,N0034,Manipur,Ukhrul,Within-state,Construction Material,Medium Goods Vehicle,2026-09-07T07:45:00Z
T00796,N0075,Mizoram,Serchhip,N0030,Assam,Dibrugarh,Inter-state,Agricultural Produce,Truck,2026-10-07T08:00:00Z
T00797,N0053,Meghalaya,South West Khasi Hills,N0090,Nagaland,Chumoukedima,Inter-state,Construction Material,Truck,2026-08-25T21:45:00Z
T00798,N0002,Arunachal Pradesh,Lower Subansiri,N0109,Tripura,South Tripura,Inter-state,Agricultural Produce,Truck,2026-12-06T02:00:00Z
T00799,N0083,Nagaland,Dimapur,N0098,Sikkim,Namchi,Inter-state,Agricultural Produce,Medium Goods Vehicle,2026-05-25T22:45:00Z
T00800,N0062,Mizoram,Hnahthial,N0117,Tripura,Dhalai,Inter-state,Food Supplies,Heavy Truck,2026-04-12T19:00:00Z
T00801,N0020,Assam,Dhubri,N0066,Mizoram,Aizawl,Inter-state,Agricultural Produce,Medium Goods Vehicle,2026-02-14T04:30:00Z
T00802,N0089,Nagaland,Longleng,N0054,Meghalaya,Ri-Bhoi,Inter-state,Medicine,Medium Goods Vehicle,2026-06-07T16:45:00Z
T00803,N0038,Manipur,Ukhrul,N0096,Sikkim,Pakyong,Inter-state,Essential Goods,Medium Goods Vehicle,2026-11-15T00:15:00Z
T00804,N0046,Meghalaya,South Garo Hills,N0094,Sikkim,Gangtok,Inter-state,Agricultural Produce,Heavy Truck,2026-04-15T02:15:00Z
T00805,N0017,Assam,Dhubri,N0118,Tripura,Dhalai,Inter-state,Essential Goods,Medium Goods Vehicle,2026-02-18T05:15:00Z
T00806,N0086,Nagaland,Wokha,N0037,Manipur,Tamenglong,Inter-state,Essential Goods,Medium Goods Vehicle,2026-06-25T04:30:00Z
T00807,N0014,Arunachal Pradesh,Longding,N0056,Meghalaya,East Garo Hills,Inter-state,Essential Goods,Medium Goods Vehicle,2026-06-28T19:15:00Z
T00808,N0034,Manipur,Ukhrul,N0045,Manipur,Senapati,Within-state,Essential Goods,Medium Goods Vehicle,2026-06-07T15:30:00Z
T00809,N0100,Sikkim,Gyalshing,N0104,Sikkim,Mangan,Within-state,Food Supplies,Medium Goods Vehicle,2026-08-08T17:00:00Z
T00810,N0109,Tripura,South Tripura,N0091,Sikkim,Gangtok,Inter-state,Medicine,Truck,2026-05-11T21:45:00Z
T00811,N0115,Tripura,West Tripura,N0063,Mizoram,Serchhip,Inter-state,Agricultural Produce,Heavy Truck,2026-10-28T06:45:00Z
T00812,N0079,Nagaland,Peren,N0108,Tripura,Unakoti,Inter-state,Medicine,Medium Goods Vehicle,2026-04-13T22:30:00Z
T00813,N0002,Arunachal Pradesh,Lower Subansiri,N0051,Meghalaya,East Garo Hills,Inter-state,Construction Material,Medium Goods Vehicle,2026-07-23T04:15:00Z
T00814,N0120,Tripura,Sepahijala,N0069,Mizoram,Mamit,Inter-state,Agricultural Produce,Truck,2026-12-09T06:15:00Z
T00815,N0066,Mizoram,Aizawl,N0001,Arunachal Pradesh,Tawang,Inter-state,Medicine,Heavy Truck,2026-02-06T17:45:00Z
T00816,N0019,Assam,Dhemaji,N0039,Manipur,Thoubal,Inter-state,Construction Material,Medium Goods Vehicle,2026-01-01T07:45:00Z
T00817,N0032,Manipur,Ukhrul,N0041,Manipur,Imphal East,Within-state,Medicine,Truck,2026-06-10T12:45:00Z
T00818,N0054,Meghalaya,Ri-Bhoi,N0014,Arunachal Pradesh,Longding,Inter-state,Construction Material,Truck,2026-07-11T04:00:00Z
T00819,N0022,Assam,Barpeta,N0079,Nagaland,Peren,Inter-state,Food Supplies,Heavy Truck,2026-04-23T13:15:00Z
T00820,N0110,Tripura,Dhalai,N0119,Tripura,West Tripura,Within-state,Agricultural Produce,Heavy Truck,2026-09-22T03:15:00Z
T00821,N0093,Sikkim,Gangtok,N0046,Meghalaya,South Garo Hills,Inter-state,Essential Goods,Medium Goods Vehicle,2026-08-28T17:30:00Z
T00822,N0072,Mizoram,Mamit,N0048,Meghalaya,West Garo Hills,Inter-state,Medicine,Truck,2026-05-10T12:00:00Z
T00823,N0096,Sikkim,Pakyong,N0081,Nagaland,Chumoukedima,Inter-state,Medicine,Medium Goods Vehicle,2026-01-20T09:45:00Z
T00824,N0117,Tripura,Dhalai,N0081,Nagaland,Chumoukedima,Inter-state,Agricultural Produce,Medium Goods Vehicle,2026-05-28T00:45:00Z
T00825,N0078,Nagaland,Niuland,N0028,Assam,Lakhimpur,Inter-state,Food Supplies,Truck,2026-03-20T22:15:00Z
T00826,N0061,Mizoram,Saitual,N0053,Meghalaya,South West Khasi Hills,Inter-state,Construction Material,Medium Goods Vehicle,2026-10-24T20:15:00Z
T00827,N0056,Meghalaya,East Garo Hills,N0090,Nagaland,Chumoukedima,Inter-state,Medicine,Truck,2026-01-27T14:30:00Z
T00828,N0007,Arunachal Pradesh,West Kameng,N0020,Assam,Dhubri,Inter-state,Construction Material,Medium Goods Vehicle,2026-04-07T00:15:00Z
T00829,N0110,Tripura,Dhalai,N0083,Nagaland,Dimapur,Inter-state,Construction Material,Heavy Truck,2026-08-08T23:15:00Z
T00830,N0043,Manipur,Noney,N0058,Meghalaya,East Khasi Hills,Inter-state,Essential Goods,Heavy Truck,2026-08-04T00:45:00Z
T00831,N0034,Manipur,Ukhrul,N0030,Assam,Dibrugarh,Inter-state,Agricultural Produce,Medium Goods Vehicle,2026-01-23T10:15:00Z
T00832,N0073,Mizoram,Champhai,N0057,Meghalaya,South West Khasi Hills,Inter-state,Essential Goods,Heavy Truck,2026-10-05T07:45:00Z
T00833,N0018,Assam,Darrang,N0114,Tripura,Sepahijala,Inter-state,Agricultural Produce,Medium Goods Vehicle,2026-02-02T04:00:00Z
T00834,N0032,Manipur,Ukhrul,N0069,Mizoram,Mamit,Inter-state,Medicine,Truck,2026-12-25T04:45:00Z
T00835,N0101,Sikkim,Namchi,N0086,Nagaland,Wokha,Inter-state,Medicine,Heavy Truck,2026-10-28T17:00:00Z
T00836,N0008,Arunachal Pradesh,Tawang,N0063,Mizoram,Serchhip,Inter-state,Essential Goods,Medium Goods Vehicle,2026-01-28T05:15:00Z
T00837,N0094,Sikkim,Gangtok,N0085,Nagaland,Phek,Inter-state,Construction Material,Medium Goods Vehicle,2026-12-01T19:45:00Z
T00838,N0056,Meghalaya,East Garo Hills,N0099,Sikkim,Mangan,Inter-state,Construction Material,Truck,2026-01-10T05:00:00Z
T00839,N0066,Mizoram,Aizawl,N0094,Sikkim,Gangtok,Inter-state,Construction Material,Medium Goods Vehicle,2026-06-25T12:15:00Z
T00840,N0092,Sikkim,Namchi,N0006,Arunachal Pradesh,East Kameng,Inter-state,Medicine,Medium Goods Vehicle,2026-12-05T23:00:00Z
T00841,N0001,Arunachal Pradesh,Tawang,N0063,Mizoram,Serchhip,Inter-state,Agricultural Produce,Truck,2026-11-03T21:45:00Z
T00842,N0118,Tripura,Dhalai,N0079,Nagaland,Peren,Inter-state,Medicine,Medium Goods Vehicle,2026-12-06T07:45:00Z
T00843,N0101,Sikkim,Namchi,N0073,Mizoram,Champhai,Inter-state,Construction Material,Heavy Truck,2026-09-21T00:30:00Z
T00844,N0022,Assam,Barpeta,N0105,Sikkim,Mangan,Inter-state,Food Supplies,Truck,2026-02-18T15:15:00Z
T00845,N0058,Meghalaya,East Khasi Hills,N0088,Nagaland,Longleng,Inter-state,Essential Goods,Truck,2026-02-02T23:30:00Z
T00846,N0061,Mizoram,Saitual,N0058,Meghalaya,East Khasi Hills,Inter-state,Essential Goods,Medium Goods Vehicle,2026-09-25T21:30:00Z
T00847,N0030,Assam,Dibrugarh,N0118,Tripura,Dhalai,Inter-state,Food Supplies,Truck,2026-09-27T10:00:00Z
T00848,N0062,Mizoram,Hnahthial,N0078,Nagaland,Niuland,Inter-state,Construction Material,Truck,2026-01-26T16:00:00Z
T00849,N0100,Sikkim,Gyalshing,N0099,Sikkim,Mangan,Within-state,Agricultural Produce,Truck,2026-05-06T22:15:00Z
T00850,N0016,Assam,Darrang,N0079,Nagaland,Peren,Inter-state,Medicine,Medium Goods Vehicle,2026-01-16T02:15:00Z
T00851,N0081,Nagaland,Chumoukedima,N0119,Tripura,West Tripura,Inter-state,Construction Material,Medium Goods Vehicle,2026-07-27T15:45:00Z
T00852,N0045,Manipur,Senapati,N0064,Mizoram,Hnahthial,Inter-state,Essential Goods,Truck,2026-07-23T19:15:00Z
T00853,N0018,Assam,Darrang,N0072,Mizoram,Mamit,Inter-state,Construction Material,Medium Goods Vehicle,2026-11-21T11:45:00Z
T00854,N0019,Assam,Dhemaji,N0077,Nagaland,Zunheboto,Inter-state,Medicine,Medium Goods Vehicle,2026-06-03T13:15:00Z
T00855,N0047,Meghalaya,Eastern West Khasi Hills,N0119,Tripura,West Tripura,Inter-state,Essential Goods,Truck,2026-09-19T16:45:00Z
T00856,N0114,Tripura,Sepahijala,N0014,Arunachal Pradesh,Longding,Inter-state,Food Supplies,Truck,2026-03-06T21:45:00Z
T00857,N0090,Nagaland,Chumoukedima,N0077,Nagaland,Zunheboto,Within-state,Agricultural Produce,Heavy Truck,2026-12-20T13:30:00Z
T00858,N0057,Meghalaya,South West Khasi Hills,N0024,Assam,Nagaon,Inter-state,Essential Goods,Heavy Truck,2026-03-09T18:30:00Z
T00859,N0010,Arunachal Pradesh,East Kameng,N0104,Sikkim,Mangan,Inter-state,Food Supplies,Medium Goods Vehicle,2026-07-20T23:15:00Z
T00860,N0077,Nagaland,Zunheboto,N0072,Mizoram,Mamit,Inter-state,Agricultural Produce,Truck,2026-05-11T20:45:00Z
T00861,N0056,Meghalaya,East Garo Hills,N0103,Sikkim,Namchi,Inter-state,Construction Material,Heavy Truck,2026-07-22T15:45:00Z
T00862,N0029,Assam,Barpeta,N0057,Meghalaya,South West Khasi Hills,Inter-state,Construction Material,Heavy Truck,2026-11-08T09:30:00Z
T00863,N0082,Nagaland,Mon,N0103,Sikkim,Namchi,Inter-state,Agricultural Produce,Heavy Truck,2026-05-06T11:30:00Z
T00864,N0033,Manipur,Jiribam,N0053,Meghalaya,South West Khasi Hills,Inter-state,Medicine,Truck,2026-09-24T01:15:00Z
T00865,N0091,Sikkim,Gangtok,N0031,Manipur,Noney,Inter-state,Essential Goods,Truck,2026-03-27T16:15:00Z
T00866,N0070,Mizoram,Hnahthial,N0013,Arunachal Pradesh,Upper Subansiri,Inter-state,Food Supplies,Heavy Truck,2026-10-02T10:00:00Z
T00867,N0057,Meghalaya,South West Khasi Hills,N0081,Nagaland,Chumoukedima,Inter-state,Agricultural Produce,Truck,2026-04-16T07:00:00Z
T00868,N0079,Nagaland,Peren,N0032,Manipur,Ukhrul,Inter-state,Medicine,Medium Goods Vehicle,2026-04-01T12:30:00Z
T00869,N0039,Manipur,Thoubal,N0054,Meghalaya,Ri-Bhoi,Inter-state,Medicine,Truck,2026-12-13T23:00:00Z
T00870,N0048,Meghalaya,West Garo Hills,N0059,Meghalaya,West Khasi Hills,Within-state,Food Supplies,Medium Goods Vehicle,2026-05-16T17:45:00Z
T00871,N0070,Mizoram,Hnahthial,N0064,Mizoram,Hnahthial,Within-state,Essential Goods,Heavy Truck,2026-01-27T16:30:00Z
T00872,N0108,Tripura,Unakoti,N0093,Sikkim,Gangtok,Inter-state,Construction Material,Truck,2026-07-08T09:15:00Z
T00873,N0066,Mizoram,Aizawl,N0044,Manipur,Ukhrul,Inter-state,Construction Material,Medium Goods Vehicle,2026-02-19T19:30:00Z
T00874,N0098,Sikkim,Namchi,N0057,Meghalaya,South West Khasi Hills,Inter-state,Essential Goods,Truck,2026-12-05T11:45:00Z
T00875,N0062,Mizoram,Hnahthial,N0108,Tripura,Unakoti,Inter-state,Construction Material,Truck,2026-05-23T07:15:00Z
T00876,N0088,Nagaland,Longleng,N0009,Arunachal Pradesh,Namsai,Inter-state,Construction Material,Heavy Truck,2026-04-01T21:30:00Z
T00877,N0043,Manipur,Noney,N0026,Assam,Kamrup,Inter-state,Food Supplies,Truck,2026-01-27T06:00:00Z
T00878,N0027,Assam,Tinsukia,N0072,Mizoram,Mamit,Inter-state,Agricultural Produce,Medium Goods Vehicle,2026-08-07T21:00:00Z
T00879,N0043,Manipur,Noney,N0108,Tripura,Unakoti,Inter-state,Medicine,Medium Goods Vehicle,2026-07-13T06:45:00Z
T00880,N0054,Meghalaya,Ri-Bhoi,N0056,Meghalaya,East Garo Hills,Within-state,Construction Material,Heavy Truck,2026-01-06T00:15:00Z
T00881,N0118,Tripura,Dhalai,N0025,Assam,Tinsukia,Inter-state,Medicine,Heavy Truck,2026-01-23T21:30:00Z
T00882,N0108,Tripura,Unakoti,N0015,Arunachal Pradesh,Tirap,Inter-state,Agricultural Produce,Medium Goods Vehicle,2026-01-12T18:45:00Z
T00883,N0009,Arunachal Pradesh,Namsai,N0111,Tripura,Dhalai,Inter-state,Construction Material,Heavy Truck,2026-08-23T23:00:00Z
T00884,N0106,Tripura,West Tripura,N0078,Nagaland,Niuland,Inter-state,Agricultural Produce,Heavy Truck,2026-04-10T22:00:00Z
T00885,N0098,Sikkim,Namchi,N0042,Manipur,Jiribam,Inter-state,Food Supplies,Truck,2026-12-26T14:30:00Z
T00886,N0062,Mizoram,Hnahthial,N0048,Meghalaya,West Garo Hills,Inter-state,Essential Goods,Medium Goods Vehicle,2026-12-25T00:00:00Z
T00887,N0104,Sikkim,Mangan,N0053,Meghalaya,South West Khasi Hills,Inter-state,Construction Material,Truck,2026-06-09T11:15:00Z
T00888,N0076,Nagaland,Kohima,N0082,Nagaland,Mon,Within-state,Agricultural Produce,Truck,2026-07-15T21:30:00Z
T00889,N0116,Tripura,Sepahijala,N0085,Nagaland,Phek,Inter-state,Essential Goods,Medium Goods Vehicle,2026-07-20T21:15:00Z
T00890,N0120,Tripura,Sepahijala,N0055,Meghalaya,West Jaintia Hills,Inter-state,Agricultural Produce,Heavy Truck,2026-04-16T09:30:00Z
T00891,N0027,Assam,Tinsukia,N0120,Tripura,Sepahijala,Inter-state,Construction Material,Medium Goods Vehicle,2026-11-01T21:30:00Z
T00892,N0115,Tripura,West Tripura,N0062,Mizoram,Hnahthial,Inter-state,Medicine,Truck,2026-02-25T18:00:00Z
T00893,N0102,Sikkim,Gyalshing,N0015,Arunachal Pradesh,Tirap,Inter-state,Food Supplies,Heavy Truck,2026-11-05T03:30:00Z
T00894,N0046,Meghalaya,South Garo Hills,N0033,Manipur,Jiribam,Inter-state,Essential Goods,Truck,2026-02-14T13:15:00Z
T00895,N0116,Tripura,Sepahijala,N0047,Meghalaya,Eastern West Khasi Hills,Inter-state,Essential Goods,Truck,2026-02-26T04:00:00Z
T00896,N0024,Assam,Nagaon,N0074,Mizoram,Lunglei,Inter-state,Essential Goods,Heavy Truck,2026-04-06T17:00:00Z
T00897,N0047,Meghalaya,Eastern West Khasi Hills,N0093,Sikkim,Gangtok,Inter-state,Medicine,Medium Goods Vehicle,2026-10-12T02:00:00Z
T00898,N0011,Arunachal Pradesh,Namsai,N0086,Nagaland,Wokha,Inter-state,Essential Goods,Heavy Truck,2026-10-17T07:30:00Z
T00899,N0009,Arunachal Pradesh,Namsai,N0005,Arunachal Pradesh,Upper Subansiri,Within-state,Medicine,Heavy Truck,2026-03-06T05:15:00Z
T00900,N0102,Sikkim,Gyalshing,N0028,Assam,Lakhimpur,Inter-state,Medicine,Truck,2026-11-01T04:30:00Z
T00901,N0070,Mizoram,Hnahthial,N0091,Sikkim,Gangtok,Inter-state,Essential Goods,Heavy Truck,2026-01-02T14:00:00Z
T00902,N0119,Tripura,West Tripura,N0091,Sikkim,Gangtok,Inter-state,Agricultural Produce,Truck,2026-09-20T19:45:00Z
T00903,N0092,Sikkim,Namchi,N0116,Tripura,Sepahijala,Inter-state,Construction Material,Heavy Truck,2026-12-27T04:15:00Z
T00904,N0003,Arunachal Pradesh,Tawang,N0021,Assam,Golaghat,Inter-state,Medicine,Heavy Truck,2026-12-22T04:30:00Z
T00905,N0047,Meghalaya,Eastern West Khasi Hills,N0029,Assam,Barpeta,Inter-state,Construction Material,Truck,2026-07-03T14:30:00Z
T00906,N0096,Sikkim,Pakyong,N0051,Meghalaya,East Garo Hills,Inter-state,Construction Material,Truck,2026-12-12T23:30:00Z
T00907,N0105,Sikkim,Mangan,N0028,Assam,Lakhimpur,Inter-state,Agricultural Produce,Heavy Truck,2026-01-09T22:30:00Z
T00908,N0067,Mizoram,Hnahthial,N0114,Tripura,Sepahijala,Inter-state,Essential Goods,Heavy Truck,2026-06-21T01:45:00Z
T00909,N0032,Manipur,Ukhrul,N0057,Meghalaya,South West Khasi Hills,Inter-state,Food Supplies,Truck,2026-04-24T19:30:00Z
T00910,N0035,Manipur,Ukhrul,N0067,Mizoram,Hnahthial,Inter-state,Construction Material,Truck,2026-06-07T15:00:00Z
T00911,N0074,Mizoram,Lunglei,N0011,Arunachal Pradesh,Namsai,Inter-state,Essential Goods,Medium Goods Vehicle,2026-06-24T02:00:00Z
T00912,N0088,Nagaland,Longleng,N0079,Nagaland,Peren,Within-state,Medicine,Heavy Truck,2026-12-10T11:45:00Z
T00913,N0069,Mizoram,Mamit,N0059,Meghalaya,West Khasi Hills,Inter-state,Medicine,Medium Goods Vehicle,2026-03-10T05:30:00Z
T00914,N0055,Meghalaya,West Jaintia Hills,N0059,Meghalaya,West Khasi Hills,Within-state,Essential Goods,Medium Goods Vehicle,2026-12-12T15:15:00Z
T00915,N0113,Tripura,Unakoti,N0109,Tripura,South Tripura,Within-state,Agricultural Produce,Medium Goods Vehicle,2026-04-06T16:15:00Z
T00916,N0083,Nagaland,Dimapur,N0017,Assam,Dhubri,Inter-state,Agricultural Produce,Truck,2026-10-21T19:30:00Z
T00917,N0007,Arunachal Pradesh,West Kameng,N0005,Arunachal Pradesh,Upper Subansiri,Within-state,Food Supplies,Medium Goods Vehicle,2026-10-22T15:15:00Z
T00918,N0064,Mizoram,Hnahthial,N0093,Sikkim,Gangtok,Inter-state,Food Supplies,Heavy Truck,2026-12-20T15:15:00Z
T00919,N0111,Tripura,Dhalai,N0003,Arunachal Pradesh,Tawang,Inter-state,Essential Goods,Heavy Truck,2026-05-02T19:00:00Z
T00920,N0059,Meghalaya,West Khasi Hills,N0118,Tripura,Dhalai,Inter-state,Medicine,Heavy Truck,2026-03-12T03:15:00Z
T00921,N0013,Arunachal Pradesh,Upper Subansiri,N0091,Sikkim,Gangtok,Inter-state,Agricultural Produce,Medium Goods Vehicle,2026-06-21T14:00:00Z
T00922,N0107,Tripura,West Tripura,N0067,Mizoram,Hnahthial,Inter-state,Medicine,Medium Goods Vehicle,2026-10-08T21:00:00Z
T00923,N0041,Manipur,Imphal East,N0017,Assam,Dhubri,Inter-state,Medicine,Truck,2026-07-01T09:15:00Z
T00924,N0096,Sikkim,Pakyong,N0021,Assam,Golaghat,Inter-state,Agricultural Produce,Medium Goods Vehicle,2026-01-05T20:15:00Z
T00925,N0101,Sikkim,Namchi,N0085,Nagaland,Phek,Inter-state,Construction Material,Heavy Truck,2026-08-19T11:15:00Z
T00926,N0109,Tripura,South Tripura,N0040,Manipur,Noney,Inter-state,Medicine,Truck,2026-05-11T10:00:00Z
T00927,N0004,Arunachal Pradesh,Upper Subansiri,N0067,Mizoram,Hnahthial,Inter-state,Agricultural Produce,Truck,2026-11-28T19:00:00Z
T00928,N0023,Assam,Kamrup Metropolitan,N0092,Sikkim,Namchi,Inter-state,Agricultural Produce,Heavy Truck,2026-12-28T18:30:00Z
T00929,N0055,Meghalaya,West Jaintia Hills,N0006,Arunachal Pradesh,East Kameng,Inter-state,Food Supplies,Heavy Truck,2026-08-01T01:15:00Z
T00930,N0107,Tripura,West Tripura,N0015,Arunachal Pradesh,Tirap,Inter-state,Essential Goods,Medium Goods Vehicle,2026-11-25T13:45:00Z
T00931,N0083,Nagaland,Dimapur,N0100,Sikkim,Gyalshing,Inter-state,Agricultural Produce,Truck,2026-02-11T01:30:00Z
T00932,N0079,Nagaland,Peren,N0077,Nagaland,Zunheboto,Within-state,Construction Material,Truck,2026-04-11T21:00:00Z
T00933,N0010,Arunachal Pradesh,East Kameng,N0051,Meghalaya,East Garo Hills,Inter-state,Medicine,Heavy Truck,2026-12-12T04:00:00Z
T00934,N0061,Mizoram,Saitual,N0037,Manipur,Tamenglong,Inter-state,Construction Material,Heavy Truck,2026-11-08T05:15:00Z
T00935,N0056,Meghalaya,East Garo Hills,N0019,Assam,Dhemaji,Inter-state,Agricultural Produce,Heavy Truck,2026-12-12T09:00:00Z
T00936,N0018,Assam,Darrang,N0010,Arunachal Pradesh,East Kameng,Inter-state,Essential Goods,Medium Goods Vehicle,2026-12-01T16:45:00Z
T00937,N0092,Sikkim,Namchi,N0080,Nagaland,Longleng,Inter-state,Food Supplies,Heavy Truck,2026-07-13T01:30:00Z
T00938,N0001,Arunachal Pradesh,Tawang,N0043,Manipur,Noney,Inter-state,Agricultural Produce,Medium Goods Vehicle,2026-11-17T08:15:00Z
T00939,N0011,Arunachal Pradesh,Namsai,N0002,Arunachal Pradesh,Lower Subansiri,Within-state,Agricultural Produce,Heavy Truck,2026-08-14T14:30:00Z
T00940,N0083,Nagaland,Dimapur,N0045,Manipur,Senapati,Inter-state,Medicine,Truck,2026-12-27T07:00:00Z
T00941,N0015,Arunachal Pradesh,Tirap,N0005,Arunachal Pradesh,Upper Subansiri,Within-state,Essential Goods,Heavy Truck,2026-06-27T16:00:00Z
T00942,N0082,Nagaland,Mon,N0088,Nagaland,Longleng,Within-state,Food Supplies,Medium Goods Vehicle,2026-08-23T18:15:00Z
T00943,N0103,Sikkim,Namchi,N0037,Manipur,Tamenglong,Inter-state,Agricultural Produce,Heavy Truck,2026-03-16T09:00:00Z
T00944,N0108,Tripura,Unakoti,N0023,Assam,Kamrup Metropolitan,Inter-state,Medicine,Heavy Truck,2026-11-20T18:30:00Z
T00945,N0113,Tripura,Unakoti,N0055,Meghalaya,West Jaintia Hills,Inter-state,Construction Material,Truck,2026-04-21T13:00:00Z
T00946,N0117,Tripura,Dhalai,N0047,Meghalaya,Eastern West Khasi Hills,Inter-state,Agricultural Produce,Heavy Truck,2026-01-28T16:45:00Z
T00947,N0076,Nagaland,Kohima,N0036,Manipur,Ukhrul,Inter-state,Essential Goods,Heavy Truck,2026-02-08T07:30:00Z
T00948,N0072,Mizoram,Mamit,N0018,Assam,Darrang,Inter-state,Agricultural Produce,Truck,2026-06-13T15:30:00Z
T00949,N0033,Manipur,Jiribam,N0028,Assam,Lakhimpur,Inter-state,Agricultural Produce,Medium Goods Vehicle,2026-06-02T19:45:00Z
T00950,N0103,Sikkim,Namchi,N0022,Assam,Barpeta,Inter-state,Essential Goods,Heavy Truck,2026-06-15T18:45:00Z
T00951,N0104,Sikkim,Mangan,N0051,Meghalaya,East Garo Hills,Inter-state,Essential Goods,Heavy Truck,2026-09-09T00:00:00Z
T00952,N0013,Arunachal Pradesh,Upper Subansiri,N0039,Manipur,Thoubal,Inter-state,Medicine,Medium Goods Vehicle,2026-05-25T05:00:00Z
T00953,N0115,Tripura,West Tripura,N0032,Manipur,Ukhrul,Inter-state,Construction Material,Medium Goods Vehicle,2026-06-26T20:15:00Z
T00954,N0067,Mizoram,Hnahthial,N0104,Sikkim,Mangan,Inter-state,Agricultural Produce,Truck,2026-03-28T02:30:00Z
T00955,N0106,Tripura,West Tripura,N0103,Sikkim,Namchi,Inter-state,Construction Material,Truck,2026-03-03T09:15:00Z
T00956,N0050,Meghalaya,East Khasi Hills,N0080,Nagaland,Longleng,Inter-state,Essential Goods,Truck,2026-05-28T13:15:00Z
T00957,N0061,Mizoram,Saitual,N0018,Assam,Darrang,Inter-state,Essential Goods,Heavy Truck,2026-12-15T11:45:00Z
T00958,N0036,Manipur,Ukhrul,N0092,Sikkim,Namchi,Inter-state,Essential Goods,Medium Goods Vehicle,2026-06-18T09:15:00Z
T00959,N0100,Sikkim,Gyalshing,N0006,Arunachal Pradesh,East Kameng,Inter-state,Construction Material,Truck,2026-01-24T00:15:00Z
T00960,N0069,Mizoram,Mamit,N0080,Nagaland,Longleng,Inter-state,Agricultural Produce,Truck,2026-08-11T19:15:00Z
T00961,N0020,Assam,Dhubri,N0114,Tripura,Sepahijala,Inter-state,Food Supplies,Truck,2026-03-27T20:15:00Z
T00962,N0113,Tripura,Unakoti,N0119,Tripura,West Tripura,Within-state,Food Supplies,Truck,2026-12-01T21:45:00Z
T00963,N0044,Manipur,Ukhrul,N0034,Manipur,Ukhrul,Within-state,Agricultural Produce,Medium Goods Vehicle,2026-05-13T09:00:00Z
T00964,N0076,Nagaland,Kohima,N0071,Mizoram,Champhai,Inter-state,Construction Material,Truck,2026-09-25T18:30:00Z
T00965,N0015,Arunachal Pradesh,Tirap,N0012,Arunachal Pradesh,West Siang,Within-state,Medicine,Medium Goods Vehicle,2026-11-18T15:15:00Z
T00966,N0098,Sikkim,Namchi,N0036,Manipur,Ukhrul,Inter-state,Construction Material,Heavy Truck,2026-05-18T01:15:00Z
T00967,N0050,Meghalaya,East Khasi Hills,N0007,Arunachal Pradesh,West Kameng,Inter-state,Construction Material,Medium Goods Vehicle,2026-03-13T06:30:00Z
T00968,N0106,Tripura,West Tripura,N0068,Mizoram,Aizawl,Inter-state,Food Supplies,Medium Goods Vehicle,2026-05-26T00:15:00Z
T00969,N0081,Nagaland,Chumoukedima,N0010,Arunachal Pradesh,East Kameng,Inter-state,Medicine,Heavy Truck,2026-07-21T14:45:00Z
T00970,N0022,Assam,Barpeta,N0057,Meghalaya,South West Khasi Hills,Inter-state,Medicine,Truck,2026-06-27T17:30:00Z
T00971,N0085,Nagaland,Phek,N0023,Assam,Kamrup Metropolitan,Inter-state,Construction Material,Medium Goods Vehicle,2026-06-02T04:30:00Z
T00972,N0115,Tripura,West Tripura,N0055,Meghalaya,West Jaintia Hills,Inter-state,Agricultural Produce,Truck,2026-06-01T10:30:00Z
T00973,N0033,Manipur,Jiribam,N0050,Meghalaya,East Khasi Hills,Inter-state,Essential Goods,Truck,2026-10-17T09:15:00Z
T00974,N0062,Mizoram,Hnahthial,N0001,Arunachal Pradesh,Tawang,Inter-state,Food Supplies,Medium Goods Vehicle,2026-09-28T14:30:00Z
T00975,N0114,Tripura,Sepahijala,N0082,Nagaland,Mon,Inter-state,Construction Material,Heavy Truck,2026-01-25T17:30:00Z
T00976,N0078,Nagaland,Niuland,N0010,Arunachal Pradesh,East Kameng,Inter-state,Essential Goods,Medium Goods Vehicle,2026-03-09T14:15:00Z
T00977,N0076,Nagaland,Kohima,N0058,Meghalaya,East Khasi Hills,Inter-state,Essential Goods,Truck,2026-06-11T05:30:00Z
T00978,N0028,Assam,Lakhimpur,N0018,Assam,Darrang,Within-state,Medicine,Heavy Truck,2026-11-17T14:30:00Z
T00979,N0026,Assam,Kamrup,N0064,Mizoram,Hnahthial,Inter-state,Food Supplies,Truck,2026-05-02T00:45:00Z
T00980,N0007,Arunachal Pradesh,West Kameng,N0095,Sikkim,Gyalshing,Inter-state,Medicine,Medium Goods Vehicle,2026-08-09T01:00:00Z
T00981,N0024,Assam,Nagaon,N0029,Assam,Barpeta,Within-state,Agricultural Produce,Heavy Truck,2026-02-01T04:15:00Z
T00982,N0017,Assam,Dhubri,N0009,Arunachal Pradesh,Namsai,Inter-state,Essential Goods,Medium Goods Vehicle,2026-03-21T10:15:00Z
T00983,N0053,Meghalaya,South West Khasi Hills,N0035,Manipur,Ukhrul,Inter-state,Essential Goods,Truck,2026-03-18T15:30:00Z
T00984,N0097,Sikkim,Mangan,N0004,Arunachal Pradesh,Upper Subansiri,Inter-state,Food Supplies,Heavy Truck,2026-08-20T22:45:00Z
T00985,N0005,Arunachal Pradesh,Upper Subansiri,N0013,Arunachal Pradesh,Upper Subansiri,Within-state,Construction Material,Medium Goods Vehicle,2026-10-26T14:15:00Z
T00986,N0027,Assam,Tinsukia,N0002,Arunachal Pradesh,Lower Subansiri,Inter-state,Food Supplies,Medium Goods Vehicle,2026-02-01T06:45:00Z
T00987,N0093,Sikkim,Gangtok,N0011,Arunachal Pradesh,Namsai,Inter-state,Construction Material,Heavy Truck,2026-12-03T10:00:00Z
T00988,N0112,Tripura,Unakoti,N0072,Mizoram,Mamit,Inter-state,Essential Goods,Heavy Truck,2026-08-27T08:45:00Z
T00989,N0109,Tripura,South Tripura,N0001,Arunachal Pradesh,Tawang,Inter-state,Medicine,Truck,2026-11-04T08:15:00Z
T00990,N0008,Arunachal Pradesh,Tawang,N0118,Tripura,Dhalai,Inter-state,Construction Material,Medium Goods Vehicle,2026-01-01T16:00:00Z
T00991,N0072,Mizoram,Mamit,N0064,Mizoram,Hnahthial,Within-state,Food Supplies,Truck,2026-01-28T03:30:00Z
T00992,N0032,Manipur,Ukhrul,N0098,Sikkim,Namchi,Inter-state,Medicine,Medium Goods Vehicle,2026-07-15T20:30:00Z
T00993,N0030,Assam,Dibrugarh,N0031,Manipur,Noney,Inter-state,Essential Goods,Medium Goods Vehicle,2026-04-27T21:45:00Z
T00994,N0021,Assam,Golaghat,N0051,Meghalaya,East Garo Hills,Inter-state,Agricultural Produce,Heavy Truck,2026-03-28T18:00:00Z
T00995,N0016,Assam,Darrang,N0003,Arunachal Pradesh,Tawang,Inter-state,Essential Goods,Medium Goods Vehicle,2026-02-13T00:15:00Z
T00996,N0069,Mizoram,Mamit,N0103,Sikkim,Namchi,Inter-state,Construction Material,Truck,2026-08-07T18:45:00Z
T00997,N0078,Nagaland,Niuland,N0028,Assam,Lakhimpur,Inter-state,Agricultural Produce,Heavy Truck,2026-10-25T20:45:00Z
T00998,N0120,Tripura,Sepahijala,N0090,Nagaland,Chumoukedima,Inter-state,Medicine,Heavy Truck,2026-01-21T01:45:00Z
T00999,N0087,Nagaland,Kohima,N0040,Manipur,Noney,Inter-state,Medicine,Heavy Truck,2026-03-09T05:45:00Z
T01000,N0004,Arunachal Pradesh,Upper Subansiri,N0043,Manipur,Noney,Inter-state,Construction Material,Truck,2026-04-09T16:45:00Z
T01001,N0099,Sikkim,Mangan,N0060,Meghalaya,East Garo Hills,Inter-state,Construction Material,Heavy Truck,2026-09-26T17:30:00Z
T01002,N0078,Nagaland,Niuland,N0009,Arunachal Pradesh,Namsai,Inter-state,Medicine,Truck,2026-03-26T04:30:00Z
T01003,N0036,Manipur,Ukhrul,N0074,Mizoram,Lunglei,Inter-state,Agricultural Produce,Medium Goods Vehicle,2026-03-18T20:30:00Z
T01004,N0082,Nagaland,Mon,N0010,Arunachal Pradesh,East Kameng,Inter-state,Medicine,Medium Goods Vehicle,2026-05-10T11:15:00Z
T01005,N0064,Mizoram,Hnahthial,N0005,Arunachal Pradesh,Upper Subansiri,Inter-state,Agricultural Produce,Truck,2026-03-27T08:15:00Z
T01006,N0043,Manipur,Noney,N0104,Sikkim,Mangan,Inter-state,Essential Goods,Heavy Truck,2026-01-17T12:15:00Z
T01007,N0014,Arunachal Pradesh,Longding,N0037,Manipur,Tamenglong,Inter-state,Medicine,Truck,2026-06-07T03:00:00Z
T01008,N0025,Assam,Tinsukia,N0047,Meghalaya,Eastern West Khasi Hills,Inter-state,Agricultural Produce,Heavy Truck,2026-01-25T22:00:00Z
T01009,N0101,Sikkim,Namchi,N0061,Mizoram,Saitual,Inter-state,Agricultural Produce,Truck,2026-02-22T00:15:00Z
T01010,N0059,Meghalaya,West Khasi Hills,N0098,Sikkim,Namchi,Inter-state,Construction Material,Heavy Truck,2026-04-07T14:15:00Z
T01011,N0035,Manipur,Ukhrul,N0012,Arunachal Pradesh,West Siang,Inter-state,Food Supplies,Medium Goods Vehicle,2026-01-09T13:30:00Z
T01012,N0119,Tripura,West Tripura,N0077,Nagaland,Zunheboto,Inter-state,Construction Material,Truck,2026-11-25T01:00:00Z
T01013,N0079,Nagaland,Peren,N0093,Sikkim,Gangtok,Inter-state,Agricultural Produce,Truck,2026-02-26T22:15:00Z
T01014,N0098,Sikkim,Namchi,N0106,Tripura,West Tripura,Inter-state,Agricultural Produce,Truck,2026-03-03T21:15:00Z
T01015,N0096,Sikkim,Pakyong,N0094,Sikkim,Gangtok,Within-state,Agricultural Produce,Medium Goods Vehicle,2026-11-21T21:45:00Z
T01016,N0117,Tripura,Dhalai,N0021,Assam,Golaghat,Inter-state,Food Supplies,Heavy Truck,2026-03-18T00:30:00Z
T01017,N0055,Meghalaya,West Jaintia Hills,N0071,Mizoram,Champhai,Inter-state,Agricultural Produce,Truck,2026-07-06T07:30:00Z
T01018,N0030,Assam,Dibrugarh,N0070,Mizoram,Hnahthial,Inter-state,Essential Goods,Heavy Truck,2026-07-18T17:45:00Z
T01019,N0099,Sikkim,Mangan,N0109,Tripura,South Tripura,Inter-state,Construction Material,Medium Goods Vehicle,2026-02-14T17:45:00Z
T01020,N0107,Tripura,West Tripura,N0065,Mizoram,Saitual,Inter-state,Construction Material,Medium Goods Vehicle,2026-12-20T00:45:00Z
T01021,N0107,Tripura,West Tripura,N0118,Tripura,Dhalai,Within-state,Medicine,Heavy Truck,2026-04-12T09:00:00Z
T01022,N0107,Tripura,West Tripura,N0118,Tripura,Dhalai,Within-state,Construction Material,Truck,2026-05-27T22:45:00Z
T01023,N0055,Meghalaya,West Jaintia Hills,N0092,Sikkim,Namchi,Inter-state,Essential Goods,Medium Goods Vehicle,2026-02-12T15:00:00Z
T01024,N0050,Meghalaya,East Khasi Hills,N0088,Nagaland,Longleng,Inter-state,Essential Goods,Truck,2026-04-02T03:15:00Z
T01025,N0062,Mizoram,Hnahthial,N0070,Mizoram,Hnahthial,Within-state,Food Supplies,Medium Goods Vehicle,2026-08-27T02:30:00Z
T01026,N0117,Tripura,Dhalai,N0047,Meghalaya,Eastern West Khasi Hills,Inter-state,Agricultural Produce,Medium Goods Vehicle,2026-10-12T02:00:00Z
T01027,N0107,Tripura,West Tripura,N0035,Manipur,Ukhrul,Inter-state,Medicine,Truck,2026-06-16T00:00:00Z
T01028,N0062,Mizoram,Hnahthial,N0069,Mizoram,Mamit,Within-state,Construction Material,Medium Goods Vehicle,2026-09-03T02:30:00Z
T01029,N0029,Assam,Barpeta,N0104,Sikkim,Mangan,Inter-state,Construction Material,Heavy Truck,2026-05-04T14:15:00Z
T01030,N0036,Manipur,Ukhrul,N0026,Assam,Kamrup,Inter-state,Food Supplies,Truck,2026-08-24T01:15:00Z
T01031,N0110,Tripura,Dhalai,N0080,Nagaland,Longleng,Inter-state,Medicine,Medium Goods Vehicle,2026-02-05T16:15:00Z
T01032,N0024,Assam,Nagaon,N0079,Nagaland,Peren,Inter-state,Medicine,Truck,2026-06-17T14:30:00Z
T01033,N0017,Assam,Dhubri,N0050,Meghalaya,East Khasi Hills,Inter-state,Food Supplies,Heavy Truck,2026-05-16T03:15:00Z
T01034,N0049,Meghalaya,North Garo Hills,N0043,Manipur,Noney,Inter-state,Agricultural Produce,Truck,2026-05-26T07:15:00Z
T01035,N0074,Mizoram,Lunglei,N0041,Manipur,Imphal East,Inter-state,Construction Material,Truck,2026-10-18T19:00:00Z
T01036,N0083,Nagaland,Dimapur,N0102,Sikkim,Gyalshing,Inter-state,Essential Goods,Medium Goods Vehicle,2026-08-23T06:45:00Z
T01037,N0077,Nagaland,Zunheboto,N0081,Nagaland,Chumoukedima,Within-state,Construction Material,Heavy Truck,2026-01-19T18:30:00Z
T01038,N0073,Mizoram,Champhai,N0056,Meghalaya,East Garo Hills,Inter-state,Food Supplies,Heavy Truck,2026-05-17T03:00:00Z
T01039,N0091,Sikkim,Gangtok,N0029,Assam,Barpeta,Inter-state,Medicine,Medium Goods Vehicle,2026-07-07T12:45:00Z
T01040,N0107,Tripura,West Tripura,N0083,Nagaland,Dimapur,Inter-state,Medicine,Medium Goods Vehicle,2026-01-01T17:00:00Z
T01041,N0006,Arunachal Pradesh,East Kameng,N0037,Manipur,Tamenglong,Inter-state,Agricultural Produce,Truck,2026-07-16T10:15:00Z
T01042,N0002,Arunachal Pradesh,Lower Subansiri,N0091,Sikkim,Gangtok,Inter-state,Essential Goods,Medium Goods Vehicle,2026-06-02T15:45:00Z
T01043,N0032,Manipur,Ukhrul,N0040,Manipur,Noney,Within-state,Medicine,Truck,2026-04-12T08:45:00Z
T01044,N0034,Manipur,Ukhrul,N0116,Tripura,Sepahijala,Inter-state,Food Supplies,Medium Goods Vehicle,2026-02-05T19:45:00Z
T01045,N0095,Sikkim,Gyalshing,N0025,Assam,Tinsukia,Inter-state,Agricultural Produce,Truck,2026-07-19T18:30:00Z
T01046,N0027,Assam,Tinsukia,N0030,Assam,Dibrugarh,Within-state,Food Supplies,Medium Goods Vehicle,2026-09-04T11:15:00Z
T01047,N0117,Tripura,Dhalai,N0038,Manipur,Ukhrul,Inter-state,Essential Goods,Heavy Truck,2026-08-25T00:45:00Z
T01048,N0042,Manipur,Jiribam,N0094,Sikkim,Gangtok,Inter-state,Agricultural Produce,Heavy Truck,2026-06-03T01:30:00Z
T01049,N0081,Nagaland,Chumoukedima,N0004,Arunachal Pradesh,Upper Subansiri,Inter-state,Essential Goods,Truck,2026-01-16T22:00:00Z
T01050,N0072,Mizoram,Mamit,N0033,Manipur,Jiribam,Inter-state,Essential Goods,Truck,2026-02-16T08:00:00Z
T01051,N0031,Manipur,Noney,N0050,Meghalaya,East Khasi Hills,Inter-state,Essential Goods,Medium Goods Vehicle,2026-08-12T12:15:00Z
T01052,N0013,Arunachal Pradesh,Upper Subansiri,N0080,Nagaland,Longleng,Inter-state,Medicine,Medium Goods Vehicle,2026-12-10T01:00:00Z
T01053,N0046,Meghalaya,South Garo Hills,N0094,Sikkim,Gangtok,Inter-state,Construction Material,Medium Goods Vehicle,2026-04-09T15:45:00Z
T01054,N0119,Tripura,West Tripura,N0083,Nagaland,Dimapur,Inter-state,Food Supplies,Heavy Truck,2026-08-14T13:30:00Z
T01055,N0081,Nagaland,Chumoukedima,N0002,Arunachal Pradesh,Lower Subansiri,Inter-state,Agricultural Produce,Medium Goods Vehicle,2026-03-12T18:30:00Z
T01056,N0038,Manipur,Ukhrul,N0035,Manipur,Ukhrul,Within-state,Medicine,Medium Goods Vehicle,2026-05-24T01:45:00Z
T01057,N0112,Tripura,Unakoti,N0101,Sikkim,Namchi,Inter-state,Food Supplies,Heavy Truck,2026-03-01T00:30:00Z
T01058,N0083,Nagaland,Dimapur,N0027,Assam,Tinsukia,Inter-state,Medicine,Medium Goods Vehicle,2026-09-08T10:00:00Z
T01059,N0021,Assam,Golaghat,N0019,Assam,Dhemaji,Within-state,Medicine,Heavy Truck,2026-09-13T13:45:00Z
T01060,N0029,Assam,Barpeta,N0073,Mizoram,Champhai,Inter-state,Medicine,Truck,2026-07-10T23:00:00Z
T01061,N0059,Meghalaya,West Khasi Hills,N0026,Assam,Kamrup,Inter-state,Food Supplies,Medium Goods Vehicle,2026-09-28T04:45:00Z
T01062,N0077,Nagaland,Zunheboto,N0094,Sikkim,Gangtok,Inter-state,Essential Goods,Truck,2026-10-17T17:30:00Z
T01063,N0010,Arunachal Pradesh,East Kameng,N0082,Nagaland,Mon,Inter-state,Medicine,Medium Goods Vehicle,2026-01-15T20:15:00Z
T01064,N0071,Mizoram,Champhai,N0007,Arunachal Pradesh,West Kameng,Inter-state,Construction Material,Heavy Truck,2026-01-07T17:45:00Z
T01065,N0043,Manipur,Noney,N0077,Nagaland,Zunheboto,Inter-state,Agricultural Produce,Truck,2026-04-25T05:00:00Z
T01066,N0087,Nagaland,Kohima,N0010,Arunachal Pradesh,East Kameng,Inter-state,Construction Material,Medium Goods Vehicle,2026-10-16T19:30:00Z
T01067,N0043,Manipur,Noney,N0113,Tripura,Unakoti,Inter-state,Medicine,Truck,2026-04-04T04:45:00Z
T01068,N0008,Arunachal Pradesh,Tawang,N0038,Manipur,Ukhrul,Inter-state,Essential Goods,Heavy Truck,2026-12-04T20:45:00Z
T01069,N0103,Sikkim,Namchi,N0086,Nagaland,Wokha,Inter-state,Food Supplies,Truck,2026-08-16T09:30:00Z
T01070,N0064,Mizoram,Hnahthial,N0083,Nagaland,Dimapur,Inter-state,Medicine,Truck,2026-06-10T03:45:00Z
T01071,N0105,Sikkim,Mangan,N0030,Assam,Dibrugarh,Inter-state,Essential Goods,Heavy Truck,2026-03-23T11:00:00Z
T01072,N0061,Mizoram,Saitual,N0105,Sikkim,Mangan,Inter-state,Medicine,Medium Goods Vehicle,2026-04-12T09:00:00Z
T01073,N0051,Meghalaya,East Garo Hills,N0044,Manipur,Ukhrul,Inter-state,Agricultural Produce,Truck,2026-05-03T22:30:00Z
T01074,N0061,Mizoram,Saitual,N0031,Manipur,Noney,Inter-state,Essential Goods,Truck,2026-02-17T12:15:00Z
T01075,N0110,Tripura,Dhalai,N0039,Manipur,Thoubal,Inter-state,Medicine,Heavy Truck,2026-11-26T08:15:00Z
T01076,N0031,Manipur,Noney,N0037,Manipur,Tamenglong,Within-state,Medicine,Medium Goods Vehicle,2026-11-04T20:15:00Z
T01077,N0117,Tripura,Dhalai,N0026,Assam,Kamrup,Inter-state,Construction Material,Truck,2026-04-11T03:00:00Z
T01078,N0111,Tripura,Dhalai,N0039,Manipur,Thoubal,Inter-state,Medicine,Truck,2026-02-10T09:45:00Z
T01079,N0016,Assam,Darrang,N0102,Sikkim,Gyalshing,Inter-state,Food Supplies,Medium Goods Vehicle,2026-08-23T05:45:00Z
T01080,N0042,Manipur,Jiribam,N0074,Mizoram,Lunglei,Inter-state,Medicine,Medium Goods Vehicle,2026-06-09T05:15:00Z
T01081,N0013,Arunachal Pradesh,Upper Subansiri,N0066,Mizoram,Aizawl,Inter-state,Medicine,Medium Goods Vehicle,2026-12-06T10:30:00Z
T01082,N0103,Sikkim,Namchi,N0117,Tripura,Dhalai,Inter-state,Agricultural Produce,Truck,2026-11-26T08:30:00Z
T01083,N0066,Mizoram,Aizawl,N0021,Assam,Golaghat,Inter-state,Essential Goods,Truck,2026-10-28T23:30:00Z
T01084,N0107,Tripura,West Tripura,N0069,Mizoram,Mamit,Inter-state,Construction Material,Medium Goods Vehicle,2026-04-13T07:15:00Z
T01085,N0030,Assam,Dibrugarh,N0106,Tripura,West Tripura,Inter-state,Medicine,Medium Goods Vehicle,2026-02-02T01:30:00Z
T01086,N0112,Tripura,Unakoti,N0035,Manipur,Ukhrul,Inter-state,Construction Material,Heavy Truck,2026-07-20T01:30:00Z
T01087,N0117,Tripura,Dhalai,N0092,Sikkim,Namchi,Inter-state,Agricultural Produce,Heavy Truck,2026-01-10T08:45:00Z
T01088,N0024,Assam,Nagaon,N0030,Assam,Dibrugarh,Within-state,Construction Material,Heavy Truck,2026-09-04T05:15:00Z
T01089,N0005,Arunachal Pradesh,Upper Subansiri,N0061,Mizoram,Saitual,Inter-state,Medicine,Medium Goods Vehicle,2026-10-26T08:15:00Z
T01090,N0116,Tripura,Sepahijala,N0034,Manipur,Ukhrul,Inter-state,Essential Goods,Truck,2026-12-18T06:15:00Z
T01091,N0066,Mizoram,Aizawl,N0064,Mizoram,Hnahthial,Within-state,Food Supplies,Heavy Truck,2026-05-01T03:00:00Z
T01092,N0025,Assam,Tinsukia,N0050,Meghalaya,East Khasi Hills,Inter-state,Food Supplies,Medium Goods Vehicle,2026-07-11T21:15:00Z
T01093,N0114,Tripura,Sepahijala,N0067,Mizoram,Hnahthial,Inter-state,Medicine,Heavy Truck,2026-04-25T10:45:00Z
T01094,N0108,Tripura,Unakoti,N0115,Tripura,West Tripura,Within-state,Medicine,Truck,2026-07-09T20:45:00Z
T01095,N0031,Manipur,Noney,N0087,Nagaland,Kohima,Inter-state,Agricultural Produce,Heavy Truck,2026-01-15T16:15:00Z
T01096,N0041,Manipur,Imphal East,N0050,Meghalaya,East Khasi Hills,Inter-state,Medicine,Medium Goods Vehicle,2026-07-26T21:30:00Z
T01097,N0036,Manipur,Ukhrul,N0062,Mizoram,Hnahthial,Inter-state,Food Supplies,Heavy Truck,2026-06-27T03:00:00Z
T01098,N0063,Mizoram,Serchhip,N0093,Sikkim,Gangtok,Inter-state,Essential Goods,Medium Goods Vehicle,2026-10-23T09:15:00Z
T01099,N0061,Mizoram,Saitual,N0044,Manipur,Ukhrul,Inter-state,Agricultural Produce,Medium Goods Vehicle,2026-03-13T11:45:00Z
T01100,N0041,Manipur,Imphal East,N0004,Arunachal Pradesh,Upper Subansiri,Inter-state,Construction Material,Truck,2026-08-11T19:00:00Z
T01101,N0101,Sikkim,Namchi,N0118,Tripura,Dhalai,Inter-state,Essential Goods,Heavy Truck,2026-02-26T03:45:00Z
T01102,N0034,Manipur,Ukhrul,N0095,Sikkim,Gyalshing,Inter-state,Construction Material,Heavy Truck,2026-12-07T04:30:00Z
T01103,N0031,Manipur,Noney,N0106,Tripura,West Tripura,Inter-state,Agricultural Produce,Heavy Truck,2026-09-07T03:00:00Z
T01104,N0069,Mizoram,Mamit,N0003,Arunachal Pradesh,Tawang,Inter-state,Food Supplies,Medium Goods Vehicle,2026-08-15T06:30:00Z
T01105,N0097,Sikkim,Mangan,N0101,Sikkim,Namchi,Within-state,Construction Material,Medium Goods Vehicle,2026-02-02T11:00:00Z
T01106,N0065,Mizoram,Saitual,N0092,Sikkim,Namchi,Inter-state,Agricultural Produce,Medium Goods Vehicle,2026-03-03T11:30:00Z
T01107,N0064,Mizoram,Hnahthial,N0001,Arunachal Pradesh,Tawang,Inter-state,Construction Material,Medium Goods Vehicle,2026-09-12T22:30:00Z
T01108,N0112,Tripura,Unakoti,N0070,Mizoram,Hnahthial,Inter-state,Agricultural Produce,Truck,2026-02-09T07:45:00Z
T01109,N0081,Nagaland,Chumoukedima,N0112,Tripura,Unakoti,Inter-state,Food Supplies,Heavy Truck,2026-11-02T16:00:00Z
T01110,N0100,Sikkim,Gyalshing,N0090,Nagaland,Chumoukedima,Inter-state,Essential Goods,Truck,2026-06-19T03:30:00Z
T01111,N0041,Manipur,Imphal East,N0078,Nagaland,Niuland,Inter-state,Agricultural Produce,Truck,2026-06-08T21:15:00Z
T01112,N0010,Arunachal Pradesh,East Kameng,N0063,Mizoram,Serchhip,Inter-state,Food Supplies,Medium Goods Vehicle,2026-07-09T05:30:00Z
T01113,N0115,Tripura,West Tripura,N0075,Mizoram,Serchhip,Inter-state,Agricultural Produce,Truck,2026-04-06T20:15:00Z
T01114,N0002,Arunachal Pradesh,Lower Subansiri,N0029,Assam,Barpeta,Inter-state,Food Supplies,Heavy Truck,2026-01-11T11:00:00Z
T01115,N0054,Meghalaya,Ri-Bhoi,N0112,Tripura,Unakoti,Inter-state,Essential Goods,Heavy Truck,2026-09-07T21:00:00Z
T01116,N0053,Meghalaya,South West Khasi Hills,N0119,Tripura,West Tripura,Inter-state,Essential Goods,Heavy Truck,2026-07-23T03:30:00Z
T01117,N0009,Arunachal Pradesh,Namsai,N0071,Mizoram,Champhai,Inter-state,Food Supplies,Heavy Truck,2026-10-13T02:15:00Z
T01118,N0116,Tripura,Sepahijala,N0074,Mizoram,Lunglei,Inter-state,Food Supplies,Truck,2026-06-24T05:15:00Z
T01119,N0034,Manipur,Ukhrul,N0115,Tripura,West Tripura,Inter-state,Essential Goods,Heavy Truck,2026-01-26T14:00:00Z
T01120,N0064,Mizoram,Hnahthial,N0059,Meghalaya,West Khasi Hills,Inter-state,Essential Goods,Medium Goods Vehicle,2026-10-27T19:15:00Z
T01121,N0013,Arunachal Pradesh,Upper Subansiri,N0095,Sikkim,Gyalshing,Inter-state,Essential Goods,Truck,2026-03-09T23:15:00Z
T01122,N0002,Arunachal Pradesh,Lower Subansiri,N0109,Tripura,South Tripura,Inter-state,Agricultural Produce,Medium Goods Vehicle,2026-12-19T21:30:00Z
T01123,N0008,Arunachal Pradesh,Tawang,N0082,Nagaland,Mon,Inter-state,Construction Material,Heavy Truck,2026-08-09T12:30:00Z
T01124,N0092,Sikkim,Namchi,N0041,Manipur,Imphal East,Inter-state,Construction Material,Medium Goods Vehicle,2026-07-04T17:00:00Z
T01125,N0060,Meghalaya,East Garo Hills,N0056,Meghalaya,East Garo Hills,Within-state,Construction Material,Truck,2026-02-02T21:30:00Z
T01126,N0056,Meghalaya,East Garo Hills,N0086,Nagaland,Wokha,Inter-state,Construction Material,Heavy Truck,2026-05-17T11:45:00Z
T01127,N0047,Meghalaya,Eastern West Khasi Hills,N0076,Nagaland,Kohima,Inter-state,Essential Goods,Heavy Truck,2026-05-25T00:45:00Z
T01128,N0005,Arunachal Pradesh,Upper Subansiri,N0114,Tripura,Sepahijala,Inter-state,Agricultural Produce,Medium Goods Vehicle,2026-04-06T07:00:00Z
T01129,N0108,Tripura,Unakoti,N0009,Arunachal Pradesh,Namsai,Inter-state,Essential Goods,Medium Goods Vehicle,2026-01-13T15:45:00Z
T01130,N0016,Assam,Darrang,N0066,Mizoram,Aizawl,Inter-state,Medicine,Heavy Truck,2026-03-26T10:00:00Z
T01131,N0031,Manipur,Noney,N0077,Nagaland,Zunheboto,Inter-state,Food Supplies,Heavy Truck,2026-10-06T17:00:00Z
T01132,N0017,Assam,Dhubri,N0055,Meghalaya,West Jaintia Hills,Inter-state,Essential Goods,Medium Goods Vehicle,2026-04-20T03:45:00Z
T01133,N0064,Mizoram,Hnahthial,N0086,Nagaland,Wokha,Inter-state,Agricultural Produce,Truck,2026-11-01T11:15:00Z
T01134,N0048,Meghalaya,West Garo Hills,N0094,Sikkim,Gangtok,Inter-state,Essential Goods,Truck,2026-12-06T23:00:00Z
T01135,N0066,Mizoram,Aizawl,N0080,Nagaland,Longleng,Inter-state,Agricultural Produce,Medium Goods Vehicle,2026-01-06T09:45:00Z
T01136,N0067,Mizoram,Hnahthial,N0010,Arunachal Pradesh,East Kameng,Inter-state,Agricultural Produce,Heavy Truck,2026-08-07T14:45:00Z
T01137,N0047,Meghalaya,Eastern West Khasi Hills,N0016,Assam,Darrang,Inter-state,Essential Goods,Truck,2026-12-02T08:00:00Z
T01138,N0069,Mizoram,Mamit,N0088,Nagaland,Longleng,Inter-state,Food Supplies,Truck,2026-10-03T04:30:00Z
T01139,N0018,Assam,Darrang,N0094,Sikkim,Gangtok,Inter-state,Food Supplies,Heavy Truck,2026-04-13T02:00:00Z
T01140,N0054,Meghalaya,Ri-Bhoi,N0080,Nagaland,Longleng,Inter-state,Construction Material,Medium Goods Vehicle,2026-04-17T14:45:00Z
T01141,N0016,Assam,Darrang,N0119,Tripura,West Tripura,Inter-state,Medicine,Truck,2026-07-20T23:00:00Z
T01142,N0064,Mizoram,Hnahthial,N0115,Tripura,West Tripura,Inter-state,Agricultural Produce,Truck,2026-07-17T15:15:00Z
T01143,N0065,Mizoram,Saitual,N0023,Assam,Kamrup Metropolitan,Inter-state,Agricultural Produce,Truck,2026-04-24T03:30:00Z
T01144,N0042,Manipur,Jiribam,N0009,Arunachal Pradesh,Namsai,Inter-state,Essential Goods,Medium Goods Vehicle,2026-09-03T05:30:00Z
T01145,N0030,Assam,Dibrugarh,N0049,Meghalaya,North Garo Hills,Inter-state,Medicine,Heavy Truck,2026-01-16T08:45:00Z
T01146,N0032,Manipur,Ukhrul,N0029,Assam,Barpeta,Inter-state,Medicine,Medium Goods Vehicle,2026-09-01T20:30:00Z
T01147,N0074,Mizoram,Lunglei,N0071,Mizoram,Champhai,Within-state,Medicine,Truck,2026-04-06T02:00:00Z
T01148,N0106,Tripura,West Tripura,N0101,Sikkim,Namchi,Inter-state,Food Supplies,Heavy Truck,2026-03-08T05:45:00Z
T01149,N0086,Nagaland,Wokha,N0119,Tripura,West Tripura,Inter-state,Medicine,Medium Goods Vehicle,2026-01-27T21:45:00Z
T01150,N0039,Manipur,Thoubal,N0107,Tripura,West Tripura,Inter-state,Agricultural Produce,Truck,2026-11-03T08:15:00Z
T01151,N0081,Nagaland,Chumoukedima,N0066,Mizoram,Aizawl,Inter-state,Agricultural Produce,Heavy Truck,2026-11-13T11:15:00Z
T01152,N0089,Nagaland,Longleng,N0095,Sikkim,Gyalshing,Inter-state,Agricultural Produce,Medium Goods Vehicle,2026-08-04T07:30:00Z
T01153,N0078,Nagaland,Niuland,N0113,Tripura,Unakoti,Inter-state,Construction Material,Medium Goods Vehicle,2026-04-17T21:00:00Z
T01154,N0053,Meghalaya,South West Khasi Hills,N0009,Arunachal Pradesh,Namsai,Inter-state,Essential Goods,Truck,2026-02-09T21:00:00Z
T01155,N0119,Tripura,West Tripura,N0118,Tripura,Dhalai,Within-state,Construction Material,Truck,2026-06-10T19:45:00Z
T01156,N0037,Manipur,Tamenglong,N0096,Sikkim,Pakyong,Inter-state,Agricultural Produce,Truck,2026-06-24T22:30:00Z
T01157,N0024,Assam,Nagaon,N0115,Tripura,West Tripura,Inter-state,Agricultural Produce,Medium Goods Vehicle,2026-11-17T13:00:00Z
T01158,N0063,Mizoram,Serchhip,N0088,Nagaland,Longleng,Inter-state,Construction Material,Truck,2026-11-07T22:30:00Z
T01159,N0078,Nagaland,Niuland,N0079,Nagaland,Peren,Within-state,Food Supplies,Medium Goods Vehicle,2026-02-10T08:45:00Z
T01160,N0059,Meghalaya,West Khasi Hills,N0065,Mizoram,Saitual,Inter-state,Medicine,Truck,2026-04-05T10:30:00Z
T01161,N0072,Mizoram,Mamit,N0059,Meghalaya,West Khasi Hills,Inter-state,Food Supplies,Medium Goods Vehicle,2026-02-16T08:30:00Z
T01162,N0113,Tripura,Unakoti,N0059,Meghalaya,West Khasi Hills,Inter-state,Medicine,Heavy Truck,2026-08-24T00:45:00Z
T01163,N0118,Tripura,Dhalai,N0081,Nagaland,Chumoukedima,Inter-state,Construction Material,Heavy Truck,2026-02-02T22:30:00Z
T01164,N0066,Mizoram,Aizawl,N0038,Manipur,Ukhrul,Inter-state,Essential Goods,Medium Goods Vehicle,2026-03-09T05:45:00Z
T01165,N0057,Meghalaya,South West Khasi Hills,N0006,Arunachal Pradesh,East Kameng,Inter-state,Medicine,Heavy Truck,2026-07-13T11:45:00Z
T01166,N0109,Tripura,South Tripura,N0101,Sikkim,Namchi,Inter-state,Construction Material,Medium Goods Vehicle,2026-12-21T23:00:00Z
T01167,N0096,Sikkim,Pakyong,N0053,Meghalaya,South West Khasi Hills,Inter-state,Essential Goods,Medium Goods Vehicle,2026-10-19T15:15:00Z
T01168,N0108,Tripura,Unakoti,N0092,Sikkim,Namchi,Inter-state,Food Supplies,Medium Goods Vehicle,2026-09-13T18:30:00Z
T01169,N0023,Assam,Kamrup Metropolitan,N0079,Nagaland,Peren,Inter-state,Construction Material,Medium Goods Vehicle,2026-12-15T04:00:00Z
T01170,N0073,Mizoram,Champhai,N0114,Tripura,Sepahijala,Inter-state,Agricultural Produce,Truck,2026-09-12T08:15:00Z
T01171,N0091,Sikkim,Gangtok,N0072,Mizoram,Mamit,Inter-state,Construction Material,Heavy Truck,2026-09-13T00:00:00Z
T01172,N0011,Arunachal Pradesh,Namsai,N0052,Meghalaya,East Garo Hills,Inter-state,Agricultural Produce,Medium Goods Vehicle,2026-05-18T00:15:00Z
T01173,N0031,Manipur,Noney,N0089,Nagaland,Longleng,Inter-state,Construction Material,Medium Goods Vehicle,2026-12-11T07:45:00Z
T01174,N0102,Sikkim,Gyalshing,N0110,Tripura,Dhalai,Inter-state,Construction Material,Heavy Truck,2026-06-28T23:45:00Z
T01175,N0012,Arunachal Pradesh,West Siang,N0066,Mizoram,Aizawl,Inter-state,Construction Material,Truck,2026-03-12T01:30:00Z
T01176,N0092,Sikkim,Namchi,N0114,Tripura,Sepahijala,Inter-state,Medicine,Truck,2026-06-21T00:15:00Z
T01177,N0066,Mizoram,Aizawl,N0051,Meghalaya,East Garo Hills,Inter-state,Agricultural Produce,Truck,2026-03-06T01:00:00Z
T01178,N0057,Meghalaya,South West Khasi Hills,N0004,Arunachal Pradesh,Upper Subansiri,Inter-state,Essential Goods,Truck,2026-03-20T06:15:00Z
T01179,N0051,Meghalaya,East Garo Hills,N0031,Manipur,Noney,Inter-state,Medicine,Heavy Truck,2026-05-04T00:15:00Z
T01180,N0084,Nagaland,Chumoukedima,N0117,Tripura,Dhalai,Inter-state,Agricultural Produce,Medium Goods Vehicle,2026-11-10T14:00:00Z
T01181,N0090,Nagaland,Chumoukedima,N0039,Manipur,Thoubal,Inter-state,Construction Material,Heavy Truck,2026-10-26T21:15:00Z
T01182,N0120,Tripura,Sepahijala,N0080,Nagaland,Longleng,Inter-state,Agricultural Produce,Truck,2026-02-11T03:30:00Z
T01183,N0114,Tripura,Sepahijala,N0080,Nagaland,Longleng,Inter-state,Agricultural Produce,Truck,2026-04-07T01:45:00Z
T01184,N0032,Manipur,Ukhrul,N0068,Mizoram,Aizawl,Inter-state,Food Supplies,Truck,2026-10-14T03:45:00Z
T01185,N0088,Nagaland,Longleng,N0017,Assam,Dhubri,Inter-state,Food Supplies,Truck,2026-06-13T18:30:00Z
T01186,N0059,Meghalaya,West Khasi Hills,N0095,Sikkim,Gyalshing,Inter-state,Food Supplies,Heavy Truck,2026-05-27T14:45:00Z
T01187,N0042,Manipur,Jiribam,N0085,Nagaland,Phek,Inter-state,Construction Material,Truck,2026-08-05T20:00:00Z
T01188,N0058,Meghalaya,East Khasi Hills,N0064,Mizoram,Hnahthial,Inter-state,Agricultural Produce,Truck,2026-07-06T18:30:00Z
T01189,N0102,Sikkim,Gyalshing,N0103,Sikkim,Namchi,Within-state,Food Supplies,Medium Goods Vehicle,2026-01-27T10:30:00Z
T01190,N0082,Nagaland,Mon,N0064,Mizoram,Hnahthial,Inter-state,Food Supplies,Heavy Truck,2026-08-17T07:00:00Z
T01191,N0105,Sikkim,Mangan,N0094,Sikkim,Gangtok,Within-state,Agricultural Produce,Heavy Truck,2026-03-19T04:00:00Z
T01192,N0094,Sikkim,Gangtok,N0099,Sikkim,Mangan,Within-state,Construction Material,Medium Goods Vehicle,2026-04-23T17:15:00Z
T01193,N0116,Tripura,Sepahijala,N0100,Sikkim,Gyalshing,Inter-state,Construction Material,Heavy Truck,2026-09-01T02:30:00Z
T01194,N0111,Tripura,Dhalai,N0003,Arunachal Pradesh,Tawang,Inter-state,Essential Goods,Medium Goods Vehicle,2026-06-20T07:15:00Z
T01195,N0097,Sikkim,Mangan,N0047,Meghalaya,Eastern West Khasi Hills,Inter-state,Food Supplies,Heavy Truck,2026-06-20T19:15:00Z
T01196,N0102,Sikkim,Gyalshing,N0093,Sikkim,Gangtok,Within-state,Agricultural Produce,Truck,2026-12-13T07:45:00Z
T01197,N0098,Sikkim,Namchi,N0005,Arunachal Pradesh,Upper Subansiri,Inter-state,Essential Goods,Truck,2026-08-10T08:00:00Z
T01198,N0090,Nagaland,Chumoukedima,N0052,Meghalaya,East Garo Hills,Inter-state,Construction Material,Heavy Truck,2026-07-08T12:15:00Z
T01199,N0099,Sikkim,Mangan,N0033,Manipur,Jiribam,Inter-state,Medicine,Medium Goods Vehicle,2026-07-11T06:15:00Z
T01200,N0085,Nagaland,Phek,N0003,Arunachal Pradesh,Tawang,Inter-state,Essential Goods,Truck,2026-11-08T01:30:00Z
T01201,N0116,Tripura,Sepahijala,N0059,Meghalaya,West Khasi Hills,Inter-state,Food Supplies,Truck,2026-11-06T16:45:00Z
T01202,N0014,Arunachal Pradesh,Longding,N0045,Manipur,Senapati,Inter-state,Medicine,Medium Goods Vehicle,2026-03-06T12:00:00Z
T01203,N0084,Nagaland,Chumoukedima,N0088,Nagaland,Longleng,Within-state,Construction Material,Medium Goods Vehicle,2026-08-16T16:45:00Z
T01204,N0045,Manipur,Senapati,N0113,Tripura,Unakoti,Inter-state,Agricultural Produce,Heavy Truck,2026-06-21T02:45:00Z
T01205,N0011,Arunachal Pradesh,Namsai,N0065,Mizoram,Saitual,Inter-state,Essential Goods,Heavy Truck,2026-02-08T10:00:00Z
T01206,N0087,Nagaland,Kohima,N0063,Mizoram,Serchhip,Inter-state,Medicine,Truck,2026-07-04T06:00:00Z
T01207,N0042,Manipur,Jiribam,N0071,Mizoram,Champhai,Inter-state,Agricultural Produce,Truck,2026-01-25T03:00:00Z
T01208,N0001,Arunachal Pradesh,Tawang,N0090,Nagaland,Chumoukedima,Inter-state,Agricultural Produce,Heavy Truck,2026-10-26T23:30:00Z
T01209,N0065,Mizoram,Saitual,N0061,Mizoram,Saitual,Within-state,Essential Goods,Truck,2026-01-07T20:45:00Z
T01210,N0050,Meghalaya,East Khasi Hills,N0010,Arunachal Pradesh,East Kameng,Inter-state,Medicine,Truck,2026-05-06T21:45:00Z
T01211,N0110,Tripura,Dhalai,N0103,Sikkim,Namchi,Inter-state,Essential Goods,Truck,2026-08-28T00:15:00Z
T01212,N0094,Sikkim,Gangtok,N0097,Sikkim,Mangan,Within-state,Agricultural Produce,Medium Goods Vehicle,2026-01-22T08:15:00Z
T01213,N0081,Nagaland,Chumoukedima,N0085,Nagaland,Phek,Within-state,Food Supplies,Medium Goods Vehicle,2026-11-18T18:15:00Z
T01214,N0024,Assam,Nagaon,N0111,Tripura,Dhalai,Inter-state,Agricultural Produce,Medium Goods Vehicle,2026-06-23T03:15:00Z
T01215,N0079,Nagaland,Peren,N0054,Meghalaya,Ri-Bhoi,Inter-state,Agricultural Produce,Medium Goods Vehicle,2026-05-05T00:30:00Z
T01216,N0103,Sikkim,Namchi,N0057,Meghalaya,South West Khasi Hills,Inter-state,Construction Material,Truck,2026-04-11T13:30:00Z
T01217,N0111,Tripura,Dhalai,N0095,Sikkim,Gyalshing,Inter-state,Medicine,Medium Goods Vehicle,2026-08-15T11:45:00Z
T01218,N0065,Mizoram,Saitual,N0044,Manipur,Ukhrul,Inter-state,Medicine,Truck,2026-08-26T08:00:00Z
T01219,N0019,Assam,Dhemaji,N0047,Meghalaya,Eastern West Khasi Hills,Inter-state,Food Supplies,Heavy Truck,2026-01-08T02:45:00Z
T01220,N0046,Meghalaya,South Garo Hills,N0056,Meghalaya,East Garo Hills,Within-state,Medicine,Medium Goods Vehicle,2026-02-14T16:30:00Z
T01221,N0109,Tripura,South Tripura,N0082,Nagaland,Mon,Inter-state,Medicine,Heavy Truck,2026-11-18T03:00:00Z
T01222,N0097,Sikkim,Mangan,N0003,Arunachal Pradesh,Tawang,Inter-state,Food Supplies,Medium Goods Vehicle,2026-12-16T23:30:00Z
T01223,N0100,Sikkim,Gyalshing,N0066,Mizoram,Aizawl,Inter-state,Medicine,Truck,2026-10-21T07:00:00Z
T01224,N0097,Sikkim,Mangan,N0095,Sikkim,Gyalshing,Within-state,Construction Material,Heavy Truck,2026-02-26T21:00:00Z
T01225,N0090,Nagaland,Chumoukedima,N0024,Assam,Nagaon,Inter-state,Essential Goods,Truck,2026-03-10T05:15:00Z
T01226,N0074,Mizoram,Lunglei,N0008,Arunachal Pradesh,Tawang,Inter-state,Food Supplies,Medium Goods Vehicle,2026-09-12T20:30:00Z
T01227,N0069,Mizoram,Mamit,N0070,Mizoram,Hnahthial,Within-state,Construction Material,Heavy Truck,2026-01-19T08:15:00Z
T01228,N0079,Nagaland,Peren,N0045,Manipur,Senapati,Inter-state,Construction Material,Heavy Truck,2026-12-25T19:30:00Z
T01229,N0029,Assam,Barpeta,N0009,Arunachal Pradesh,Namsai,Inter-state,Agricultural Produce,Truck,2026-02-07T10:00:00Z
T01230,N0062,Mizoram,Hnahthial,N0014,Arunachal Pradesh,Longding,Inter-state,Medicine,Heavy Truck,2026-03-05T01:30:00Z
T01231,N0015,Arunachal Pradesh,Tirap,N0005,Arunachal Pradesh,Upper Subansiri,Within-state,Medicine,Heavy Truck,2026-06-15T13:45:00Z
T01232,N0081,Nagaland,Chumoukedima,N0094,Sikkim,Gangtok,Inter-state,Essential Goods,Heavy Truck,2026-03-23T08:30:00Z
T01233,N0001,Arunachal Pradesh,Tawang,N0045,Manipur,Senapati,Inter-state,Medicine,Truck,2026-11-04T12:30:00Z
T01234,N0042,Manipur,Jiribam,N0065,Mizoram,Saitual,Inter-state,Food Supplies,Heavy Truck,2026-06-15T10:15:00Z
T01235,N0085,Nagaland,Phek,N0036,Manipur,Ukhrul,Inter-state,Food Supplies,Medium Goods Vehicle,2026-12-23T20:30:00Z
T01236,N0111,Tripura,Dhalai,N0079,Nagaland,Peren,Inter-state,Construction Material,Truck,2026-01-26T04:15:00Z
T01237,N0108,Tripura,Unakoti,N0101,Sikkim,Namchi,Inter-state,Food Supplies,Medium Goods Vehicle,2026-04-17T03:15:00Z
T01238,N0017,Assam,Dhubri,N0028,Assam,Lakhimpur,Within-state,Medicine,Truck,2026-10-20T15:30:00Z
T01239,N0082,Nagaland,Mon,N0062,Mizoram,Hnahthial,Inter-state,Medicine,Medium Goods Vehicle,2026-09-22T08:15:00Z
T01240,N0075,Mizoram,Serchhip,N0035,Manipur,Ukhrul,Inter-state,Essential Goods,Truck,2026-01-13T01:45:00Z
T01241,N0100,Sikkim,Gyalshing,N0108,Tripura,Unakoti,Inter-state,Food Supplies,Truck,2026-03-14T09:45:00Z
T01242,N0078,Nagaland,Niuland,N0031,Manipur,Noney,Inter-state,Construction Material,Medium Goods Vehicle,2026-10-10T02:15:00Z
T01243,N0100,Sikkim,Gyalshing,N0003,Arunachal Pradesh,Tawang,Inter-state,Food Supplies,Medium Goods Vehicle,2026-03-01T05:00:00Z
T01244,N0113,Tripura,Unakoti,N0041,Manipur,Imphal East,Inter-state,Construction Material,Truck,2026-02-13T22:00:00Z
T01245,N0010,Arunachal Pradesh,East Kameng,N0009,Arunachal Pradesh,Namsai,Within-state,Agricultural Produce,Heavy Truck,2026-01-14T15:15:00Z
T01246,N0018,Assam,Darrang,N0043,Manipur,Noney,Inter-state,Medicine,Heavy Truck,2026-02-07T12:00:00Z
T01247,N0026,Assam,Kamrup,N0044,Manipur,Ukhrul,Inter-state,Essential Goods,Heavy Truck,2026-01-17T23:15:00Z
T01248,N0088,Nagaland,Longleng,N0089,Nagaland,Longleng,Within-state,Agricultural Produce,Heavy Truck,2026-10-22T19:45:00Z
T01249,N0033,Manipur,Jiribam,N0085,Nagaland,Phek,Inter-state,Food Supplies,Medium Goods Vehicle,2026-07-07T16:45:00Z
T01250,N0106,Tripura,West Tripura,N0027,Assam,Tinsukia,Inter-state,Agricultural Produce,Medium Goods Vehicle,2026-06-08T02:30:00Z
T01251,N0023,Assam,Kamrup Metropolitan,N0031,Manipur,Noney,Inter-state,Construction Material,Truck,2026-07-12T19:15:00Z
T01252,N0010,Arunachal Pradesh,East Kameng,N0008,Arunachal Pradesh,Tawang,Within-state,Agricultural Produce,Truck,2026-11-20T16:45:00Z
T01253,N0074,Mizoram,Lunglei,N0091,Sikkim,Gangtok,Inter-state,Essential Goods,Medium Goods Vehicle,2026-12-07T15:45:00Z
T01254,N0103,Sikkim,Namchi,N0080,Nagaland,Longleng,Inter-state,Medicine,Medium Goods Vehicle,2026-03-23T07:15:00Z
T01255,N0011,Arunachal Pradesh,Namsai,N0066,Mizoram,Aizawl,Inter-state,Food Supplies,Heavy Truck,2026-05-05T03:30:00Z
T01256,N0005,Arunachal Pradesh,Upper Subansiri,N0063,Mizoram,Serchhip,Inter-state,Medicine,Medium Goods Vehicle,2026-08-06T10:00:00Z
T01257,N0002,Arunachal Pradesh,Lower Subansiri,N0055,Meghalaya,West Jaintia Hills,Inter-state,Food Supplies,Medium Goods Vehicle,2026-01-17T02:45:00Z
T01258,N0074,Mizoram,Lunglei,N0033,Manipur,Jiribam,Inter-state,Essential Goods,Medium Goods Vehicle,2026-02-16T02:45:00Z
T01259,N0008,Arunachal Pradesh,Tawang,N0110,Tripura,Dhalai,Inter-state,Food Supplies,Heavy Truck,2026-05-04T13:45:00Z
T01260,N0065,Mizoram,Saitual,N0112,Tripura,Unakoti,Inter-state,Agricultural Produce,Medium Goods Vehicle,2026-09-04T11:15:00Z
T01261,N0080,Nagaland,Longleng,N0052,Meghalaya,East Garo Hills,Inter-state,Food Supplies,Medium Goods Vehicle,2026-09-25T19:15:00Z
T01262,N0078,Nagaland,Niuland,N0117,Tripura,Dhalai,Inter-state,Essential Goods,Medium Goods Vehicle,2026-12-18T22:15:00Z
T01263,N0087,Nagaland,Kohima,N0101,Sikkim,Namchi,Inter-state,Essential Goods,Medium Goods Vehicle,2026-04-20T16:00:00Z
T01264,N0081,Nagaland,Chumoukedima,N0096,Sikkim,Pakyong,Inter-state,Essential Goods,Heavy Truck,2026-02-27T09:30:00Z
T01265,N0105,Sikkim,Mangan,N0042,Manipur,Jiribam,Inter-state,Agricultural Produce,Heavy Truck,2026-06-19T22:00:00Z
T01266,N0034,Manipur,Ukhrul,N0115,Tripura,West Tripura,Inter-state,Medicine,Heavy Truck,2026-03-17T02:30:00Z
T01267,N0099,Sikkim,Mangan,N0082,Nagaland,Mon,Inter-state,Medicine,Heavy Truck,2026-09-10T10:15:00Z
T01268,N0068,Mizoram,Aizawl,N0078,Nagaland,Niuland,Inter-state,Food Supplies,Truck,2026-11-15T10:45:00Z
T01269,N0118,Tripura,Dhalai,N0101,Sikkim,Namchi,Inter-state,Medicine,Heavy Truck,2026-10-18T17:45:00Z
T01270,N0074,Mizoram,Lunglei,N0084,Nagaland,Chumoukedima,Inter-state,Agricultural Produce,Medium Goods Vehicle,2026-12-15T14:15:00Z
T01271,N0102,Sikkim,Gyalshing,N0066,Mizoram,Aizawl,Inter-state,Food Supplies,Heavy Truck,2026-07-28T09:45:00Z
T01272,N0114,Tripura,Sepahijala,N0012,Arunachal Pradesh,West Siang,Inter-state,Construction Material,Heavy Truck,2026-02-16T12:45:00Z
T01273,N0052,Meghalaya,East Garo Hills,N0028,Assam,Lakhimpur,Inter-state,Construction Material,Medium Goods Vehicle,2026-01-08T05:15:00Z
T01274,N0094,Sikkim,Gangtok,N0102,Sikkim,Gyalshing,Within-state,Agricultural Produce,Heavy Truck,2026-11-11T14:45:00Z
T01275,N0090,Nagaland,Chumoukedima,N0001,Arunachal Pradesh,Tawang,Inter-state,Agricultural Produce,Truck,2026-03-14T16:15:00Z
T01276,N0041,Manipur,Imphal East,N0022,Assam,Barpeta,Inter-state,Agricultural Produce,Medium Goods Vehicle,2026-08-05T02:45:00Z
T01277,N0074,Mizoram,Lunglei,N0024,Assam,Nagaon,Inter-state,Essential Goods,Heavy Truck,2026-08-21T18:45:00Z
T01278,N0014,Arunachal Pradesh,Longding,N0018,Assam,Darrang,Inter-state,Construction Material,Heavy Truck,2026-02-10T14:45:00Z
T01279,N0065,Mizoram,Saitual,N0062,Mizoram,Hnahthial,Within-state,Essential Goods,Heavy Truck,2026-01-21T16:00:00Z
T01280,N0104,Sikkim,Mangan,N0079,Nagaland,Peren,Inter-state,Essential Goods,Medium Goods Vehicle,2026-12-23T22:30:00Z
T01281,N0022,Assam,Barpeta,N0047,Meghalaya,Eastern West Khasi Hills,Inter-state,Medicine,Heavy Truck,2026-03-12T11:30:00Z
T01282,N0074,Mizoram,Lunglei,N0045,Manipur,Senapati,Inter-state,Agricultural Produce,Truck,2026-07-12T23:30:00Z
T01283,N0037,Manipur,Tamenglong,N0076,Nagaland,Kohima,Inter-state,Medicine,Medium Goods Vehicle,2026-05-26T11:00:00Z
T01284,N0060,Meghalaya,East Garo Hills,N0034,Manipur,Ukhrul,Inter-state,Construction Material,Heavy Truck,2026-04-07T15:45:00Z
T01285,N0031,Manipur,Noney,N0050,Meghalaya,East Khasi Hills,Inter-state,Construction Material,Truck,2026-01-04T05:15:00Z
T01286,N0065,Mizoram,Saitual,N0107,Tripura,West Tripura,Inter-state,Essential Goods,Medium Goods Vehicle,2026-03-07T15:00:00Z
T01287,N0025,Assam,Tinsukia,N0013,Arunachal Pradesh,Upper Subansiri,Inter-state,Food Supplies,Truck,2026-01-22T14:45:00Z
T01288,N0007,Arunachal Pradesh,West Kameng,N0011,Arunachal Pradesh,Namsai,Within-state,Food Supplies,Medium Goods Vehicle,2026-12-18T09:15:00Z
T01289,N0077,Nagaland,Zunheboto,N0041,Manipur,Imphal East,Inter-state,Agricultural Produce,Truck,2026-06-15T23:00:00Z
T01290,N0044,Manipur,Ukhrul,N0029,Assam,Barpeta,Inter-state,Construction Material,Medium Goods Vehicle,2026-01-15T06:30:00Z
T01291,N0026,Assam,Kamrup,N0099,Sikkim,Mangan,Inter-state,Medicine,Heavy Truck,2026-07-16T00:00:00Z
T01292,N0113,Tripura,Unakoti,N0089,Nagaland,Longleng,Inter-state,Construction Material,Medium Goods Vehicle,2026-11-18T06:15:00Z
T01293,N0014,Arunachal Pradesh,Longding,N0098,Sikkim,Namchi,Inter-state,Agricultural Produce,Truck,2026-05-02T04:45:00Z
T01294,N0065,Mizoram,Saitual,N0044,Manipur,Ukhrul,Inter-state,Medicine,Truck,2026-04-04T05:30:00Z
T01295,N0081,Nagaland,Chumoukedima,N0088,Nagaland,Longleng,Within-state,Food Supplies,Truck,2026-11-06T20:30:00Z
T01296,N0066,Mizoram,Aizawl,N0107,Tripura,West Tripura,Inter-state,Agricultural Produce,Medium Goods Vehicle,2026-05-24T00:45:00Z
T01297,N0047,Meghalaya,Eastern West Khasi Hills,N0084,Nagaland,Chumoukedima,Inter-state,Construction Material,Medium Goods Vehicle,2026-03-18T06:15:00Z
T01298,N0096,Sikkim,Pakyong,N0068,Mizoram,Aizawl,Inter-state,Agricultural Produce,Truck,2026-12-26T04:30:00Z
T01299,N0010,Arunachal Pradesh,East Kameng,N0103,Sikkim,Namchi,Inter-state,Agricultural Produce,Truck,2026-06-23T06:00:00Z
T01300,N0059,Meghalaya,West Khasi Hills,N0094,Sikkim,Gangtok,Inter-state,Construction Material,Heavy Truck,2026-09-17T12:30:00Z
T01301,N0065,Mizoram,Saitual,N0068,Mizoram,Aizawl,Within-state,Medicine,Medium Goods Vehicle,2026-10-11T10:15:00Z
T01302,N0003,Arunachal Pradesh,Tawang,N0068,Mizoram,Aizawl,Inter-state,Medicine,Heavy Truck,2026-12-21T20:15:00Z
T01303,N0061,Mizoram,Saitual,N0072,Mizoram,Mamit,Within-state,Food Supplies,Heavy Truck,2026-12-12T15:00:00Z
T01304,N0063,Mizoram,Serchhip,N0087,Nagaland,Kohima,Inter-state,Medicine,Heavy Truck,2026-10-20T06:30:00Z
T01305,N0065,Mizoram,Saitual,N0077,Nagaland,Zunheboto,Inter-state,Medicine,Truck,2026-11-08T22:30:00Z
T01306,N0019,Assam,Dhemaji,N0104,Sikkim,Mangan,Inter-state,Food Supplies,Medium Goods Vehicle,2026-06-08T17:45:00Z
T01307,N0056,Meghalaya,East Garo Hills,N0024,Assam,Nagaon,Inter-state,Agricultural Produce,Truck,2026-12-11T18:00:00Z
T01308,N0098,Sikkim,Namchi,N0077,Nagaland,Zunheboto,Inter-state,Agricultural Produce,Medium Goods Vehicle,2026-07-01T02:30:00Z
T01309,N0031,Manipur,Noney,N0007,Arunachal Pradesh,West Kameng,Inter-state,Agricultural Produce,Truck,2026-10-09T02:45:00Z
T01310,N0049,Meghalaya,North Garo Hills,N0103,Sikkim,Namchi,Inter-state,Medicine,Medium Goods Vehicle,2026-02-19T18:30:00Z
T01311,N0026,Assam,Kamrup,N0094,Sikkim,Gangtok,Inter-state,Food Supplies,Truck,2026-01-12T18:00:00Z
T01312,N0034,Manipur,Ukhrul,N0007,Arunachal Pradesh,West Kameng,Inter-state,Essential Goods,Medium Goods Vehicle,2026-04-23T07:30:00Z
T01313,N0109,Tripura,South Tripura,N0028,Assam,Lakhimpur,Inter-state,Essential Goods,Heavy Truck,2026-05-03T13:00:00Z
T01314,N0109,Tripura,South Tripura,N0038,Manipur,Ukhrul,Inter-state,Essential Goods,Truck,2026-08-08T01:00:00Z
T01315,N0054,Meghalaya,Ri-Bhoi,N0056,Meghalaya,East Garo Hills,Within-state,Essential Goods,Medium Goods Vehicle,2026-07-23T17:30:00Z
T01316,N0101,Sikkim,Namchi,N0095,Sikkim,Gyalshing,Within-state,Medicine,Medium Goods Vehicle,2026-08-11T22:00:00Z
T01317,N0054,Meghalaya,Ri-Bhoi,N0093,Sikkim,Gangtok,Inter-state,Agricultural Produce,Truck,2026-03-03T19:15:00Z
T01318,N0013,Arunachal Pradesh,Upper Subansiri,N0068,Mizoram,Aizawl,Inter-state,Medicine,Medium Goods Vehicle,2026-06-09T04:30:00Z
T01319,N0109,Tripura,South Tripura,N0113,Tripura,Unakoti,Within-state,Essential Goods,Truck,2026-02-24T19:15:00Z
T01320,N0087,Nagaland,Kohima,N0115,Tripura,West Tripura,Inter-state,Construction Material,Medium Goods Vehicle,2026-08-13T00:15:00Z
T01321,N0050,Meghalaya,East Khasi Hills,N0090,Nagaland,Chumoukedima,Inter-state,Food Supplies,Truck,2026-08-06T05:15:00Z
T01322,N0115,Tripura,West Tripura,N0021,Assam,Golaghat,Inter-state,Medicine,Truck,2026-07-23T13:00:00Z
T01323,N0004,Arunachal Pradesh,Upper Subansiri,N0090,Nagaland,Chumoukedima,Inter-state,Construction Material,Truck,2026-07-13T05:15:00Z
T01324,N0078,Nagaland,Niuland,N0095,Sikkim,Gyalshing,Inter-state,Agricultural Produce,Heavy Truck,2026-07-25T23:15:00Z
T01325,N0037,Manipur,Tamenglong,N0043,Manipur,Noney,Within-state,Food Supplies,Heavy Truck,2026-03-09T15:00:00Z
T01326,N0101,Sikkim,Namchi,N0069,Mizoram,Mamit,Inter-state,Agricultural Produce,Heavy Truck,2026-12-15T18:45:00Z
T01327,N0087,Nagaland,Kohima,N0027,Assam,Tinsukia,Inter-state,Construction Material,Medium Goods Vehicle,2026-03-18T00:45:00Z
T01328,N0014,Arunachal Pradesh,Longding,N0030,Assam,Dibrugarh,Inter-state,Food Supplies,Heavy Truck,2026-08-07T01:00:00Z
T01329,N0023,Assam,Kamrup Metropolitan,N0037,Manipur,Tamenglong,Inter-state,Construction Material,Truck,2026-04-18T05:45:00Z
T01330,N0077,Nagaland,Zunheboto,N0032,Manipur,Ukhrul,Inter-state,Construction Material,Heavy Truck,2026-02-16T10:45:00Z
T01331,N0024,Assam,Nagaon,N0049,Meghalaya,North Garo Hills,Inter-state,Agricultural Produce,Medium Goods Vehicle,2026-07-24T12:30:00Z
T01332,N0066,Mizoram,Aizawl,N0089,Nagaland,Longleng,Inter-state,Medicine,Truck,2026-12-02T00:15:00Z
T01333,N0120,Tripura,Sepahijala,N0064,Mizoram,Hnahthial,Inter-state,Construction Material,Heavy Truck,2026-08-05T08:15:00Z
T01334,N0054,Meghalaya,Ri-Bhoi,N0058,Meghalaya,East Khasi Hills,Within-state,Food Supplies,Heavy Truck,2026-03-27T06:00:00Z
T01335,N0106,Tripura,West Tripura,N0001,Arunachal Pradesh,Tawang,Inter-state,Essential Goods,Truck,2026-06-08T00:00:00Z
T01336,N0048,Meghalaya,West Garo Hills,N0017,Assam,Dhubri,Inter-state,Construction Material,Truck,2026-02-17T21:15:00Z
T01337,N0001,Arunachal Pradesh,Tawang,N0013,Arunachal Pradesh,Upper Subansiri,Within-state,Essential Goods,Medium Goods Vehicle,2026-08-18T05:15:00Z
T01338,N0049,Meghalaya,North Garo Hills,N0025,Assam,Tinsukia,Inter-state,Essential Goods,Truck,2026-10-05T08:45:00Z
T01339,N0086,Nagaland,Wokha,N0010,Arunachal Pradesh,East Kameng,Inter-state,Medicine,Medium Goods Vehicle,2026-09-08T08:00:00Z
T01340,N0119,Tripura,West Tripura,N0061,Mizoram,Saitual,Inter-state,Agricultural Produce,Medium Goods Vehicle,2026-04-26T12:45:00Z
T01341,N0075,Mizoram,Serchhip,N0085,Nagaland,Phek,Inter-state,Construction Material,Medium Goods Vehicle,2026-08-26T10:30:00Z
T01342,N0042,Manipur,Jiribam,N0062,Mizoram,Hnahthial,Inter-state,Agricultural Produce,Truck,2026-11-27T00:00:00Z
T01343,N0001,Arunachal Pradesh,Tawang,N0111,Tripura,Dhalai,Inter-state,Medicine,Medium Goods Vehicle,2026-03-09T07:30:00Z
T01344,N0054,Meghalaya,Ri-Bhoi,N0053,Meghalaya,South West Khasi Hills,Within-state,Construction Material,Medium Goods Vehicle,2026-11-03T00:15:00Z
T01345,N0093,Sikkim,Gangtok,N0082,Nagaland,Mon,Inter-state,Medicine,Truck,2026-05-12T18:45:00Z
T01346,N0117,Tripura,Dhalai,N0039,Manipur,Thoubal,Inter-state,Essential Goods,Medium Goods Vehicle,2026-01-14T22:30:00Z
T01347,N0005,Arunachal Pradesh,Upper Subansiri,N0052,Meghalaya,East Garo Hills,Inter-state,Agricultural Produce,Heavy Truck,2026-05-27T01:15:00Z
T01348,N0102,Sikkim,Gyalshing,N0026,Assam,Kamrup,Inter-state,Agricultural Produce,Medium Goods Vehicle,2026-03-10T13:45:00Z
T01349,N0006,Arunachal Pradesh,East Kameng,N0054,Meghalaya,Ri-Bhoi,Inter-state,Agricultural Produce,Heavy Truck,2026-03-03T03:45:00Z
T01350,N0049,Meghalaya,North Garo Hills,N0119,Tripura,West Tripura,Inter-state,Medicine,Heavy Truck,2026-07-24T05:30:00Z
T01351,N0060,Meghalaya,East Garo Hills,N0006,Arunachal Pradesh,East Kameng,Inter-state,Construction Material,Heavy Truck,2026-03-02T03:00:00Z
T01352,N0076,Nagaland,Kohima,N0017,Assam,Dhubri,Inter-state,Construction Material,Truck,2026-06-27T06:45:00Z
T01353,N0117,Tripura,Dhalai,N0081,Nagaland,Chumoukedima,Inter-state,Medicine,Truck,2026-06-05T21:30:00Z
T01354,N0073,Mizoram,Champhai,N0029,Assam,Barpeta,Inter-state,Food Supplies,Heavy Truck,2026-01-26T03:00:00Z
T01355,N0073,Mizoram,Champhai,N0061,Mizoram,Saitual,Within-state,Medicine,Truck,2026-05-13T08:00:00Z
T01356,N0058,Meghalaya,East Khasi Hills,N0067,Mizoram,Hnahthial,Inter-state,Medicine,Heavy Truck,2026-03-09T00:00:00Z
T01357,N0004,Arunachal Pradesh,Upper Subansiri,N0015,Arunachal Pradesh,Tirap,Within-state,Food Supplies,Medium Goods Vehicle,2026-06-07T14:30:00Z
T01358,N0098,Sikkim,Namchi,N0115,Tripura,West Tripura,Inter-state,Essential Goods,Medium Goods Vehicle,2026-03-24T20:45:00Z
T01359,N0096,Sikkim,Pakyong,N0036,Manipur,Ukhrul,Inter-state,Food Supplies,Truck,2026-10-18T09:30:00Z
T01360,N0097,Sikkim,Mangan,N0117,Tripura,Dhalai,Inter-state,Agricultural Produce,Truck,2026-12-13T22:15:00Z
T01361,N0088,Nagaland,Longleng,N0120,Tripura,Sepahijala,Inter-state,Food Supplies,Truck,2026-07-11T23:30:00Z
T01362,N0082,Nagaland,Mon,N0012,Arunachal Pradesh,West Siang,Inter-state,Essential Goods,Heavy Truck,2026-06-04T22:15:00Z
T01363,N0018,Assam,Darrang,N0052,Meghalaya,East Garo Hills,Inter-state,Essential Goods,Truck,2026-05-20T15:00:00Z
T01364,N0104,Sikkim,Mangan,N0037,Manipur,Tamenglong,Inter-state,Agricultural Produce,Medium Goods Vehicle,2026-12-11T08:00:00Z
T01365,N0042,Manipur,Jiribam,N0052,Meghalaya,East Garo Hills,Inter-state,Medicine,Truck,2026-05-20T20:15:00Z
T01366,N0071,Mizoram,Champhai,N0120,Tripura,Sepahijala,Inter-state,Construction Material,Truck,2026-11-21T15:30:00Z
T01367,N0091,Sikkim,Gangtok,N0103,Sikkim,Namchi,Within-state,Essential Goods,Medium Goods Vehicle,2026-03-18T11:45:00Z
T01368,N0005,Arunachal Pradesh,Upper Subansiri,N0070,Mizoram,Hnahthial,Inter-state,Medicine,Medium Goods Vehicle,2026-08-05T16:45:00Z
T01369,N0069,Mizoram,Mamit,N0083,Nagaland,Dimapur,Inter-state,Agricultural Produce,Medium Goods Vehicle,2026-01-20T13:15:00Z
T01370,N0029,Assam,Barpeta,N0068,Mizoram,Aizawl,Inter-state,Agricultural Produce,Truck,2026-08-20T04:00:00Z
T01371,N0094,Sikkim,Gangtok,N0017,Assam,Dhubri,Inter-state,Construction Material,Medium Goods Vehicle,2026-06-20T14:00:00Z
T01372,N0079,Nagaland,Peren,N0034,Manipur,Ukhrul,Inter-state,Medicine,Medium Goods Vehicle,2026-07-23T04:30:00Z
T01373,N0058,Meghalaya,East Khasi Hills,N0039,Manipur,Thoubal,Inter-state,Agricultural Produce,Truck,2026-06-18T02:45:00Z
T01374,N0073,Mizoram,Champhai,N0037,Manipur,Tamenglong,Inter-state,Agricultural Produce,Truck,2026-06-20T22:45:00Z
T01375,N0058,Meghalaya,East Khasi Hills,N0043,Manipur,Noney,Inter-state,Essential Goods,Medium Goods Vehicle,2026-06-25T12:30:00Z
T01376,N0052,Meghalaya,East Garo Hills,N0028,Assam,Lakhimpur,Inter-state,Food Supplies,Truck,2026-12-02T08:15:00Z
T01377,N0097,Sikkim,Mangan,N0110,Tripura,Dhalai,Inter-state,Construction Material,Medium Goods Vehicle,2026-02-27T09:45:00Z
T01378,N0118,Tripura,Dhalai,N0047,Meghalaya,Eastern West Khasi Hills,Inter-state,Food Supplies,Heavy Truck,2026-09-12T14:30:00Z
T01379,N0120,Tripura,Sepahijala,N0063,Mizoram,Serchhip,Inter-state,Agricultural Produce,Truck,2026-05-09T17:30:00Z
T01380,N0082,Nagaland,Mon,N0040,Manipur,Noney,Inter-state,Essential Goods,Heavy Truck,2026-06-01T14:00:00Z
T01381,N0012,Arunachal Pradesh,West Siang,N0075,Mizoram,Serchhip,Inter-state,Medicine,Medium Goods Vehicle,2026-10-16T21:00:00Z
T01382,N0047,Meghalaya,Eastern West Khasi Hills,N0066,Mizoram,Aizawl,Inter-state,Medicine,Medium Goods Vehicle,2026-09-18T22:45:00Z
T01383,N0070,Mizoram,Hnahthial,N0050,Meghalaya,East Khasi Hills,Inter-state,Essential Goods,Medium Goods Vehicle,2026-07-14T01:15:00Z
T01384,N0067,Mizoram,Hnahthial,N0079,Nagaland,Peren,Inter-state,Essential Goods,Heavy Truck,2026-11-25T01:45:00Z
T01385,N0094,Sikkim,Gangtok,N0043,Manipur,Noney,Inter-state,Medicine,Truck,2026-05-18T23:15:00Z
T01386,N0108,Tripura,Unakoti,N0061,Mizoram,Saitual,Inter-state,Construction Material,Heavy Truck,2026-06-18T02:30:00Z
T01387,N0021,Assam,Golaghat,N0008,Arunachal Pradesh,Tawang,Inter-state,Agricultural Produce,Medium Goods Vehicle,2026-03-23T14:45:00Z
T01388,N0091,Sikkim,Gangtok,N0039,Manipur,Thoubal,Inter-state,Medicine,Medium Goods Vehicle,2026-08-17T20:30:00Z
T01389,N0018,Assam,Darrang,N0027,Assam,Tinsukia,Within-state,Agricultural Produce,Medium Goods Vehicle,2026-03-10T18:15:00Z
T01390,N0018,Assam,Darrang,N0027,Assam,Tinsukia,Within-state,Food Supplies,Medium Goods Vehicle,2026-08-07T19:15:00Z
T01391,N0030,Assam,Dibrugarh,N0091,Sikkim,Gangtok,Inter-state,Essential Goods,Heavy Truck,2026-09-28T16:45:00Z
T01392,N0028,Assam,Lakhimpur,N0073,Mizoram,Champhai,Inter-state,Food Supplies,Heavy Truck,2026-06-27T14:30:00Z
T01393,N0023,Assam,Kamrup Metropolitan,N0052,Meghalaya,East Garo Hills,Inter-state,Medicine,Heavy Truck,2026-06-06T10:45:00Z
T01394,N0120,Tripura,Sepahijala,N0051,Meghalaya,East Garo Hills,Inter-state,Essential Goods,Medium Goods Vehicle,2026-04-08T22:45:00Z
T01395,N0115,Tripura,West Tripura,N0048,Meghalaya,West Garo Hills,Inter-state,Essential Goods,Medium Goods Vehicle,2026-07-21T11:15:00Z
T01396,N0097,Sikkim,Mangan,N0066,Mizoram,Aizawl,Inter-state,Essential Goods,Truck,2026-07-10T06:15:00Z
T01397,N0115,Tripura,West Tripura,N0026,Assam,Kamrup,Inter-state,Agricultural Produce,Medium Goods Vehicle,2026-11-06T06:45:00Z
T01398,N0042,Manipur,Jiribam,N0025,Assam,Tinsukia,Inter-state,Agricultural Produce,Medium Goods Vehicle,2026-01-04T02:45:00Z
T01399,N0083,Nagaland,Dimapur,N0088,Nagaland,Longleng,Within-state,Food Supplies,Medium Goods Vehicle,2026-11-07T04:15:00Z
T01400,N0071,Mizoram,Champhai,N0073,Mizoram,Champhai,Within-state,Food Supplies,Medium Goods Vehicle,2026-02-06T16:30:00Z
T01401,N0023,Assam,Kamrup Metropolitan,N0103,Sikkim,Namchi,Inter-state,Food Supplies,Truck,2026-04-06T13:45:00Z
T01402,N0012,Arunachal Pradesh,West Siang,N0073,Mizoram,Champhai,Inter-state,Medicine,Heavy Truck,2026-06-06T11:45:00Z
T01403,N0093,Sikkim,Gangtok,N0078,Nagaland,Niuland,Inter-state,Medicine,Truck,2026-04-06T11:15:00Z
T01404,N0003,Arunachal Pradesh,Tawang,N0046,Meghalaya,South Garo Hills,Inter-state,Agricultural Produce,Medium Goods Vehicle,2026-03-08T04:45:00Z
T01405,N0085,Nagaland,Phek,N0067,Mizoram,Hnahthial,Inter-state,Construction Material,Heavy Truck,2026-07-21T16:30:00Z
T01406,N0008,Arunachal Pradesh,Tawang,N0056,Meghalaya,East Garo Hills,Inter-state,Construction Material,Medium Goods Vehicle,2026-08-23T09:15:00Z
T01407,N0061,Mizoram,Saitual,N0082,Nagaland,Mon,Inter-state,Food Supplies,Medium Goods Vehicle,2026-04-08T16:00:00Z
T01408,N0044,Manipur,Ukhrul,N0003,Arunachal Pradesh,Tawang,Inter-state,Medicine,Medium Goods Vehicle,2026-12-10T17:15:00Z
T01409,N0113,Tripura,Unakoti,N0077,Nagaland,Zunheboto,Inter-state,Medicine,Medium Goods Vehicle,2026-06-09T03:15:00Z
T01410,N0059,Meghalaya,West Khasi Hills,N0069,Mizoram,Mamit,Inter-state,Food Supplies,Heavy Truck,2026-03-03T21:15:00Z
T01411,N0072,Mizoram,Mamit,N0067,Mizoram,Hnahthial,Within-state,Agricultural Produce,Truck,2026-12-17T05:15:00Z
T01412,N0038,Manipur,Ukhrul,N0025,Assam,Tinsukia,Inter-state,Food Supplies,Medium Goods Vehicle,2026-12-01T21:45:00Z
T01413,N0106,Tripura,West Tripura,N0004,Arunachal Pradesh,Upper Subansiri,Inter-state,Agricultural Produce,Heavy Truck,2026-05-22T17:00:00Z
T01414,N0009,Arunachal Pradesh,Namsai,N0003,Arunachal Pradesh,Tawang,Within-state,Food Supplies,Medium Goods Vehicle,2026-11-27T05:15:00Z
T01415,N0002,Arunachal Pradesh,Lower Subansiri,N0004,Arunachal Pradesh,Upper Subansiri,Within-state,Food Supplies,Heavy Truck,2026-07-14T12:00:00Z
T01416,N0077,Nagaland,Zunheboto,N0070,Mizoram,Hnahthial,Inter-state,Agricultural Produce,Medium Goods Vehicle,2026-06-23T04:00:00Z
T01417,N0036,Manipur,Ukhrul,N0013,Arunachal Pradesh,Upper Subansiri,Inter-state,Essential Goods,Medium Goods Vehicle,2026-06-25T00:30:00Z
T01418,N0099,Sikkim,Mangan,N0067,Mizoram,Hnahthial,Inter-state,Medicine,Heavy Truck,2026-05-05T20:15:00Z
T01419,N0003,Arunachal Pradesh,Tawang,N0005,Arunachal Pradesh,Upper Subansiri,Within-state,Essential Goods,Medium Goods Vehicle,2026-10-10T06:15:00Z
T01420,N0013,Arunachal Pradesh,Upper Subansiri,N0053,Meghalaya,South West Khasi Hills,Inter-state,Agricultural Produce,Medium Goods Vehicle,2026-03-01T03:30:00Z
T01421,N0058,Meghalaya,East Khasi Hills,N0067,Mizoram,Hnahthial,Inter-state,Medicine,Truck,2026-08-27T03:00:00Z
T01422,N0007,Arunachal Pradesh,West Kameng,N0112,Tripura,Unakoti,Inter-state,Essential Goods,Heavy Truck,2026-12-28T08:45:00Z
T01423,N0062,Mizoram,Hnahthial,N0068,Mizoram,Aizawl,Within-state,Construction Material,Truck,2026-06-24T10:30:00Z
T01424,N0109,Tripura,South Tripura,N0005,Arunachal Pradesh,Upper Subansiri,Inter-state,Medicine,Truck,2026-03-20T04:00:00Z
T01425,N0059,Meghalaya,West Khasi Hills,N0067,Mizoram,Hnahthial,Inter-state,Construction Material,Truck,2026-08-01T18:15:00Z
T01426,N0006,Arunachal Pradesh,East Kameng,N0104,Sikkim,Mangan,Inter-state,Food Supplies,Truck,2026-07-13T21:30:00Z
T01427,N0109,Tripura,South Tripura,N0116,Tripura,Sepahijala,Within-state,Essential Goods,Truck,2026-03-23T09:00:00Z
T01428,N0003,Arunachal Pradesh,Tawang,N0082,Nagaland,Mon,Inter-state,Food Supplies,Heavy Truck,2026-11-27T14:30:00Z
T01429,N0018,Assam,Darrang,N0102,Sikkim,Gyalshing,Inter-state,Food Supplies,Heavy Truck,2026-09-18T07:00:00Z
T01430,N0073,Mizoram,Champhai,N0028,Assam,Lakhimpur,Inter-state,Essential Goods,Heavy Truck,2026-12-12T22:45:00Z
T01431,N0037,Manipur,Tamenglong,N0066,Mizoram,Aizawl,Inter-state,Construction Material,Heavy Truck,2026-07-03T00:00:00Z
T01432,N0104,Sikkim,Mangan,N0025,Assam,Tinsukia,Inter-state,Construction Material,Heavy Truck,2026-09-07T00:45:00Z
T01433,N0086,Nagaland,Wokha,N0094,Sikkim,Gangtok,Inter-state,Medicine,Medium Goods Vehicle,2026-07-25T14:15:00Z
T01434,N0076,Nagaland,Kohima,N0092,Sikkim,Namchi,Inter-state,Construction Material,Truck,2026-06-13T06:45:00Z
T01435,N0028,Assam,Lakhimpur,N0115,Tripura,West Tripura,Inter-state,Construction Material,Medium Goods Vehicle,2026-08-01T13:15:00Z
T01436,N0012,Arunachal Pradesh,West Siang,N0060,Meghalaya,East Garo Hills,Inter-state,Essential Goods,Truck,2026-06-11T19:45:00Z
T01437,N0104,Sikkim,Mangan,N0114,Tripura,Sepahijala,Inter-state,Food Supplies,Heavy Truck,2026-06-16T21:15:00Z
T01438,N0094,Sikkim,Gangtok,N0071,Mizoram,Champhai,Inter-state,Agricultural Produce,Medium Goods Vehicle,2026-04-20T09:45:00Z
T01439,N0010,Arunachal Pradesh,East Kameng,N0043,Manipur,Noney,Inter-state,Construction Material,Medium Goods Vehicle,2026-10-20T16:15:00Z
T01440,N0065,Mizoram,Saitual,N0023,Assam,Kamrup Metropolitan,Inter-state,Food Supplies,Heavy Truck,2026-11-12T22:30:00Z
T01441,N0087,Nagaland,Kohima,N0058,Meghalaya,East Khasi Hills,Inter-state,Food Supplies,Heavy Truck,2026-01-06T03:00:00Z
T01442,N0098,Sikkim,Namchi,N0076,Nagaland,Kohima,Inter-state,Medicine,Medium Goods Vehicle,2026-02-28T09:00:00Z
T01443,N0118,Tripura,Dhalai,N0061,Mizoram,Saitual,Inter-state,Food Supplies,Medium Goods Vehicle,2026-06-16T01:15:00Z
T01444,N0027,Assam,Tinsukia,N0102,Sikkim,Gyalshing,Inter-state,Construction Material,Medium Goods Vehicle,2026-10-16T13:45:00Z
T01445,N0028,Assam,Lakhimpur,N0001,Arunachal Pradesh,Tawang,Inter-state,Construction Material,Heavy Truck,2026-07-27T02:15:00Z
T01446,N0011,Arunachal Pradesh,Namsai,N0044,Manipur,Ukhrul,Inter-state,Food Supplies,Heavy Truck,2026-04-23T09:15:00Z
T01447,N0085,Nagaland,Phek,N0083,Nagaland,Dimapur,Within-state,Medicine,Medium Goods Vehicle,2026-07-27T04:30:00Z
T01448,N0011,Arunachal Pradesh,Namsai,N0021,Assam,Golaghat,Inter-state,Food Supplies,Heavy Truck,2026-02-25T04:00:00Z
T01449,N0046,Meghalaya,South Garo Hills,N0036,Manipur,Ukhrul,Inter-state,Medicine,Heavy Truck,2026-07-25T02:15:00Z
T01450,N0082,Nagaland,Mon,N0001,Arunachal Pradesh,Tawang,Inter-state,Medicine,Medium Goods Vehicle,2026-03-04T03:30:00Z
T01451,N0081,Nagaland,Chumoukedima,N0099,Sikkim,Mangan,Inter-state,Medicine,Heavy Truck,2026-12-21T22:15:00Z
T01452,N0046,Meghalaya,South Garo Hills,N0090,Nagaland,Chumoukedima,Inter-state,Medicine,Truck,2026-01-11T09:45:00Z
T01453,N0047,Meghalaya,Eastern West Khasi Hills,N0101,Sikkim,Namchi,Inter-state,Agricultural Produce,Truck,2026-06-22T06:00:00Z
T01454,N0099,Sikkim,Mangan,N0114,Tripura,Sepahijala,Inter-state,Agricultural Produce,Heavy Truck,2026-09-05T08:15:00Z
T01455,N0085,Nagaland,Phek,N0019,Assam,Dhemaji,Inter-state,Essential Goods,Truck,2026-10-10T20:15:00Z
T01456,N0062,Mizoram,Hnahthial,N0075,Mizoram,Serchhip,Within-state,Food Supplies,Heavy Truck,2026-06-17T09:30:00Z
T01457,N0042,Manipur,Jiribam,N0043,Manipur,Noney,Within-state,Medicine,Medium Goods Vehicle,2026-05-28T17:00:00Z
T01458,N0057,Meghalaya,South West Khasi Hills,N0023,Assam,Kamrup Metropolitan,Inter-state,Essential Goods,Heavy Truck,2026-12-27T23:30:00Z
T01459,N0062,Mizoram,Hnahthial,N0091,Sikkim,Gangtok,Inter-state,Food Supplies,Medium Goods Vehicle,2026-11-06T06:00:00Z
T01460,N0067,Mizoram,Hnahthial,N0030,Assam,Dibrugarh,Inter-state,Essential Goods,Medium Goods Vehicle,2026-01-12T10:45:00Z
T01461,N0053,Meghalaya,South West Khasi Hills,N0042,Manipur,Jiribam,Inter-state,Medicine,Medium Goods Vehicle,2026-12-24T14:00:00Z
T01462,N0085,Nagaland,Phek,N0015,Arunachal Pradesh,Tirap,Inter-state,Agricultural Produce,Heavy Truck,2026-04-08T03:45:00Z
T01463,N0110,Tripura,Dhalai,N0061,Mizoram,Saitual,Inter-state,Food Supplies,Heavy Truck,2026-09-13T01:45:00Z
T01464,N0003,Arunachal Pradesh,Tawang,N0057,Meghalaya,South West Khasi Hills,Inter-state,Construction Material,Truck,2026-06-25T14:30:00Z
T01465,N0010,Arunachal Pradesh,East Kameng,N0109,Tripura,South Tripura,Inter-state,Food Supplies,Truck,2026-09-09T17:45:00Z
T01466,N0101,Sikkim,Namchi,N0110,Tripura,Dhalai,Inter-state,Medicine,Heavy Truck,2026-01-04T02:30:00Z
T01467,N0042,Manipur,Jiribam,N0025,Assam,Tinsukia,Inter-state,Food Supplies,Heavy Truck,2026-03-10T06:15:00Z
T01468,N0064,Mizoram,Hnahthial,N0095,Sikkim,Gyalshing,Inter-state,Food Supplies,Truck,2026-09-18T08:45:00Z
T01469,N0030,Assam,Dibrugarh,N0003,Arunachal Pradesh,Tawang,Inter-state,Essential Goods,Truck,2026-02-15T11:30:00Z
T01470,N0023,Assam,Kamrup Metropolitan,N0028,Assam,Lakhimpur,Within-state,Agricultural Produce,Truck,2026-01-09T00:00:00Z
T01471,N0004,Arunachal Pradesh,Upper Subansiri,N0100,Sikkim,Gyalshing,Inter-state,Essential Goods,Truck,2026-03-11T01:15:00Z
T01472,N0116,Tripura,Sepahijala,N0050,Meghalaya,East Khasi Hills,Inter-state,Food Supplies,Medium Goods Vehicle,2026-01-08T10:45:00Z
T01473,N0086,Nagaland,Wokha,N0079,Nagaland,Peren,Within-state,Medicine,Medium Goods Vehicle,2026-06-12T22:15:00Z
T01474,N0098,Sikkim,Namchi,N0003,Arunachal Pradesh,Tawang,Inter-state,Essential Goods,Medium Goods Vehicle,2026-06-01T15:45:00Z
T01475,N0118,Tripura,Dhalai,N0018,Assam,Darrang,Inter-state,Essential Goods,Truck,2026-03-20T05:00:00Z
T01476,N0107,Tripura,West Tripura,N0113,Tripura,Unakoti,Within-state,Food Supplies,Heavy Truck,2026-08-13T18:15:00Z
T01477,N0101,Sikkim,Namchi,N0027,Assam,Tinsukia,Inter-state,Construction Material,Heavy Truck,2026-03-15T22:45:00Z
T01478,N0050,Meghalaya,East Khasi Hills,N0049,Meghalaya,North Garo Hills,Within-state,Food Supplies,Heavy Truck,2026-02-26T09:45:00Z
T01479,N0016,Assam,Darrang,N0051,Meghalaya,East Garo Hills,Inter-state,Essential Goods,Heavy Truck,2026-01-01T18:45:00Z
T01480,N0086,Nagaland,Wokha,N0059,Meghalaya,West Khasi Hills,Inter-state,Agricultural Produce,Heavy Truck,2026-01-15T22:45:00Z
T01481,N0117,Tripura,Dhalai,N0080,Nagaland,Longleng,Inter-state,Construction Material,Truck,2026-12-02T07:15:00Z
T01482,N0044,Manipur,Ukhrul,N0101,Sikkim,Namchi,Inter-state,Agricultural Produce,Medium Goods Vehicle,2026-08-04T18:45:00Z
T01483,N0034,Manipur,Ukhrul,N0108,Tripura,Unakoti,Inter-state,Construction Material,Medium Goods Vehicle,2026-01-28T19:45:00Z
T01484,N0019,Assam,Dhemaji,N0093,Sikkim,Gangtok,Inter-state,Medicine,Heavy Truck,2026-12-27T10:15:00Z
T01485,N0022,Assam,Barpeta,N0040,Manipur,Noney,Inter-state,Medicine,Heavy Truck,2026-04-16T21:00:00Z
T01486,N0079,Nagaland,Peren,N0100,Sikkim,Gyalshing,Inter-state,Essential Goods,Heavy Truck,2026-06-21T07:00:00Z
T01487,N0078,Nagaland,Niuland,N0086,Nagaland,Wokha,Within-state,Construction Material,Heavy Truck,2026-06-23T13:15:00Z
T01488,N0099,Sikkim,Mangan,N0109,Tripura,South Tripura,Inter-state,Agricultural Produce,Truck,2026-12-02T06:15:00Z
T01489,N0037,Manipur,Tamenglong,N0008,Arunachal Pradesh,Tawang,Inter-state,Essential Goods,Truck,2026-09-10T12:00:00Z
T01490,N0105,Sikkim,Mangan,N0039,Manipur,Thoubal,Inter-state,Agricultural Produce,Medium Goods Vehicle,2026-08-13T08:45:00Z
T01491,N0021,Assam,Golaghat,N0001,Arunachal Pradesh,Tawang,Inter-state,Medicine,Heavy Truck,2026-04-16T11:15:00Z
T01492,N0030,Assam,Dibrugarh,N0103,Sikkim,Namchi,Inter-state,Food Supplies,Heavy Truck,2026-03-02T22:30:00Z
T01493,N0002,Arunachal Pradesh,Lower Subansiri,N0003,Arunachal Pradesh,Tawang,Within-state,Food Supplies,Heavy Truck,2026-07-24T21:45:00Z
T01494,N0096,Sikkim,Pakyong,N0010,Arunachal Pradesh,East Kameng,Inter-state,Construction Material,Medium Goods Vehicle,2026-06-07T12:45:00Z
T01495,N0093,Sikkim,Gangtok,N0113,Tripura,Unakoti,Inter-state,Essential Goods,Heavy Truck,2026-12-10T05:30:00Z
T01496,N0104,Sikkim,Mangan,N0085,Nagaland,Phek,Inter-state,Essential Goods,Heavy Truck,2026-03-10T22:15:00Z
T01497,N0046,Meghalaya,South Garo Hills,N0106,Tripura,West Tripura,Inter-state,Essential Goods,Medium Goods Vehicle,2026-09-04T08:15:00Z
T01498,N0092,Sikkim,Namchi,N0038,Manipur,Ukhrul,Inter-state,Medicine,Truck,2026-02-12T21:00:00Z
T01499,N0059,Meghalaya,West Khasi Hills,N0075,Mizoram,Serchhip,Inter-state,Food Supplies,Heavy Truck,2026-10-04T18:00:00Z
T01500,N0078,Nagaland,Niuland,N0068,Mizoram,Aizawl,Inter-state,Food Supplies,Medium Goods Vehicle,2026-10-23T03:45:00Z
T01501,N0001,Arunachal Pradesh,Tawang,N0033,Manipur,Jiribam,Inter-state,Agricultural Produce,Heavy Truck,2026-10-11T17:00:00Z
T01502,N0013,Arunachal Pradesh,Upper Subansiri,N0044,Manipur,Ukhrul,Inter-state,Food Supplies,Heavy Truck,2026-11-11T22:30:00Z
T01503,N0077,Nagaland,Zunheboto,N0022,Assam,Barpeta,Inter-state,Medicine,Medium Goods Vehicle,2026-05-18T08:45:00Z
T01504,N0017,Assam,Dhubri,N0033,Manipur,Jiribam,Inter-state,Essential Goods,Heavy Truck,2026-11-11T14:45:00Z
T01505,N0025,Assam,Tinsukia,N0120,Tripura,Sepahijala,Inter-state,Food Supplies,Truck,2026-02-19T04:00:00Z
T01506,N0040,Manipur,Noney,N0004,Arunachal Pradesh,Upper Subansiri,Inter-state,Essential Goods,Heavy Truck,2026-11-23T19:00:00Z
T01507,N0017,Assam,Dhubri,N0024,Assam,Nagaon,Within-state,Agricultural Produce,Medium Goods Vehicle,2026-11-09T06:30:00Z
T01508,N0079,Nagaland,Peren,N0117,Tripura,Dhalai,Inter-state,Food Supplies,Medium Goods Vehicle,2026-02-05T07:00:00Z
T01509,N0080,Nagaland,Longleng,N0091,Sikkim,Gangtok,Inter-state,Medicine,Heavy Truck,2026-11-27T17:45:00Z
T01510,N0103,Sikkim,Namchi,N0105,Sikkim,Mangan,Within-state,Essential Goods,Truck,2026-01-05T03:00:00Z
T01511,N0068,Mizoram,Aizawl,N0085,Nagaland,Phek,Inter-state,Construction Material,Medium Goods Vehicle,2026-10-01T19:00:00Z
T01512,N0079,Nagaland,Peren,N0011,Arunachal Pradesh,Namsai,Inter-state,Food Supplies,Truck,2026-02-07T17:00:00Z
T01513,N0066,Mizoram,Aizawl,N0093,Sikkim,Gangtok,Inter-state,Medicine,Truck,2026-07-01T19:00:00Z
T01514,N0085,Nagaland,Phek,N0036,Manipur,Ukhrul,Inter-state,Agricultural Produce,Medium Goods Vehicle,2026-05-19T11:30:00Z
T01515,N0005,Arunachal Pradesh,Upper Subansiri,N0047,Meghalaya,Eastern West Khasi Hills,Inter-state,Essential Goods,Truck,2026-08-15T23:30:00Z
T01516,N0004,Arunachal Pradesh,Upper Subansiri,N0057,Meghalaya,South West Khasi Hills,Inter-state,Essential Goods,Truck,2026-03-01T18:15:00Z
T01517,N0038,Manipur,Ukhrul,N0072,Mizoram,Mamit,Inter-state,Construction Material,Heavy Truck,2026-08-10T06:00:00Z
T01518,N0107,Tripura,West Tripura,N0098,Sikkim,Namchi,Inter-state,Food Supplies,Truck,2026-07-17T18:00:00Z
T01519,N0012,Arunachal Pradesh,West Siang,N0073,Mizoram,Champhai,Inter-state,Food Supplies,Medium Goods Vehicle,2026-07-08T01:30:00Z
T01520,N0087,Nagaland,Kohima,N0036,Manipur,Ukhrul,Inter-state,Construction Material,Truck,2026-11-09T11:15:00Z
T01521,N0057,Meghalaya,South West Khasi Hills,N0028,Assam,Lakhimpur,Inter-state,Medicine,Heavy Truck,2026-03-01T02:00:00Z
T01522,N0032,Manipur,Ukhrul,N0023,Assam,Kamrup Metropolitan,Inter-state,Food Supplies,Truck,2026-05-27T01:45:00Z
T01523,N0061,Mizoram,Saitual,N0093,Sikkim,Gangtok,Inter-state,Construction Material,Truck,2026-07-01T07:15:00Z
T01524,N0112,Tripura,Unakoti,N0019,Assam,Dhemaji,Inter-state,Essential Goods,Truck,2026-09-24T12:00:00Z
T01525,N0087,Nagaland,Kohima,N0022,Assam,Barpeta,Inter-state,Agricultural Produce,Medium Goods Vehicle,2026-06-13T11:45:00Z
T01526,N0108,Tripura,Unakoti,N0119,Tripura,West Tripura,Within-state,Construction Material,Medium Goods Vehicle,2026-06-08T13:15:00Z
T01527,N0016,Assam,Darrang,N0030,Assam,Dibrugarh,Within-state,Medicine,Truck,2026-07-25T17:15:00Z
T01528,N0086,Nagaland,Wokha,N0080,Nagaland,Longleng,Within-state,Construction Material,Heavy Truck,2026-09-28T00:15:00Z
T01529,N0053,Meghalaya,South West Khasi Hills,N0072,Mizoram,Mamit,Inter-state,Food Supplies,Truck,2026-08-25T04:15:00Z
T01530,N0046,Meghalaya,South Garo Hills,N0114,Tripura,Sepahijala,Inter-state,Construction Material,Medium Goods Vehicle,2026-06-20T01:30:00Z
T01531,N0026,Assam,Kamrup,N0113,Tripura,Unakoti,Inter-state,Medicine,Heavy Truck,2026-10-23T19:30:00Z
T01532,N0056,Meghalaya,East Garo Hills,N0067,Mizoram,Hnahthial,Inter-state,Essential Goods,Medium Goods Vehicle,2026-10-02T10:45:00Z
T01533,N0086,Nagaland,Wokha,N0107,Tripura,West Tripura,Inter-state,Essential Goods,Medium Goods Vehicle,2026-10-01T10:30:00Z
T01534,N0040,Manipur,Noney,N0102,Sikkim,Gyalshing,Inter-state,Medicine,Truck,2026-05-08T07:15:00Z
T01535,N0111,Tripura,Dhalai,N0119,Tripura,West Tripura,Within-state,Construction Material,Heavy Truck,2026-12-11T04:15:00Z
T01536,N0066,Mizoram,Aizawl,N0090,Nagaland,Chumoukedima,Inter-state,Essential Goods,Truck,2026-09-02T00:00:00Z
T01537,N0090,Nagaland,Chumoukedima,N0109,Tripura,South Tripura,Inter-state,Essential Goods,Medium Goods Vehicle,2026-04-06T04:45:00Z
T01538,N0065,Mizoram,Saitual,N0070,Mizoram,Hnahthial,Within-state,Agricultural Produce,Truck,2026-05-07T15:45:00Z
T01539,N0032,Manipur,Ukhrul,N0072,Mizoram,Mamit,Inter-state,Construction Material,Medium Goods Vehicle,2026-05-07T00:15:00Z
T01540,N0055,Meghalaya,West Jaintia Hills,N0010,Arunachal Pradesh,East Kameng,Inter-state,Medicine,Medium Goods Vehicle,2026-12-18T03:00:00Z
T01541,N0102,Sikkim,Gyalshing,N0027,Assam,Tinsukia,Inter-state,Food Supplies,Truck,2026-07-18T16:15:00Z
T01542,N0096,Sikkim,Pakyong,N0053,Meghalaya,South West Khasi Hills,Inter-state,Medicine,Medium Goods Vehicle,2026-02-16T07:30:00Z
T01543,N0120,Tripura,Sepahijala,N0057,Meghalaya,South West Khasi Hills,Inter-state,Essential Goods,Heavy Truck,2026-03-01T21:30:00Z
T01544,N0050,Meghalaya,East Khasi Hills,N0079,Nagaland,Peren,Inter-state,Essential Goods,Medium Goods Vehicle,2026-04-28T12:45:00Z
T01545,N0063,Mizoram,Serchhip,N0099,Sikkim,Mangan,Inter-state,Medicine,Medium Goods Vehicle,2026-01-18T15:00:00Z
T01546,N0097,Sikkim,Mangan,N0028,Assam,Lakhimpur,Inter-state,Essential Goods,Heavy Truck,2026-01-22T15:30:00Z
T01547,N0011,Arunachal Pradesh,Namsai,N0066,Mizoram,Aizawl,Inter-state,Construction Material,Truck,2026-12-11T14:30:00Z
T01548,N0061,Mizoram,Saitual,N0087,Nagaland,Kohima,Inter-state,Medicine,Medium Goods Vehicle,2026-09-21T07:15:00Z
T01549,N0042,Manipur,Jiribam,N0026,Assam,Kamrup,Inter-state,Medicine,Medium Goods Vehicle,2026-09-25T20:30:00Z
T01550,N0073,Mizoram,Champhai,N0083,Nagaland,Dimapur,Inter-state,Medicine,Heavy Truck,2026-12-25T01:30:00Z
T01551,N0012,Arunachal Pradesh,West Siang,N0030,Assam,Dibrugarh,Inter-state,Essential Goods,Truck,2026-07-01T14:15:00Z
T01552,N0041,Manipur,Imphal East,N0042,Manipur,Jiribam,Within-state,Construction Material,Heavy Truck,2026-02-28T10:15:00Z
T01553,N0071,Mizoram,Champhai,N0005,Arunachal Pradesh,Upper Subansiri,Inter-state,Construction Material,Medium Goods Vehicle,2026-03-22T00:30:00Z
T01554,N0081,Nagaland,Chumoukedima,N0119,Tripura,West Tripura,Inter-state,Essential Goods,Heavy Truck,2026-09-24T09:15:00Z
T01555,N0112,Tripura,Unakoti,N0082,Nagaland,Mon,Inter-state,Essential Goods,Heavy Truck,2026-08-02T15:15:00Z
T01556,N0033,Manipur,Jiribam,N0016,Assam,Darrang,Inter-state,Construction Material,Heavy Truck,2026-06-15T18:00:00Z
T01557,N0115,Tripura,West Tripura,N0087,Nagaland,Kohima,Inter-state,Food Supplies,Heavy Truck,2026-01-21T03:45:00Z
T01558,N0007,Arunachal Pradesh,West Kameng,N0086,Nagaland,Wokha,Inter-state,Medicine,Truck,2026-02-22T03:00:00Z
T01559,N0009,Arunachal Pradesh,Namsai,N0113,Tripura,Unakoti,Inter-state,Medicine,Truck,2026-11-05T02:30:00Z
T01560,N0119,Tripura,West Tripura,N0021,Assam,Golaghat,Inter-state,Agricultural Produce,Heavy Truck,2026-12-25T12:15:00Z
T01561,N0050,Meghalaya,East Khasi Hills,N0039,Manipur,Thoubal,Inter-state,Construction Material,Heavy Truck,2026-04-18T18:15:00Z
T01562,N0101,Sikkim,Namchi,N0049,Meghalaya,North Garo Hills,Inter-state,Essential Goods,Heavy Truck,2026-04-23T22:00:00Z
T01563,N0107,Tripura,West Tripura,N0036,Manipur,Ukhrul,Inter-state,Essential Goods,Medium Goods Vehicle,2026-06-08T01:30:00Z
T01564,N0064,Mizoram,Hnahthial,N0083,Nagaland,Dimapur,Inter-state,Construction Material,Medium Goods Vehicle,2026-05-09T22:45:00Z
T01565,N0071,Mizoram,Champhai,N0007,Arunachal Pradesh,West Kameng,Inter-state,Food Supplies,Truck,2026-12-16T08:30:00Z
T01566,N0085,Nagaland,Phek,N0027,Assam,Tinsukia,Inter-state,Medicine,Truck,2026-09-21T00:15:00Z
T01567,N0106,Tripura,West Tripura,N0050,Meghalaya,East Khasi Hills,Inter-state,Medicine,Truck,2026-11-17T05:15:00Z
T01568,N0024,Assam,Nagaon,N0064,Mizoram,Hnahthial,Inter-state,Agricultural Produce,Heavy Truck,2026-12-06T00:00:00Z
T01569,N0031,Manipur,Noney,N0053,Meghalaya,South West Khasi Hills,Inter-state,Essential Goods,Heavy Truck,2026-03-20T13:45:00Z
T01570,N0033,Manipur,Jiribam,N0117,Tripura,Dhalai,Inter-state,Agricultural Produce,Heavy Truck,2026-06-28T05:00:00Z
T01571,N0080,Nagaland,Longleng,N0020,Assam,Dhubri,Inter-state,Medicine,Truck,2026-09-09T17:45:00Z
T01572,N0064,Mizoram,Hnahthial,N0103,Sikkim,Namchi,Inter-state,Medicine,Heavy Truck,2026-01-10T20:00:00Z
T01573,N0022,Assam,Barpeta,N0072,Mizoram,Mamit,Inter-state,Agricultural Produce,Heavy Truck,2026-11-12T08:45:00Z
T01574,N0067,Mizoram,Hnahthial,N0066,Mizoram,Aizawl,Within-state,Construction Material,Medium Goods Vehicle,2026-08-26T19:30:00Z
T01575,N0092,Sikkim,Namchi,N0016,Assam,Darrang,Inter-state,Medicine,Medium Goods Vehicle,2026-10-04T18:45:00Z
T01576,N0041,Manipur,Imphal East,N0064,Mizoram,Hnahthial,Inter-state,Essential Goods,Truck,2026-03-21T13:30:00Z
T01577,N0118,Tripura,Dhalai,N0055,Meghalaya,West Jaintia Hills,Inter-state,Medicine,Medium Goods Vehicle,2026-05-25T15:00:00Z
T01578,N0022,Assam,Barpeta,N0117,Tripura,Dhalai,Inter-state,Construction Material,Medium Goods Vehicle,2026-06-25T09:15:00Z
T01579,N0002,Arunachal Pradesh,Lower Subansiri,N0101,Sikkim,Namchi,Inter-state,Construction Material,Truck,2026-03-26T13:15:00Z
T01580,N0015,Arunachal Pradesh,Tirap,N0042,Manipur,Jiribam,Inter-state,Food Supplies,Truck,2026-11-17T16:00:00Z
T01581,N0064,Mizoram,Hnahthial,N0021,Assam,Golaghat,Inter-state,Medicine,Medium Goods Vehicle,2026-03-07T02:30:00Z
T01582,N0086,Nagaland,Wokha,N0052,Meghalaya,East Garo Hills,Inter-state,Construction Material,Truck,2026-04-19T13:30:00Z
T01583,N0061,Mizoram,Saitual,N0017,Assam,Dhubri,Inter-state,Medicine,Heavy Truck,2026-02-25T15:45:00Z
T01584,N0108,Tripura,Unakoti,N0079,Nagaland,Peren,Inter-state,Agricultural Produce,Truck,2026-12-20T22:15:00Z
T01585,N0050,Meghalaya,East Khasi Hills,N0098,Sikkim,Namchi,Inter-state,Agricultural Produce,Heavy Truck,2026-02-28T01:30:00Z
T01586,N0026,Assam,Kamrup,N0098,Sikkim,Namchi,Inter-state,Essential Goods,Truck,2026-06-06T08:30:00Z
T01587,N0075,Mizoram,Serchhip,N0013,Arunachal Pradesh,Upper Subansiri,Inter-state,Agricultural Produce,Medium Goods Vehicle,2026-12-16T02:45:00Z
T01588,N0016,Assam,Darrang,N0062,Mizoram,Hnahthial,Inter-state,Agricultural Produce,Heavy Truck,2026-10-11T01:15:00Z
T01589,N0072,Mizoram,Mamit,N0108,Tripura,Unakoti,Inter-state,Medicine,Medium Goods Vehicle,2026-02-03T23:30:00Z
T01590,N0088,Nagaland,Longleng,N0041,Manipur,Imphal East,Inter-state,Construction Material,Medium Goods Vehicle,2026-11-03T05:45:00Z
T01591,N0093,Sikkim,Gangtok,N0072,Mizoram,Mamit,Inter-state,Food Supplies,Truck,2026-02-21T03:15:00Z
T01592,N0024,Assam,Nagaon,N0075,Mizoram,Serchhip,Inter-state,Agricultural Produce,Medium Goods Vehicle,2026-11-11T12:00:00Z
T01593,N0079,Nagaland,Peren,N0054,Meghalaya,Ri-Bhoi,Inter-state,Agricultural Produce,Heavy Truck,2026-05-24T02:30:00Z
T01594,N0072,Mizoram,Mamit,N0086,Nagaland,Wokha,Inter-state,Construction Material,Heavy Truck,2026-11-15T14:00:00Z
T01595,N0072,Mizoram,Mamit,N0069,Mizoram,Mamit,Within-state,Essential Goods,Medium Goods Vehicle,2026-10-26T00:00:00Z
T01596,N0085,Nagaland,Phek,N0080,Nagaland,Longleng,Within-state,Food Supplies,Truck,2026-12-21T23:15:00Z
T01597,N0022,Assam,Barpeta,N0069,Mizoram,Mamit,Inter-state,Construction Material,Medium Goods Vehicle,2026-03-15T11:30:00Z
T01598,N0060,Meghalaya,East Garo Hills,N0050,Meghalaya,East Khasi Hills,Within-state,Medicine,Truck,2026-09-23T22:15:00Z
T01599,N0089,Nagaland,Longleng,N0056,Meghalaya,East Garo Hills,Inter-state,Essential Goods,Heavy Truck,2026-02-07T22:45:00Z
T01600,N0120,Tripura,Sepahijala,N0044,Manipur,Ukhrul,Inter-state,Agricultural Produce,Medium Goods Vehicle,2026-07-09T10:15:00Z
T01601,N0061,Mizoram,Saitual,N0003,Arunachal Pradesh,Tawang,Inter-state,Medicine,Medium Goods Vehicle,2026-02-02T18:45:00Z
T01602,N0003,Arunachal Pradesh,Tawang,N0038,Manipur,Ukhrul,Inter-state,Food Supplies,Medium Goods Vehicle,2026-06-26T07:00:00Z
T01603,N0039,Manipur,Thoubal,N0016,Assam,Darrang,Inter-state,Agricultural Produce,Heavy Truck,2026-02-15T11:30:00Z
T01604,N0047,Meghalaya,Eastern West Khasi Hills,N0109,Tripura,South Tripura,Inter-state,Food Supplies,Heavy Truck,2026-02-10T05:15:00Z
T01605,N0047,Meghalaya,Eastern West Khasi Hills,N0043,Manipur,Noney,Inter-state,Medicine,Heavy Truck,2026-08-26T17:00:00Z
T01606,N0097,Sikkim,Mangan,N0056,Meghalaya,East Garo Hills,Inter-state,Food Supplies,Truck,2026-08-27T23:00:00Z
T01607,N0014,Arunachal Pradesh,Longding,N0081,Nagaland,Chumoukedima,Inter-state,Construction Material,Medium Goods Vehicle,2026-02-10T18:00:00Z
T01608,N0042,Manipur,Jiribam,N0011,Arunachal Pradesh,Namsai,Inter-state,Construction Material,Medium Goods Vehicle,2026-12-16T06:15:00Z
T01609,N0003,Arunachal Pradesh,Tawang,N0036,Manipur,Ukhrul,Inter-state,Construction Material,Heavy Truck,2026-10-13T14:45:00Z
T01610,N0012,Arunachal Pradesh,West Siang,N0068,Mizoram,Aizawl,Inter-state,Agricultural Produce,Medium Goods Vehicle,2026-08-10T06:00:00Z
T01611,N0114,Tripura,Sepahijala,N0007,Arunachal Pradesh,West Kameng,Inter-state,Medicine,Truck,2026-05-26T15:00:00Z
T01612,N0011,Arunachal Pradesh,Namsai,N0008,Arunachal Pradesh,Tawang,Within-state,Agricultural Produce,Truck,2026-08-07T17:15:00Z
T01613,N0011,Arunachal Pradesh,Namsai,N0078,Nagaland,Niuland,Inter-state,Essential Goods,Medium Goods Vehicle,2026-03-19T15:15:00Z
T01614,N0117,Tripura,Dhalai,N0071,Mizoram,Champhai,Inter-state,Construction Material,Heavy Truck,2026-01-04T01:45:00Z
T01615,N0070,Mizoram,Hnahthial,N0094,Sikkim,Gangtok,Inter-state,Essential Goods,Heavy Truck,2026-01-25T21:15:00Z
T01616,N0048,Meghalaya,West Garo Hills,N0087,Nagaland,Kohima,Inter-state,Agricultural Produce,Medium Goods Vehicle,2026-03-12T11:45:00Z
T01617,N0021,Assam,Golaghat,N0045,Manipur,Senapati,Inter-state,Medicine,Heavy Truck,2026-10-22T16:00:00Z
T01618,N0014,Arunachal Pradesh,Longding,N0045,Manipur,Senapati,Inter-state,Medicine,Truck,2026-07-10T11:30:00Z
T01619,N0010,Arunachal Pradesh,East Kameng,N0021,Assam,Golaghat,Inter-state,Agricultural Produce,Heavy Truck,2026-02-04T12:15:00Z
T01620,N0101,Sikkim,Namchi,N0104,Sikkim,Mangan,Within-state,Medicine,Medium Goods Vehicle,2026-12-28T02:45:00Z
T01621,N0023,Assam,Kamrup Metropolitan,N0009,Arunachal Pradesh,Namsai,Inter-state,Medicine,Heavy Truck,2026-12-06T15:30:00Z
T01622,N0097,Sikkim,Mangan,N0090,Nagaland,Chumoukedima,Inter-state,Agricultural Produce,Heavy Truck,2026-06-07T01:30:00Z
T01623,N0120,Tripura,Sepahijala,N0090,Nagaland,Chumoukedima,Inter-state,Construction Material,Heavy Truck,2026-09-23T20:30:00Z
T01624,N0010,Arunachal Pradesh,East Kameng,N0007,Arunachal Pradesh,West Kameng,Within-state,Medicine,Medium Goods Vehicle,2026-07-02T13:30:00Z
T01625,N0032,Manipur,Ukhrul,N0075,Mizoram,Serchhip,Inter-state,Agricultural Produce,Medium Goods Vehicle,2026-07-14T14:00:00Z
T01626,N0111,Tripura,Dhalai,N0014,Arunachal Pradesh,Longding,Inter-state,Essential Goods,Heavy Truck,2026-10-16T21:45:00Z
T01627,N0067,Mizoram,Hnahthial,N0056,Meghalaya,East Garo Hills,Inter-state,Construction Material,Heavy Truck,2026-10-27T13:15:00Z
T01628,N0094,Sikkim,Gangtok,N0024,Assam,Nagaon,Inter-state,Food Supplies,Truck,2026-10-07T13:30:00Z
T01629,N0072,Mizoram,Mamit,N0039,Manipur,Thoubal,Inter-state,Food Supplies,Truck,2026-02-17T13:00:00Z
T01630,N0028,Assam,Lakhimpur,N0054,Meghalaya,Ri-Bhoi,Inter-state,Essential Goods,Medium Goods Vehicle,2026-05-07T12:15:00Z
T01631,N0043,Manipur,Noney,N0019,Assam,Dhemaji,Inter-state,Construction Material,Heavy Truck,2026-02-27T18:15:00Z
T01632,N0075,Mizoram,Serchhip,N0095,Sikkim,Gyalshing,Inter-state,Agricultural Produce,Medium Goods Vehicle,2026-04-15T14:30:00Z
T01633,N0101,Sikkim,Namchi,N0001,Arunachal Pradesh,Tawang,Inter-state,Agricultural Produce,Heavy Truck,2026-01-24T06:00:00Z
T01634,N0100,Sikkim,Gyalshing,N0115,Tripura,West Tripura,Inter-state,Food Supplies,Medium Goods Vehicle,2026-01-25T03:15:00Z
T01635,N0006,Arunachal Pradesh,East Kameng,N0117,Tripura,Dhalai,Inter-state,Food Supplies,Truck,2026-04-15T23:00:00Z
T01636,N0020,Assam,Dhubri,N0078,Nagaland,Niuland,Inter-state,Agricultural Produce,Truck,2026-09-19T20:45:00Z
T01637,N0120,Tripura,Sepahijala,N0102,Sikkim,Gyalshing,Inter-state,Medicine,Heavy Truck,2026-12-08T03:00:00Z
T01638,N0039,Manipur,Thoubal,N0032,Manipur,Ukhrul,Within-state,Medicine,Heavy Truck,2026-06-09T11:00:00Z
T01639,N0023,Assam,Kamrup Metropolitan,N0044,Manipur,Ukhrul,Inter-state,Medicine,Truck,2026-03-05T10:45:00Z
T01640,N0019,Assam,Dhemaji,N0062,Mizoram,Hnahthial,Inter-state,Construction Material,Truck,2026-06-06T23:15:00Z
T01641,N0106,Tripura,West Tripura,N0047,Meghalaya,Eastern West Khasi Hills,Inter-state,Construction Material,Medium Goods Vehicle,2026-05-02T22:45:00Z
T01642,N0092,Sikkim,Namchi,N0102,Sikkim,Gyalshing,Within-state,Essential Goods,Heavy Truck,2026-11-05T18:00:00Z
T01643,N0079,Nagaland,Peren,N0077,Nagaland,Zunheboto,Within-state,Food Supplies,Heavy Truck,2026-10-23T15:45:00Z
T01644,N0063,Mizoram,Serchhip,N0098,Sikkim,Namchi,Inter-state,Food Supplies,Heavy Truck,2026-07-15T20:45:00Z
T01645,N0033,Manipur,Jiribam,N0026,Assam,Kamrup,Inter-state,Construction Material,Truck,2026-08-19T05:15:00Z
T01646,N0107,Tripura,West Tripura,N0114,Tripura,Sepahijala,Within-state,Medicine,Truck,2026-11-01T09:00:00Z
T01647,N0052,Meghalaya,East Garo Hills,N0028,Assam,Lakhimpur,Inter-state,Medicine,Medium Goods Vehicle,2026-06-15T21:15:00Z
T01648,N0011,Arunachal Pradesh,Namsai,N0088,Nagaland,Longleng,Inter-state,Construction Material,Medium Goods Vehicle,2026-11-12T14:15:00Z
T01649,N0049,Meghalaya,North Garo Hills,N0066,Mizoram,Aizawl,Inter-state,Essential Goods,Heavy Truck,2026-05-28T03:30:00Z
T01650,N0024,Assam,Nagaon,N0063,Mizoram,Serchhip,Inter-state,Agricultural Produce,Medium Goods Vehicle,2026-11-07T04:45:00Z
T01651,N0058,Meghalaya,East Khasi Hills,N0102,Sikkim,Gyalshing,Inter-state,Construction Material,Heavy Truck,2026-08-25T04:45:00Z
T01652,N0014,Arunachal Pradesh,Longding,N0098,Sikkim,Namchi,Inter-state,Medicine,Heavy Truck,2026-08-20T06:00:00Z
T01653,N0035,Manipur,Ukhrul,N0108,Tripura,Unakoti,Inter-state,Essential Goods,Heavy Truck,2026-05-10T09:00:00Z
T01654,N0054,Meghalaya,Ri-Bhoi,N0098,Sikkim,Namchi,Inter-state,Food Supplies,Medium Goods Vehicle,2026-05-18T13:45:00Z
T01655,N0006,Arunachal Pradesh,East Kameng,N0028,Assam,Lakhimpur,Inter-state,Essential Goods,Medium Goods Vehicle,2026-08-05T17:15:00Z
T01656,N0006,Arunachal Pradesh,East Kameng,N0007,Arunachal Pradesh,West Kameng,Within-state,Essential Goods,Heavy Truck,2026-01-25T19:45:00Z
T01657,N0025,Assam,Tinsukia,N0073,Mizoram,Champhai,Inter-state,Medicine,Heavy Truck,2026-10-13T23:15:00Z
T01658,N0071,Mizoram,Champhai,N0042,Manipur,Jiribam,Inter-state,Medicine,Truck,2026-04-07T17:45:00Z
T01659,N0044,Manipur,Ukhrul,N0011,Arunachal Pradesh,Namsai,Inter-state,Construction Material,Truck,2026-09-21T14:00:00Z
T01660,N0114,Tripura,Sepahijala,N0088,Nagaland,Longleng,Inter-state,Medicine,Truck,2026-11-15T18:00:00Z
T01661,N0011,Arunachal Pradesh,Namsai,N0105,Sikkim,Mangan,Inter-state,Medicine,Medium Goods Vehicle,2026-06-15T09:15:00Z
T01662,N0071,Mizoram,Champhai,N0077,Nagaland,Zunheboto,Inter-state,Medicine,Medium Goods Vehicle,2026-05-04T16:15:00Z
T01663,N0105,Sikkim,Mangan,N0109,Tripura,South Tripura,Inter-state,Medicine,Medium Goods Vehicle,2026-07-20T04:15:00Z
T01664,N0016,Assam,Darrang,N0049,Meghalaya,North Garo Hills,Inter-state,Construction Material,Truck,2026-11-15T00:15:00Z
T01665,N0052,Meghalaya,East Garo Hills,N0115,Tripura,West Tripura,Inter-state,Agricultural Produce,Truck,2026-04-15T01:30:00Z
T01666,N0090,Nagaland,Chumoukedima,N0014,Arunachal Pradesh,Longding,Inter-state,Construction Material,Heavy Truck,2026-11-09T04:45:00Z
T01667,N0031,Manipur,Noney,N0070,Mizoram,Hnahthial,Inter-state,Food Supplies,Truck,2026-08-21T13:30:00Z
T01668,N0016,Assam,Darrang,N0090,Nagaland,Chumoukedima,Inter-state,Construction Material,Heavy Truck,2026-12-10T21:00:00Z
T01669,N0109,Tripura,South Tripura,N0083,Nagaland,Dimapur,Inter-state,Medicine,Heavy Truck,2026-09-23T01:15:00Z
T01670,N0058,Meghalaya,East Khasi Hills,N0100,Sikkim,Gyalshing,Inter-state,Food Supplies,Medium Goods Vehicle,2026-02-20T19:45:00Z
T01671,N0044,Manipur,Ukhrul,N0066,Mizoram,Aizawl,Inter-state,Food Supplies,Heavy Truck,2026-08-26T17:30:00Z
T01672,N0061,Mizoram,Saitual,N0079,Nagaland,Peren,Inter-state,Construction Material,Medium Goods Vehicle,2026-11-01T21:45:00Z
T01673,N0068,Mizoram,Aizawl,N0021,Assam,Golaghat,Inter-state,Agricultural Produce,Truck,2026-02-27T05:15:00Z
T01674,N0051,Meghalaya,East Garo Hills,N0030,Assam,Dibrugarh,Inter-state,Food Supplies,Heavy Truck,2026-07-24T22:45:00Z
T01675,N0035,Manipur,Ukhrul,N0104,Sikkim,Mangan,Inter-state,Food Supplies,Medium Goods Vehicle,2026-01-12T08:45:00Z
T01676,N0048,Meghalaya,West Garo Hills,N0095,Sikkim,Gyalshing,Inter-state,Food Supplies,Truck,2026-07-22T15:45:00Z
T01677,N0084,Nagaland,Chumoukedima,N0018,Assam,Darrang,Inter-state,Agricultural Produce,Truck,2026-12-15T10:30:00Z
T01678,N0019,Assam,Dhemaji,N0105,Sikkim,Mangan,Inter-state,Agricultural Produce,Truck,2026-08-11T21:45:00Z
T01679,N0110,Tripura,Dhalai,N0093,Sikkim,Gangtok,Inter-state,Agricultural Produce,Heavy Truck,2026-06-21T16:15:00Z
T01680,N0056,Meghalaya,East Garo Hills,N0097,Sikkim,Mangan,Inter-state,Essential Goods,Heavy Truck,2026-10-03T23:15:00Z
T01681,N0041,Manipur,Imphal East,N0101,Sikkim,Namchi,Inter-state,Medicine,Medium Goods Vehicle,2026-08-05T16:45:00Z
T01682,N0091,Sikkim,Gangtok,N0090,Nagaland,Chumoukedima,Inter-state,Essential Goods,Medium Goods Vehicle,2026-07-20T01:45:00Z
T01683,N0071,Mizoram,Champhai,N0006,Arunachal Pradesh,East Kameng,Inter-state,Essential Goods,Medium Goods Vehicle,2026-11-15T21:15:00Z
T01684,N0045,Manipur,Senapati,N0063,Mizoram,Serchhip,Inter-state,Essential Goods,Medium Goods Vehicle,2026-12-08T21:15:00Z
T01685,N0015,Arunachal Pradesh,Tirap,N0003,Arunachal Pradesh,Tawang,Within-state,Medicine,Truck,2026-08-11T15:45:00Z
T01686,N0094,Sikkim,Gangtok,N0040,Manipur,Noney,Inter-state,Food Supplies,Heavy Truck,2026-05-10T05:15:00Z
T01687,N0101,Sikkim,Namchi,N0016,Assam,Darrang,Inter-state,Food Supplies,Truck,2026-06-25T15:45:00Z
T01688,N0027,Assam,Tinsukia,N0044,Manipur,Ukhrul,Inter-state,Medicine,Medium Goods Vehicle,2026-09-23T03:45:00Z
T01689,N0010,Arunachal Pradesh,East Kameng,N0076,Nagaland,Kohima,Inter-state,Essential Goods,Heavy Truck,2026-07-28T03:45:00Z
T01690,N0009,Arunachal Pradesh,Namsai,N0084,Nagaland,Chumoukedima,Inter-state,Essential Goods,Truck,2026-01-20T07:15:00Z
T01691,N0056,Meghalaya,East Garo Hills,N0115,Tripura,West Tripura,Inter-state,Food Supplies,Truck,2026-11-23T23:00:00Z
T01692,N0081,Nagaland,Chumoukedima,N0073,Mizoram,Champhai,Inter-state,Medicine,Heavy Truck,2026-02-28T15:30:00Z
T01693,N0011,Arunachal Pradesh,Namsai,N0083,Nagaland,Dimapur,Inter-state,Construction Material,Heavy Truck,2026-01-15T07:30:00Z
T01694,N0070,Mizoram,Hnahthial,N0020,Assam,Dhubri,Inter-state,Agricultural Produce,Heavy Truck,2026-01-13T20:15:00Z
T01695,N0058,Meghalaya,East Khasi Hills,N0054,Meghalaya,Ri-Bhoi,Within-state,Construction Material,Heavy Truck,2026-07-05T18:15:00Z
T01696,N0061,Mizoram,Saitual,N0090,Nagaland,Chumoukedima,Inter-state,Medicine,Medium Goods Vehicle,2026-12-26T18:30:00Z
T01697,N0003,Arunachal Pradesh,Tawang,N0014,Arunachal Pradesh,Longding,Within-state,Agricultural Produce,Medium Goods Vehicle,2026-08-14T21:15:00Z
T01698,N0111,Tripura,Dhalai,N0094,Sikkim,Gangtok,Inter-state,Food Supplies,Medium Goods Vehicle,2026-07-21T19:30:00Z
T01699,N0102,Sikkim,Gyalshing,N0090,Nagaland,Chumoukedima,Inter-state,Food Supplies,Truck,2026-03-06T12:15:00Z
T01700,N0003,Arunachal Pradesh,Tawang,N0016,Assam,Darrang,Inter-state,Construction Material,Medium Goods Vehicle,2026-05-24T05:00:00Z
T01701,N0011,Arunachal Pradesh,Namsai,N0056,Meghalaya,East Garo Hills,Inter-state,Medicine,Heavy Truck,2026-10-17T14:30:00Z
T01702,N0072,Mizoram,Mamit,N0115,Tripura,West Tripura,Inter-state,Construction Material,Medium Goods Vehicle,2026-03-17T16:15:00Z
T01703,N0010,Arunachal Pradesh,East Kameng,N0012,Arunachal Pradesh,West Siang,Within-state,Essential Goods,Medium Goods Vehicle,2026-06-22T18:15:00Z
T01704,N0039,Manipur,Thoubal,N0086,Nagaland,Wokha,Inter-state,Essential Goods,Medium Goods Vehicle,2026-08-18T19:45:00Z
T01705,N0107,Tripura,West Tripura,N0120,Tripura,Sepahijala,Within-state,Medicine,Heavy Truck,2026-11-21T14:15:00Z
T01706,N0091,Sikkim,Gangtok,N0046,Meghalaya,South Garo Hills,Inter-state,Agricultural Produce,Medium Goods Vehicle,2026-10-01T12:00:00Z
T01707,N0031,Manipur,Noney,N0058,Meghalaya,East Khasi Hills,Inter-state,Agricultural Produce,Truck,2026-03-23T03:45:00Z
T01708,N0061,Mizoram,Saitual,N0076,Nagaland,Kohima,Inter-state,Agricultural Produce,Heavy Truck,2026-06-01T06:30:00Z
T01709,N0044,Manipur,Ukhrul,N0011,Arunachal Pradesh,Namsai,Inter-state,Food Supplies,Truck,2026-09-19T02:15:00Z
T01710,N0112,Tripura,Unakoti,N0105,Sikkim,Mangan,Inter-state,Medicine,Truck,2026-01-23T02:00:00Z
T01711,N0115,Tripura,West Tripura,N0042,Manipur,Jiribam,Inter-state,Medicine,Medium Goods Vehicle,2026-09-24T16:00:00Z
T01712,N0001,Arunachal Pradesh,Tawang,N0066,Mizoram,Aizawl,Inter-state,Agricultural Produce,Medium Goods Vehicle,2026-01-12T03:00:00Z
T01713,N0022,Assam,Barpeta,N0077,Nagaland,Zunheboto,Inter-state,Agricultural Produce,Heavy Truck,2026-02-15T13:45:00Z
T01714,N0048,Meghalaya,West Garo Hills,N0114,Tripura,Sepahijala,Inter-state,Construction Material,Medium Goods Vehicle,2026-06-27T19:45:00Z
T01715,N0054,Meghalaya,Ri-Bhoi,N0012,Arunachal Pradesh,West Siang,Inter-state,Construction Material,Medium Goods Vehicle,2026-04-12T20:45:00Z
T01716,N0039,Manipur,Thoubal,N0037,Manipur,Tamenglong,Within-state,Essential Goods,Medium Goods Vehicle,2026-02-12T23:45:00Z
T01717,N0076,Nagaland,Kohima,N0056,Meghalaya,East Garo Hills,Inter-state,Construction Material,Truck,2026-09-01T17:30:00Z
T01718,N0052,Meghalaya,East Garo Hills,N0120,Tripura,Sepahijala,Inter-state,Essential Goods,Medium Goods Vehicle,2026-01-22T21:45:00Z
T01719,N0082,Nagaland,Mon,N0001,Arunachal Pradesh,Tawang,Inter-state,Construction Material,Medium Goods Vehicle,2026-09-25T06:00:00Z
T01720,N0050,Meghalaya,East Khasi Hills,N0062,Mizoram,Hnahthial,Inter-state,Medicine,Medium Goods Vehicle,2026-09-21T16:15:00Z
T01721,N0078,Nagaland,Niuland,N0095,Sikkim,Gyalshing,Inter-state,Essential Goods,Truck,2026-02-03T08:45:00Z
T01722,N0106,Tripura,West Tripura,N0052,Meghalaya,East Garo Hills,Inter-state,Medicine,Medium Goods Vehicle,2026-08-03T21:15:00Z
T01723,N0101,Sikkim,Namchi,N0046,Meghalaya,South Garo Hills,Inter-state,Food Supplies,Medium Goods Vehicle,2026-04-04T05:00:00Z
T01724,N0077,Nagaland,Zunheboto,N0030,Assam,Dibrugarh,Inter-state,Essential Goods,Truck,2026-11-26T12:15:00Z
T01725,N0063,Mizoram,Serchhip,N0044,Manipur,Ukhrul,Inter-state,Food Supplies,Truck,2026-12-07T19:30:00Z
T01726,N0046,Meghalaya,South Garo Hills,N0068,Mizoram,Aizawl,Inter-state,Food Supplies,Medium Goods Vehicle,2026-06-04T22:30:00Z
T01727,N0051,Meghalaya,East Garo Hills,N0094,Sikkim,Gangtok,Inter-state,Agricultural Produce,Medium Goods Vehicle,2026-02-13T04:30:00Z
T01728,N0032,Manipur,Ukhrul,N0045,Manipur,Senapati,Within-state,Food Supplies,Medium Goods Vehicle,2026-02-15T18:30:00Z
T01729,N0048,Meghalaya,West Garo Hills,N0067,Mizoram,Hnahthial,Inter-state,Essential Goods,Truck,2026-12-11T05:00:00Z
T01730,N0010,Arunachal Pradesh,East Kameng,N0037,Manipur,Tamenglong,Inter-state,Agricultural Produce,Truck,2026-08-11T12:30:00Z
T01731,N0001,Arunachal Pradesh,Tawang,N0097,Sikkim,Mangan,Inter-state,Medicine,Heavy Truck,2026-08-06T02:45:00Z
T01732,N0041,Manipur,Imphal East,N0058,Meghalaya,East Khasi Hills,Inter-state,Essential Goods,Medium Goods Vehicle,2026-07-17T16:45:00Z
T01733,N0106,Tripura,West Tripura,N0051,Meghalaya,East Garo Hills,Inter-state,Agricultural Produce,Truck,2026-01-06T08:30:00Z
T01734,N0033,Manipur,Jiribam,N0044,Manipur,Ukhrul,Within-state,Medicine,Truck,2026-11-19T09:15:00Z
T01735,N0074,Mizoram,Lunglei,N0025,Assam,Tinsukia,Inter-state,Construction Material,Heavy Truck,2026-03-05T04:30:00Z
T01736,N0018,Assam,Darrang,N0031,Manipur,Noney,Inter-state,Food Supplies,Medium Goods Vehicle,2026-10-09T19:00:00Z
T01737,N0049,Meghalaya,North Garo Hills,N0020,Assam,Dhubri,Inter-state,Essential Goods,Truck,2026-11-04T22:45:00Z
T01738,N0104,Sikkim,Mangan,N0033,Manipur,Jiribam,Inter-state,Essential Goods,Medium Goods Vehicle,2026-07-20T10:00:00Z
T01739,N0079,Nagaland,Peren,N0086,Nagaland,Wokha,Within-state,Agricultural Produce,Truck,2026-12-11T22:30:00Z
T01740,N0035,Manipur,Ukhrul,N0042,Manipur,Jiribam,Within-state,Medicine,Medium Goods Vehicle,2026-01-18T16:30:00Z
T01741,N0058,Meghalaya,East Khasi Hills,N0022,Assam,Barpeta,Inter-state,Agricultural Produce,Medium Goods Vehicle,2026-11-04T11:30:00Z
T01742,N0096,Sikkim,Pakyong,N0018,Assam,Darrang,Inter-state,Essential Goods,Truck,2026-12-28T12:45:00Z
T01743,N0014,Arunachal Pradesh,Longding,N0060,Meghalaya,East Garo Hills,Inter-state,Medicine,Truck,2026-04-03T16:30:00Z
T01744,N0088,Nagaland,Longleng,N0023,Assam,Kamrup Metropolitan,Inter-state,Construction Material,Medium Goods Vehicle,2026-03-12T21:45:00Z
T01745,N0055,Meghalaya,West Jaintia Hills,N0029,Assam,Barpeta,Inter-state,Essential Goods,Heavy Truck,2026-06-19T07:00:00Z
T01746,N0097,Sikkim,Mangan,N0114,Tripura,Sepahijala,Inter-state,Food Supplies,Truck,2026-03-22T01:45:00Z
T01747,N0032,Manipur,Ukhrul,N0042,Manipur,Jiribam,Within-state,Medicine,Truck,2026-02-17T10:15:00Z
T01748,N0105,Sikkim,Mangan,N0060,Meghalaya,East Garo Hills,Inter-state,Essential Goods,Heavy Truck,2026-12-14T22:45:00Z
T01749,N0075,Mizoram,Serchhip,N0072,Mizoram,Mamit,Within-state,Essential Goods,Heavy Truck,2026-01-16T23:45:00Z
T01750,N0045,Manipur,Senapati,N0059,Meghalaya,West Khasi Hills,Inter-state,Construction Material,Medium Goods Vehicle,2026-02-14T21:45:00Z
T01751,N0083,Nagaland,Dimapur,N0004,Arunachal Pradesh,Upper Subansiri,Inter-state,Medicine,Truck,2026-01-28T20:30:00Z
T01752,N0020,Assam,Dhubri,N0035,Manipur,Ukhrul,Inter-state,Essential Goods,Truck,2026-01-15T16:15:00Z
T01753,N0119,Tripura,West Tripura,N0104,Sikkim,Mangan,Inter-state,Agricultural Produce,Heavy Truck,2026-01-18T02:30:00Z
T01754,N0008,Arunachal Pradesh,Tawang,N0047,Meghalaya,Eastern West Khasi Hills,Inter-state,Food Supplies,Truck,2026-08-07T16:00:00Z
T01755,N0019,Assam,Dhemaji,N0068,Mizoram,Aizawl,Inter-state,Agricultural Produce,Heavy Truck,2026-03-03T20:15:00Z
T01756,N0072,Mizoram,Mamit,N0053,Meghalaya,South West Khasi Hills,Inter-state,Essential Goods,Heavy Truck,2026-06-02T09:15:00Z
T01757,N0077,Nagaland,Zunheboto,N0018,Assam,Darrang,Inter-state,Medicine,Truck,2026-05-13T13:45:00Z
T01758,N0030,Assam,Dibrugarh,N0111,Tripura,Dhalai,Inter-state,Medicine,Medium Goods Vehicle,2026-02-10T19:00:00Z
T01759,N0018,Assam,Darrang,N0061,Mizoram,Saitual,Inter-state,Essential Goods,Truck,2026-12-01T21:30:00Z
T01760,N0087,Nagaland,Kohima,N0086,Nagaland,Wokha,Within-state,Essential Goods,Truck,2026-05-09T02:45:00Z
T01761,N0016,Assam,Darrang,N0072,Mizoram,Mamit,Inter-state,Construction Material,Truck,2026-10-02T22:15:00Z
T01762,N0117,Tripura,Dhalai,N0067,Mizoram,Hnahthial,Inter-state,Construction Material,Medium Goods Vehicle,2026-03-25T10:45:00Z
T01763,N0070,Mizoram,Hnahthial,N0075,Mizoram,Serchhip,Within-state,Agricultural Produce,Heavy Truck,2026-05-24T06:00:00Z
T01764,N0114,Tripura,Sepahijala,N0021,Assam,Golaghat,Inter-state,Agricultural Produce,Heavy Truck,2026-10-05T21:30:00Z
T01765,N0080,Nagaland,Longleng,N0087,Nagaland,Kohima,Within-state,Medicine,Medium Goods Vehicle,2026-06-10T20:15:00Z
T01766,N0066,Mizoram,Aizawl,N0108,Tripura,Unakoti,Inter-state,Food Supplies,Heavy Truck,2026-11-17T18:30:00Z
T01767,N0105,Sikkim,Mangan,N0039,Manipur,Thoubal,Inter-state,Food Supplies,Truck,2026-06-15T13:45:00Z
T01768,N0018,Assam,Darrang,N0078,Nagaland,Niuland,Inter-state,Essential Goods,Medium Goods Vehicle,2026-11-01T09:45:00Z
T01769,N0107,Tripura,West Tripura,N0096,Sikkim,Pakyong,Inter-state,Medicine,Truck,2026-11-05T10:45:00Z
T01770,N0043,Manipur,Noney,N0055,Meghalaya,West Jaintia Hills,Inter-state,Food Supplies,Heavy Truck,2026-11-12T13:00:00Z
T01771,N0009,Arunachal Pradesh,Namsai,N0107,Tripura,West Tripura,Inter-state,Essential Goods,Heavy Truck,2026-12-04T08:45:00Z
T01772,N0051,Meghalaya,East Garo Hills,N0039,Manipur,Thoubal,Inter-state,Food Supplies,Truck,2026-07-02T07:00:00Z
T01773,N0036,Manipur,Ukhrul,N0104,Sikkim,Mangan,Inter-state,Essential Goods,Heavy Truck,2026-06-05T02:45:00Z
T01774,N0081,Nagaland,Chumoukedima,N0022,Assam,Barpeta,Inter-state,Construction Material,Medium Goods Vehicle,2026-06-20T15:45:00Z
T01775,N0096,Sikkim,Pakyong,N0012,Arunachal Pradesh,West Siang,Inter-state,Essential Goods,Truck,2026-03-11T13:00:00Z
T01776,N0008,Arunachal Pradesh,Tawang,N0087,Nagaland,Kohima,Inter-state,Essential Goods,Heavy Truck,2026-01-13T08:45:00Z
T01777,N0043,Manipur,Noney,N0030,Assam,Dibrugarh,Inter-state,Agricultural Produce,Truck,2026-03-15T05:00:00Z
T01778,N0007,Arunachal Pradesh,West Kameng,N0108,Tripura,Unakoti,Inter-state,Food Supplies,Heavy Truck,2026-02-03T22:00:00Z
T01779,N0002,Arunachal Pradesh,Lower Subansiri,N0020,Assam,Dhubri,Inter-state,Food Supplies,Heavy Truck,2026-02-01T01:00:00Z
T01780,N0058,Meghalaya,East Khasi Hills,N0023,Assam,Kamrup Metropolitan,Inter-state,Construction Material,Heavy Truck,2026-01-08T08:45:00Z
T01781,N0064,Mizoram,Hnahthial,N0115,Tripura,West Tripura,Inter-state,Construction Material,Medium Goods Vehicle,2026-10-25T11:15:00Z
T01782,N0086,Nagaland,Wokha,N0018,Assam,Darrang,Inter-state,Food Supplies,Heavy Truck,2026-05-22T09:15:00Z
T01783,N0090,Nagaland,Chumoukedima,N0109,Tripura,South Tripura,Inter-state,Construction Material,Heavy Truck,2026-07-18T19:15:00Z
T01784,N0008,Arunachal Pradesh,Tawang,N0064,Mizoram,Hnahthial,Inter-state,Agricultural Produce,Heavy Truck,2026-01-23T02:30:00Z
T01785,N0099,Sikkim,Mangan,N0076,Nagaland,Kohima,Inter-state,Agricultural Produce,Heavy Truck,2026-03-24T14:45:00Z
T01786,N0037,Manipur,Tamenglong,N0115,Tripura,West Tripura,Inter-state,Construction Material,Truck,2026-01-25T02:00:00Z
T01787,N0017,Assam,Dhubri,N0020,Assam,Dhubri,Within-state,Construction Material,Truck,2026-10-25T07:30:00Z
T01788,N0086,Nagaland,Wokha,N0042,Manipur,Jiribam,Inter-state,Food Supplies,Truck,2026-07-20T18:30:00Z
T01789,N0057,Meghalaya,South West Khasi Hills,N0002,Arunachal Pradesh,Lower Subansiri,Inter-state,Agricultural Produce,Truck,2026-12-24T20:15:00Z
T01790,N0060,Meghalaya,East Garo Hills,N0017,Assam,Dhubri,Inter-state,Food Supplies,Heavy Truck,2026-08-02T14:00:00Z
T01791,N0084,Nagaland,Chumoukedima,N0033,Manipur,Jiribam,Inter-state,Food Supplies,Medium Goods Vehicle,2026-06-15T06:15:00Z
T01792,N0095,Sikkim,Gyalshing,N0051,Meghalaya,East Garo Hills,Inter-state,Construction Material,Medium Goods Vehicle,2026-09-05T21:30:00Z
T01793,N0002,Arunachal Pradesh,Lower Subansiri,N0006,Arunachal Pradesh,East Kameng,Within-state,Agricultural Produce,Truck,2026-08-02T23:30:00Z
T01794,N0088,Nagaland,Longleng,N0079,Nagaland,Peren,Within-state,Agricultural Produce,Heavy Truck,2026-07-22T04:00:00Z
T01795,N0007,Arunachal Pradesh,West Kameng,N0005,Arunachal Pradesh,Upper Subansiri,Within-state,Agricultural Produce,Truck,2026-04-27T14:45:00Z
T01796,N0015,Arunachal Pradesh,Tirap,N0008,Arunachal Pradesh,Tawang,Within-state,Medicine,Truck,2026-10-12T10:15:00Z
T01797,N0062,Mizoram,Hnahthial,N0012,Arunachal Pradesh,West Siang,Inter-state,Medicine,Medium Goods Vehicle,2026-09-07T01:00:00Z
T01798,N0063,Mizoram,Serchhip,N0041,Manipur,Imphal East,Inter-state,Food Supplies,Truck,2026-12-24T05:30:00Z
T01799,N0086,Nagaland,Wokha,N0112,Tripura,Unakoti,Inter-state,Essential Goods,Truck,2026-09-09T01:45:00Z
T01800,N0023,Assam,Kamrup Metropolitan,N0086,Nagaland,Wokha,Inter-state,Medicine,Truck,2026-06-01T05:45:00Z
T01801,N0084,Nagaland,Chumoukedima,N0101,Sikkim,Namchi,Inter-state,Essential Goods,Medium Goods Vehicle,2026-06-20T12:15:00Z
T01802,N0088,Nagaland,Longleng,N0003,Arunachal Pradesh,Tawang,Inter-state,Food Supplies,Truck,2026-01-07T16:30:00Z
T01803,N0072,Mizoram,Mamit,N0012,Arunachal Pradesh,West Siang,Inter-state,Agricultural Produce,Heavy Truck,2026-01-21T06:45:00Z
T01804,N0056,Meghalaya,East Garo Hills,N0084,Nagaland,Chumoukedima,Inter-state,Food Supplies,Heavy Truck,2026-12-21T19:45:00Z
T01805,N0001,Arunachal Pradesh,Tawang,N0066,Mizoram,Aizawl,Inter-state,Medicine,Medium Goods Vehicle,2026-03-24T00:45:00Z
T01806,N0079,Nagaland,Peren,N0010,Arunachal Pradesh,East Kameng,Inter-state,Food Supplies,Medium Goods Vehicle,2026-08-25T22:30:00Z
T01807,N0119,Tripura,West Tripura,N0023,Assam,Kamrup Metropolitan,Inter-state,Agricultural Produce,Truck,2026-07-24T01:45:00Z
T01808,N0119,Tripura,West Tripura,N0086,Nagaland,Wokha,Inter-state,Construction Material,Medium Goods Vehicle,2026-04-21T18:45:00Z
T01809,N0067,Mizoram,Hnahthial,N0062,Mizoram,Hnahthial,Within-state,Agricultural Produce,Heavy Truck,2026-06-27T00:30:00Z
T01810,N0047,Meghalaya,Eastern West Khasi Hills,N0028,Assam,Lakhimpur,Inter-state,Construction Material,Medium Goods Vehicle,2026-06-23T05:30:00Z
T01811,N0007,Arunachal Pradesh,West Kameng,N0044,Manipur,Ukhrul,Inter-state,Construction Material,Heavy Truck,2026-10-01T11:45:00Z
T01812,N0102,Sikkim,Gyalshing,N0045,Manipur,Senapati,Inter-state,Food Supplies,Truck,2026-01-21T13:00:00Z
T01813,N0044,Manipur,Ukhrul,N0046,Meghalaya,South Garo Hills,Inter-state,Essential Goods,Heavy Truck,2026-02-25T21:45:00Z
T01814,N0095,Sikkim,Gyalshing,N0101,Sikkim,Namchi,Within-state,Agricultural Produce,Heavy Truck,2026-10-08T01:15:00Z
T01815,N0100,Sikkim,Gyalshing,N0071,Mizoram,Champhai,Inter-state,Food Supplies,Medium Goods Vehicle,2026-04-19T13:15:00Z
T01816,N0018,Assam,Darrang,N0023,Assam,Kamrup Metropolitan,Within-state,Food Supplies,Medium Goods Vehicle,2026-11-13T05:00:00Z
T01817,N0042,Manipur,Jiribam,N0098,Sikkim,Namchi,Inter-state,Essential Goods,Truck,2026-02-13T13:45:00Z
T01818,N0120,Tripura,Sepahijala,N0068,Mizoram,Aizawl,Inter-state,Food Supplies,Heavy Truck,2026-12-11T21:15:00Z
T01819,N0039,Manipur,Thoubal,N0018,Assam,Darrang,Inter-state,Medicine,Medium Goods Vehicle,2026-03-19T16:00:00Z
T01820,N0045,Manipur,Senapati,N0098,Sikkim,Namchi,Inter-state,Food Supplies,Truck,2026-03-04T22:00:00Z
T01821,N0117,Tripura,Dhalai,N0110,Tripura,Dhalai,Within-state,Construction Material,Truck,2026-10-08T06:30:00Z
T01822,N0073,Mizoram,Champhai,N0042,Manipur,Jiribam,Inter-state,Medicine,Medium Goods Vehicle,2026-04-16T00:45:00Z
T01823,N0019,Assam,Dhemaji,N0054,Meghalaya,Ri-Bhoi,Inter-state,Agricultural Produce,Medium Goods Vehicle,2026-09-08T15:45:00Z
T01824,N0117,Tripura,Dhalai,N0110,Tripura,Dhalai,Within-state,Food Supplies,Heavy Truck,2026-10-03T14:15:00Z
T01825,N0052,Meghalaya,East Garo Hills,N0079,Nagaland,Peren,Inter-state,Food Supplies,Truck,2026-02-08T02:45:00Z
T01826,N0006,Arunachal Pradesh,East Kameng,N0073,Mizoram,Champhai,Inter-state,Construction Material,Truck,2026-10-10T23:00:00Z
T01827,N0102,Sikkim,Gyalshing,N0110,Tripura,Dhalai,Inter-state,Construction Material,Truck,2026-10-26T09:00:00Z
T01828,N0045,Manipur,Senapati,N0011,Arunachal Pradesh,Namsai,Inter-state,Medicine,Medium Goods Vehicle,2026-01-10T23:00:00Z
T01829,N0049,Meghalaya,North Garo Hills,N0028,Assam,Lakhimpur,Inter-state,Medicine,Medium Goods Vehicle,2026-04-16T14:45:00Z
T01830,N0026,Assam,Kamrup,N0072,Mizoram,Mamit,Inter-state,Agricultural Produce,Heavy Truck,2026-05-19T22:45:00Z
T01831,N0071,Mizoram,Champhai,N0086,Nagaland,Wokha,Inter-state,Construction Material,Medium Goods Vehicle,2026-06-10T12:00:00Z
T01832,N0029,Assam,Barpeta,N0028,Assam,Lakhimpur,Within-state,Food Supplies,Truck,2026-04-20T14:30:00Z
T01833,N0039,Manipur,Thoubal,N0037,Manipur,Tamenglong,Within-state,Food Supplies,Medium Goods Vehicle,2026-06-27T09:45:00Z
T01834,N0077,Nagaland,Zunheboto,N0004,Arunachal Pradesh,Upper Subansiri,Inter-state,Food Supplies,Truck,2026-03-13T10:00:00Z
T01835,N0020,Assam,Dhubri,N0004,Arunachal Pradesh,Upper Subansiri,Inter-state,Construction Material,Heavy Truck,2026-02-01T11:15:00Z
T01836,N0068,Mizoram,Aizawl,N0022,Assam,Barpeta,Inter-state,Construction Material,Truck,2026-02-13T17:00:00Z
T01837,N0099,Sikkim,Mangan,N0063,Mizoram,Serchhip,Inter-state,Medicine,Truck,2026-01-21T12:30:00Z
T01838,N0020,Assam,Dhubri,N0117,Tripura,Dhalai,Inter-state,Construction Material,Truck,2026-10-01T23:45:00Z
T01839,N0002,Arunachal Pradesh,Lower Subansiri,N0098,Sikkim,Namchi,Inter-state,Medicine,Medium Goods Vehicle,2026-08-22T20:30:00Z
T01840,N0117,Tripura,Dhalai,N0084,Nagaland,Chumoukedima,Inter-state,Medicine,Truck,2026-06-06T13:30:00Z
T01841,N0064,Mizoram,Hnahthial,N0005,Arunachal Pradesh,Upper Subansiri,Inter-state,Agricultural Produce,Truck,2026-03-08T20:45:00Z
T01842,N0049,Meghalaya,North Garo Hills,N0075,Mizoram,Serchhip,Inter-state,Food Supplies,Medium Goods Vehicle,2026-05-18T12:15:00Z
T01843,N0011,Arunachal Pradesh,Namsai,N0032,Manipur,Ukhrul,Inter-state,Agricultural Produce,Truck,2026-09-22T11:15:00Z
T01844,N0008,Arunachal Pradesh,Tawang,N0103,Sikkim,Namchi,Inter-state,Food Supplies,Truck,2026-09-10T22:45:00Z
T01845,N0045,Manipur,Senapati,N0032,Manipur,Ukhrul,Within-state,Essential Goods,Medium Goods Vehicle,2026-07-10T19:00:00Z
T01846,N0051,Meghalaya,East Garo Hills,N0108,Tripura,Unakoti,Inter-state,Essential Goods,Truck,2026-05-26T07:30:00Z
T01847,N0034,Manipur,Ukhrul,N0078,Nagaland,Niuland,Inter-state,Food Supplies,Medium Goods Vehicle,2026-12-08T21:30:00Z
T01848,N0014,Arunachal Pradesh,Longding,N0118,Tripura,Dhalai,Inter-state,Essential Goods,Medium Goods Vehicle,2026-04-07T03:30:00Z
T01849,N0091,Sikkim,Gangtok,N0117,Tripura,Dhalai,Inter-state,Agricultural Produce,Truck,2026-06-10T09:45:00Z
T01850,N0060,Meghalaya,East Garo Hills,N0109,Tripura,South Tripura,Inter-state,Agricultural Produce,Truck,2026-08-06T14:00:00Z
T01851,N0003,Arunachal Pradesh,Tawang,N0074,Mizoram,Lunglei,Inter-state,Construction Material,Heavy Truck,2026-02-24T23:30:00Z
T01852,N0111,Tripura,Dhalai,N0116,Tripura,Sepahijala,Within-state,Agricultural Produce,Medium Goods Vehicle,2026-11-17T10:45:00Z
T01853,N0054,Meghalaya,Ri-Bhoi,N0107,Tripura,West Tripura,Inter-state,Essential Goods,Medium Goods Vehicle,2026-06-21T09:15:00Z
T01854,N0076,Nagaland,Kohima,N0048,Meghalaya,West Garo Hills,Inter-state,Construction Material,Heavy Truck,2026-02-28T23:00:00Z
T01855,N0004,Arunachal Pradesh,Upper Subansiri,N0048,Meghalaya,West Garo Hills,Inter-state,Medicine,Medium Goods Vehicle,2026-03-22T14:30:00Z
T01856,N0092,Sikkim,Namchi,N0106,Tripura,West Tripura,Inter-state,Essential Goods,Medium Goods Vehicle,2026-08-28T21:30:00Z
T01857,N0007,Arunachal Pradesh,West Kameng,N0099,Sikkim,Mangan,Inter-state,Food Supplies,Truck,2026-08-25T10:00:00Z
T01858,N0101,Sikkim,Namchi,N0095,Sikkim,Gyalshing,Within-state,Food Supplies,Heavy Truck,2026-06-20T22:00:00Z
T01859,N0094,Sikkim,Gangtok,N0093,Sikkim,Gangtok,Within-state,Medicine,Truck,2026-03-04T18:30:00Z
T01860,N0110,Tripura,Dhalai,N0053,Meghalaya,South West Khasi Hills,Inter-state,Food Supplies,Heavy Truck,2026-02-06T21:15:00Z
T01861,N0116,Tripura,Sepahijala,N0023,Assam,Kamrup Metropolitan,Inter-state,Construction Material,Truck,2026-01-16T01:45:00Z
T01862,N0118,Tripura,Dhalai,N0093,Sikkim,Gangtok,Inter-state,Agricultural Produce,Medium Goods Vehicle,2026-05-24T01:00:00Z
T01863,N0104,Sikkim,Mangan,N0060,Meghalaya,East Garo Hills,Inter-state,Essential Goods,Heavy Truck,2026-04-01T02:45:00Z
T01864,N0049,Meghalaya,North Garo Hills,N0093,Sikkim,Gangtok,Inter-state,Construction Material,Medium Goods Vehicle,2026-02-11T14:45:00Z
T01865,N0051,Meghalaya,East Garo Hills,N0120,Tripura,Sepahijala,Inter-state,Essential Goods,Heavy Truck,2026-03-04T07:00:00Z
T01866,N0022,Assam,Barpeta,N0009,Arunachal Pradesh,Namsai,Inter-state,Medicine,Heavy Truck,2026-12-26T13:30:00Z
T01867,N0061,Mizoram,Saitual,N0049,Meghalaya,North Garo Hills,Inter-state,Essential Goods,Heavy Truck,2026-01-07T01:45:00Z
T01868,N0107,Tripura,West Tripura,N0049,Meghalaya,North Garo Hills,Inter-state,Food Supplies,Truck,2026-03-27T07:30:00Z
T01869,N0065,Mizoram,Saitual,N0054,Meghalaya,Ri-Bhoi,Inter-state,Essential Goods,Truck,2026-02-14T11:15:00Z
T01870,N0040,Manipur,Noney,N0020,Assam,Dhubri,Inter-state,Medicine,Heavy Truck,2026-01-24T16:30:00Z
T01871,N0103,Sikkim,Namchi,N0024,Assam,Nagaon,Inter-state,Construction Material,Heavy Truck,2026-03-26T04:45:00Z
T01872,N0102,Sikkim,Gyalshing,N0072,Mizoram,Mamit,Inter-state,Food Supplies,Heavy Truck,2026-10-28T17:30:00Z
T01873,N0014,Arunachal Pradesh,Longding,N0094,Sikkim,Gangtok,Inter-state,Food Supplies,Medium Goods Vehicle,2026-01-03T21:00:00Z
T01874,N0017,Assam,Dhubri,N0098,Sikkim,Namchi,Inter-state,Agricultural Produce,Truck,2026-10-04T06:00:00Z
T01875,N0023,Assam,Kamrup Metropolitan,N0101,Sikkim,Namchi,Inter-state,Construction Material,Medium Goods Vehicle,2026-08-27T17:45:00Z
T01876,N0030,Assam,Dibrugarh,N0089,Nagaland,Longleng,Inter-state,Medicine,Heavy Truck,2026-07-07T05:45:00Z
T01877,N0023,Assam,Kamrup Metropolitan,N0014,Arunachal Pradesh,Longding,Inter-state,Construction Material,Truck,2026-07-21T05:00:00Z
T01878,N0039,Manipur,Thoubal,N0118,Tripura,Dhalai,Inter-state,Essential Goods,Truck,2026-10-06T08:30:00Z
T01879,N0074,Mizoram,Lunglei,N0034,Manipur,Ukhrul,Inter-state,Construction Material,Medium Goods Vehicle,2026-05-12T16:30:00Z
T01880,N0035,Manipur,Ukhrul,N0066,Mizoram,Aizawl,Inter-state,Agricultural Produce,Medium Goods Vehicle,2026-08-22T23:00:00Z
T01881,N0057,Meghalaya,South West Khasi Hills,N0116,Tripura,Sepahijala,Inter-state,Agricultural Produce,Medium Goods Vehicle,2026-12-28T05:15:00Z
T01882,N0032,Manipur,Ukhrul,N0119,Tripura,West Tripura,Inter-state,Construction Material,Heavy Truck,2026-12-22T04:30:00Z
T01883,N0045,Manipur,Senapati,N0010,Arunachal Pradesh,East Kameng,Inter-state,Construction Material,Heavy Truck,2026-04-06T12:30:00Z
T01884,N0111,Tripura,Dhalai,N0009,Arunachal Pradesh,Namsai,Inter-state,Construction Material,Heavy Truck,2026-12-06T18:00:00Z
T01885,N0050,Meghalaya,East Khasi Hills,N0091,Sikkim,Gangtok,Inter-state,Essential Goods,Medium Goods Vehicle,2026-04-05T22:30:00Z
T01886,N0039,Manipur,Thoubal,N0077,Nagaland,Zunheboto,Inter-state,Food Supplies,Truck,2026-02-13T11:45:00Z
T01887,N0023,Assam,Kamrup Metropolitan,N0037,Manipur,Tamenglong,Inter-state,Agricultural Produce,Truck,2026-03-06T12:00:00Z
T01888,N0107,Tripura,West Tripura,N0049,Meghalaya,North Garo Hills,Inter-state,Essential Goods,Medium Goods Vehicle,2026-02-20T07:15:00Z
T01889,N0028,Assam,Lakhimpur,N0051,Meghalaya,East Garo Hills,Inter-state,Food Supplies,Truck,2026-07-24T09:00:00Z
T01890,N0003,Arunachal Pradesh,Tawang,N0092,Sikkim,Namchi,Inter-state,Medicine,Heavy Truck,2026-04-10T10:30:00Z
T01891,N0116,Tripura,Sepahijala,N0103,Sikkim,Namchi,Inter-state,Medicine,Truck,2026-07-09T09:45:00Z
T01892,N0090,Nagaland,Chumoukedima,N0082,Nagaland,Mon,Within-state,Medicine,Medium Goods Vehicle,2026-02-02T20:15:00Z
T01893,N0119,Tripura,West Tripura,N0066,Mizoram,Aizawl,Inter-state,Agricultural Produce,Heavy Truck,2026-11-09T09:30:00Z
T01894,N0053,Meghalaya,South West Khasi Hills,N0009,Arunachal Pradesh,Namsai,Inter-state,Construction Material,Truck,2026-12-05T01:00:00Z
T01895,N0114,Tripura,Sepahijala,N0099,Sikkim,Mangan,Inter-state,Agricultural Produce,Medium Goods Vehicle,2026-09-19T10:30:00Z
T01896,N0066,Mizoram,Aizawl,N0060,Meghalaya,East Garo Hills,Inter-state,Food Supplies,Truck,2026-03-12T13:45:00Z
T01897,N0028,Assam,Lakhimpur,N0098,Sikkim,Namchi,Inter-state,Food Supplies,Heavy Truck,2026-03-21T02:30:00Z
T01898,N0102,Sikkim,Gyalshing,N0062,Mizoram,Hnahthial,Inter-state,Medicine,Heavy Truck,2026-06-23T00:15:00Z
T01899,N0003,Arunachal Pradesh,Tawang,N0059,Meghalaya,West Khasi Hills,Inter-state,Agricultural Produce,Medium Goods Vehicle,2026-11-11T20:15:00Z
T01900,N0087,Nagaland,Kohima,N0045,Manipur,Senapati,Inter-state,Construction Material,Medium Goods Vehicle,2026-09-21T23:15:00Z
T01901,N0047,Meghalaya,Eastern West Khasi Hills,N0035,Manipur,Ukhrul,Inter-state,Construction Material,Heavy Truck,2026-07-26T16:30:00Z
T01902,N0094,Sikkim,Gangtok,N0038,Manipur,Ukhrul,Inter-state,Food Supplies,Truck,2026-11-28T19:30:00Z
T01903,N0021,Assam,Golaghat,N0053,Meghalaya,South West Khasi Hills,Inter-state,Essential Goods,Medium Goods Vehicle,2026-05-06T04:45:00Z
T01904,N0100,Sikkim,Gyalshing,N0024,Assam,Nagaon,Inter-state,Medicine,Truck,2026-02-26T17:45:00Z
T01905,N0047,Meghalaya,Eastern West Khasi Hills,N0086,Nagaland,Wokha,Inter-state,Essential Goods,Medium Goods Vehicle,2026-04-06T15:45:00Z
T01906,N0024,Assam,Nagaon,N0053,Meghalaya,South West Khasi Hills,Inter-state,Medicine,Medium Goods Vehicle,2026-05-28T23:15:00Z
T01907,N0096,Sikkim,Pakyong,N0079,Nagaland,Peren,Inter-state,Medicine,Heavy Truck,2026-09-04T13:30:00Z
T01908,N0043,Manipur,Noney,N0067,Mizoram,Hnahthial,Inter-state,Food Supplies,Heavy Truck,2026-08-05T19:00:00Z
T01909,N0043,Manipur,Noney,N0013,Arunachal Pradesh,Upper Subansiri,Inter-state,Food Supplies,Heavy Truck,2026-05-05T09:45:00Z
T01910,N0027,Assam,Tinsukia,N0081,Nagaland,Chumoukedima,Inter-state,Construction Material,Heavy Truck,2026-12-10T09:00:00Z
T01911,N0043,Manipur,Noney,N0103,Sikkim,Namchi,Inter-state,Essential Goods,Heavy Truck,2026-10-04T06:45:00Z
T01912,N0069,Mizoram,Mamit,N0034,Manipur,Ukhrul,Inter-state,Essential Goods,Heavy Truck,2026-07-09T13:30:00Z
T01913,N0051,Meghalaya,East Garo Hills,N0050,Meghalaya,East Khasi Hills,Within-state,Food Supplies,Truck,2026-09-08T18:45:00Z
T01914,N0112,Tripura,Unakoti,N0100,Sikkim,Gyalshing,Inter-state,Food Supplies,Truck,2026-10-18T04:15:00Z
T01915,N0058,Meghalaya,East Khasi Hills,N0030,Assam,Dibrugarh,Inter-state,Construction Material,Heavy Truck,2026-02-26T14:00:00Z
T01916,N0113,Tripura,Unakoti,N0118,Tripura,Dhalai,Within-state,Agricultural Produce,Medium Goods Vehicle,2026-11-16T10:15:00Z
T01917,N0084,Nagaland,Chumoukedima,N0028,Assam,Lakhimpur,Inter-state,Agricultural Produce,Medium Goods Vehicle,2026-11-17T05:00:00Z
T01918,N0042,Manipur,Jiribam,N0043,Manipur,Noney,Within-state,Medicine,Truck,2026-05-04T14:30:00Z
T01919,N0068,Mizoram,Aizawl,N0098,Sikkim,Namchi,Inter-state,Medicine,Heavy Truck,2026-12-12T21:00:00Z
T01920,N0115,Tripura,West Tripura,N0120,Tripura,Sepahijala,Within-state,Food Supplies,Truck,2026-05-04T08:15:00Z
T01921,N0028,Assam,Lakhimpur,N0037,Manipur,Tamenglong,Inter-state,Food Supplies,Medium Goods Vehicle,2026-08-07T10:00:00Z
T01922,N0048,Meghalaya,West Garo Hills,N0080,Nagaland,Longleng,Inter-state,Agricultural Produce,Heavy Truck,2026-07-24T03:30:00Z
T01923,N0023,Assam,Kamrup Metropolitan,N0069,Mizoram,Mamit,Inter-state,Agricultural Produce,Truck,2026-04-11T09:00:00Z
T01924,N0025,Assam,Tinsukia,N0092,Sikkim,Namchi,Inter-state,Essential Goods,Truck,2026-03-24T04:00:00Z
T01925,N0007,Arunachal Pradesh,West Kameng,N0027,Assam,Tinsukia,Inter-state,Agricultural Produce,Heavy Truck,2026-08-13T00:15:00Z
T01926,N0110,Tripura,Dhalai,N0066,Mizoram,Aizawl,Inter-state,Essential Goods,Truck,2026-12-23T23:30:00Z
T01927,N0012,Arunachal Pradesh,West Siang,N0087,Nagaland,Kohima,Inter-state,Agricultural Produce,Heavy Truck,2026-08-09T19:00:00Z
T01928,N0079,Nagaland,Peren,N0023,Assam,Kamrup Metropolitan,Inter-state,Agricultural Produce,Heavy Truck,2026-06-17T16:15:00Z
T01929,N0017,Assam,Dhubri,N0049,Meghalaya,North Garo Hills,Inter-state,Medicine,Medium Goods Vehicle,2026-09-14T00:15:00Z
T01930,N0073,Mizoram,Champhai,N0112,Tripura,Unakoti,Inter-state,Construction Material,Medium Goods Vehicle,2026-01-07T07:15:00Z
T01931,N0008,Arunachal Pradesh,Tawang,N0029,Assam,Barpeta,Inter-state,Medicine,Medium Goods Vehicle,2026-05-20T16:30:00Z
T01932,N0077,Nagaland,Zunheboto,N0099,Sikkim,Mangan,Inter-state,Food Supplies,Heavy Truck,2026-01-03T19:45:00Z
T01933,N0056,Meghalaya,East Garo Hills,N0059,Meghalaya,West Khasi Hills,Within-state,Essential Goods,Medium Goods Vehicle,2026-05-24T04:00:00Z
T01934,N0091,Sikkim,Gangtok,N0077,Nagaland,Zunheboto,Inter-state,Construction Material,Heavy Truck,2026-07-26T06:15:00Z
T01935,N0017,Assam,Dhubri,N0120,Tripura,Sepahijala,Inter-state,Construction Material,Heavy Truck,2026-02-03T16:15:00Z
T01936,N0035,Manipur,Ukhrul,N0066,Mizoram,Aizawl,Inter-state,Agricultural Produce,Medium Goods Vehicle,2026-07-23T16:00:00Z
T01937,N0043,Manipur,Noney,N0103,Sikkim,Namchi,Inter-state,Medicine,Medium Goods Vehicle,2026-03-09T03:30:00Z
T01938,N0077,Nagaland,Zunheboto,N0083,Nagaland,Dimapur,Within-state,Medicine,Heavy Truck,2026-05-04T18:15:00Z
T01939,N0027,Assam,Tinsukia,N0069,Mizoram,Mamit,Inter-state,Medicine,Heavy Truck,2026-09-06T04:45:00Z
T01940,N0097,Sikkim,Mangan,N0103,Sikkim,Namchi,Within-state,Agricultural Produce,Medium Goods Vehicle,2026-01-14T17:15:00Z
T01941,N0015,Arunachal Pradesh,Tirap,N0059,Meghalaya,West Khasi Hills,Inter-state,Essential Goods,Truck,2026-02-09T19:15:00Z
T01942,N0061,Mizoram,Saitual,N0102,Sikkim,Gyalshing,Inter-state,Agricultural Produce,Medium Goods Vehicle,2026-12-14T08:45:00Z
T01943,N0093,Sikkim,Gangtok,N0092,Sikkim,Namchi,Within-state,Essential Goods,Heavy Truck,2026-07-10T19:45:00Z
T01944,N0034,Manipur,Ukhrul,N0011,Arunachal Pradesh,Namsai,Inter-state,Construction Material,Heavy Truck,2026-04-25T11:30:00Z
T01945,N0037,Manipur,Tamenglong,N0003,Arunachal Pradesh,Tawang,Inter-state,Essential Goods,Truck,2026-03-26T07:00:00Z
T01946,N0091,Sikkim,Gangtok,N0104,Sikkim,Mangan,Within-state,Construction Material,Heavy Truck,2026-10-04T00:00:00Z
T01947,N0117,Tripura,Dhalai,N0043,Manipur,Noney,Inter-state,Agricultural Produce,Medium Goods Vehicle,2026-02-01T14:15:00Z
T01948,N0033,Manipur,Jiribam,N0019,Assam,Dhemaji,Inter-state,Essential Goods,Heavy Truck,2026-12-05T15:30:00Z
T01949,N0116,Tripura,Sepahijala,N0057,Meghalaya,South West Khasi Hills,Inter-state,Construction Material,Medium Goods Vehicle,2026-08-14T09:30:00Z
T01950,N0116,Tripura,Sepahijala,N0020,Assam,Dhubri,Inter-state,Essential Goods,Heavy Truck,2026-02-19T21:30:00Z
T01951,N0020,Assam,Dhubri,N0052,Meghalaya,East Garo Hills,Inter-state,Medicine,Medium Goods Vehicle,2026-08-19T20:15:00Z
T01952,N0042,Manipur,Jiribam,N0119,Tripura,West Tripura,Inter-state,Agricultural Produce,Heavy Truck,2026-01-28T12:15:00Z
T01953,N0028,Assam,Lakhimpur,N0087,Nagaland,Kohima,Inter-state,Agricultural Produce,Truck,2026-09-04T22:00:00Z
T01954,N0119,Tripura,West Tripura,N0091,Sikkim,Gangtok,Inter-state,Essential Goods,Truck,2026-08-01T13:00:00Z
T01955,N0030,Assam,Dibrugarh,N0117,Tripura,Dhalai,Inter-state,Food Supplies,Medium Goods Vehicle,2026-04-13T16:45:00Z
T01956,N0062,Mizoram,Hnahthial,N0114,Tripura,Sepahijala,Inter-state,Construction Material,Medium Goods Vehicle,2026-09-22T06:45:00Z
T01957,N0118,Tripura,Dhalai,N0082,Nagaland,Mon,Inter-state,Medicine,Truck,2026-09-02T13:00:00Z
T01958,N0097,Sikkim,Mangan,N0098,Sikkim,Namchi,Within-state,Agricultural Produce,Truck,2026-07-12T10:15:00Z
T01959,N0100,Sikkim,Gyalshing,N0120,Tripura,Sepahijala,Inter-state,Agricultural Produce,Truck,2026-08-19T13:00:00Z
T01960,N0067,Mizoram,Hnahthial,N0027,Assam,Tinsukia,Inter-state,Agricultural Produce,Heavy Truck,2026-02-27T18:15:00Z
T01961,N0078,Nagaland,Niuland,N0017,Assam,Dhubri,Inter-state,Food Supplies,Medium Goods Vehicle,2026-12-20T09:15:00Z
T01962,N0106,Tripura,West Tripura,N0089,Nagaland,Longleng,Inter-state,Medicine,Medium Goods Vehicle,2026-01-03T08:00:00Z
T01963,N0085,Nagaland,Phek,N0072,Mizoram,Mamit,Inter-state,Construction Material,Medium Goods Vehicle,2026-12-16T11:00:00Z
T01964,N0036,Manipur,Ukhrul,N0029,Assam,Barpeta,Inter-state,Medicine,Truck,2026-03-07T20:00:00Z
T01965,N0055,Meghalaya,West Jaintia Hills,N0015,Arunachal Pradesh,Tirap,Inter-state,Medicine,Heavy Truck,2026-09-16T11:45:00Z
T01966,N0091,Sikkim,Gangtok,N0060,Meghalaya,East Garo Hills,Inter-state,Essential Goods,Heavy Truck,2026-11-16T10:15:00Z
T01967,N0054,Meghalaya,Ri-Bhoi,N0092,Sikkim,Namchi,Inter-state,Medicine,Medium Goods Vehicle,2026-08-23T17:30:00Z
T01968,N0101,Sikkim,Namchi,N0044,Manipur,Ukhrul,Inter-state,Food Supplies,Medium Goods Vehicle,2026-12-19T11:00:00Z
T01969,N0020,Assam,Dhubri,N0004,Arunachal Pradesh,Upper Subansiri,Inter-state,Construction Material,Truck,2026-02-24T12:45:00Z
T01970,N0028,Assam,Lakhimpur,N0048,Meghalaya,West Garo Hills,Inter-state,Essential Goods,Truck,2026-05-25T20:00:00Z
T01971,N0011,Arunachal Pradesh,Namsai,N0050,Meghalaya,East Khasi Hills,Inter-state,Agricultural Produce,Heavy Truck,2026-10-13T03:30:00Z
T01972,N0031,Manipur,Noney,N0017,Assam,Dhubri,Inter-state,Construction Material,Medium Goods Vehicle,2026-04-09T09:00:00Z
T01973,N0088,Nagaland,Longleng,N0048,Meghalaya,West Garo Hills,Inter-state,Construction Material,Medium Goods Vehicle,2026-07-11T01:00:00Z
T01974,N0116,Tripura,Sepahijala,N0096,Sikkim,Pakyong,Inter-state,Medicine,Heavy Truck,2026-06-02T16:30:00Z
T01975,N0002,Arunachal Pradesh,Lower Subansiri,N0024,Assam,Nagaon,Inter-state,Food Supplies,Truck,2026-12-01T11:30:00Z
T01976,N0022,Assam,Barpeta,N0103,Sikkim,Namchi,Inter-state,Medicine,Heavy Truck,2026-09-03T11:00:00Z
T01977,N0104,Sikkim,Mangan,N0043,Manipur,Noney,Inter-state,Essential Goods,Heavy Truck,2026-10-07T19:15:00Z
T01978,N0045,Manipur,Senapati,N0070,Mizoram,Hnahthial,Inter-state,Medicine,Truck,2026-12-19T16:30:00Z
T01979,N0101,Sikkim,Namchi,N0078,Nagaland,Niuland,Inter-state,Essential Goods,Medium Goods Vehicle,2026-11-10T10:15:00Z
T01980,N0120,Tripura,Sepahijala,N0064,Mizoram,Hnahthial,Inter-state,Medicine,Medium Goods Vehicle,2026-10-16T09:30:00Z
T01981,N0043,Manipur,Noney,N0113,Tripura,Unakoti,Inter-state,Construction Material,Heavy Truck,2026-12-09T14:45:00Z
T01982,N0110,Tripura,Dhalai,N0108,Tripura,Unakoti,Within-state,Food Supplies,Heavy Truck,2026-07-21T13:15:00Z
T01983,N0021,Assam,Golaghat,N0007,Arunachal Pradesh,West Kameng,Inter-state,Food Supplies,Medium Goods Vehicle,2026-06-16T04:15:00Z
T01984,N0034,Manipur,Ukhrul,N0109,Tripura,South Tripura,Inter-state,Agricultural Produce,Truck,2026-03-23T16:45:00Z
T01985,N0071,Mizoram,Champhai,N0066,Mizoram,Aizawl,Within-state,Agricultural Produce,Truck,2026-08-27T00:00:00Z
T01986,N0089,Nagaland,Longleng,N0003,Arunachal Pradesh,Tawang,Inter-state,Food Supplies,Medium Goods Vehicle,2026-02-09T17:30:00Z
T01987,N0095,Sikkim,Gyalshing,N0076,Nagaland,Kohima,Inter-state,Agricultural Produce,Truck,2026-03-09T05:15:00Z
T01988,N0025,Assam,Tinsukia,N0023,Assam,Kamrup Metropolitan,Within-state,Agricultural Produce,Medium Goods Vehicle,2026-07-10T06:00:00Z
T01989,N0078,Nagaland,Niuland,N0049,Meghalaya,North Garo Hills,Inter-state,Food Supplies,Heavy Truck,2026-06-16T05:00:00Z
T01990,N0078,Nagaland,Niuland,N0020,Assam,Dhubri,Inter-state,Food Supplies,Truck,2026-04-05T04:45:00Z
T01991,N0041,Manipur,Imphal East,N0074,Mizoram,Lunglei,Inter-state,Food Supplies,Medium Goods Vehicle,2026-11-18T20:00:00Z
T01992,N0078,Nagaland,Niuland,N0114,Tripura,Sepahijala,Inter-state,Essential Goods,Medium Goods Vehicle,2026-12-12T22:15:00Z
T01993,N0097,Sikkim,Mangan,N0046,Meghalaya,South Garo Hills,Inter-state,Food Supplies,Medium Goods Vehicle,2026-02-28T15:15:00Z
T01994,N0093,Sikkim,Gangtok,N0076,Nagaland,Kohima,Inter-state,Construction Material,Heavy Truck,2026-03-19T01:30:00Z
T01995,N0110,Tripura,Dhalai,N0062,Mizoram,Hnahthial,Inter-state,Construction Material,Heavy Truck,2026-01-08T20:00:00Z
T01996,N0068,Mizoram,Aizawl,N0120,Tripura,Sepahijala,Inter-state,Construction Material,Truck,2026-01-22T17:00:00Z
T01997,N0069,Mizoram,Mamit,N0112,Tripura,Unakoti,Inter-state,Agricultural Produce,Heavy Truck,2026-02-19T16:30:00Z
T01998,N0049,Meghalaya,North Garo Hills,N0015,Arunachal Pradesh,Tirap,Inter-state,Agricultural Produce,Truck,2026-09-20T13:00:00Z
T01999,N0013,Arunachal Pradesh,Upper Subansiri,N0091,Sikkim,Gangtok,Inter-state,Agricultural Produce,Medium Goods Vehicle,2026-09-17T12:00:00Z
T02000,N0069,Mizoram,Mamit,N0006,Arunachal Pradesh,East Kameng,Inter-state,Construction Material,Medium Goods Vehicle,2026-12-07T15:15:00Z
T02001,N0002,Arunachal Pradesh,Lower Subansiri,N0057,Meghalaya,South West Khasi Hills,Inter-state,Agricultural Produce,Heavy Truck,2026-10-22T07:45:00Z
T02002,N0080,Nagaland,Longleng,N0087,Nagaland,Kohima,Within-state,Construction Material,Truck,2026-01-13T07:45:00Z
T02003,N0097,Sikkim,Mangan,N0010,Arunachal Pradesh,East Kameng,Inter-state,Essential Goods,Truck,2026-09-19T23:30:00Z
T02004,N0006,Arunachal Pradesh,East Kameng,N0097,Sikkim,Mangan,Inter-state,Agricultural Produce,Heavy Truck,2026-05-22T05:00:00Z
T02005,N0014,Arunachal Pradesh,Longding,N0062,Mizoram,Hnahthial,Inter-state,Medicine,Truck,2026-02-17T00:45:00Z
T02006,N0009,Arunachal Pradesh,Namsai,N0111,Tripura,Dhalai,Inter-state,Agricultural Produce,Heavy Truck,2026-12-28T20:00:00Z
T02007,N0001,Arunachal Pradesh,Tawang,N0072,Mizoram,Mamit,Inter-state,Food Supplies,Medium Goods Vehicle,2026-06-09T19:00:00Z
T02008,N0076,Nagaland,Kohima,N0101,Sikkim,Namchi,Inter-state,Medicine,Truck,2026-01-25T22:00:00Z
T02009,N0104,Sikkim,Mangan,N0055,Meghalaya,West Jaintia Hills,Inter-state,Medicine,Heavy Truck,2026-06-24T18:45:00Z
T02010,N0016,Assam,Darrang,N0072,Mizoram,Mamit,Inter-state,Agricultural Produce,Heavy Truck,2026-04-15T18:30:00Z
T02011,N0031,Manipur,Noney,N0120,Tripura,Sepahijala,Inter-state,Food Supplies,Heavy Truck,2026-10-21T16:30:00Z
T02012,N0026,Assam,Kamrup,N0031,Manipur,Noney,Inter-state,Agricultural Produce,Truck,2026-02-08T23:30:00Z
T02013,N0029,Assam,Barpeta,N0072,Mizoram,Mamit,Inter-state,Medicine,Medium Goods Vehicle,2026-02-12T01:45:00Z
T02014,N0119,Tripura,West Tripura,N0014,Arunachal Pradesh,Longding,Inter-state,Agricultural Produce,Medium Goods Vehicle,2026-07-26T09:45:00Z
T02015,N0052,Meghalaya,East Garo Hills,N0058,Meghalaya,East Khasi Hills,Within-state,Essential Goods,Truck,2026-11-02T05:00:00Z
T02016,N0078,Nagaland,Niuland,N0062,Mizoram,Hnahthial,Inter-state,Construction Material,Heavy Truck,2026-10-10T05:30:00Z
T02017,N0054,Meghalaya,Ri-Bhoi,N0005,Arunachal Pradesh,Upper Subansiri,Inter-state,Construction Material,Heavy Truck,2026-04-19T13:00:00Z
T02018,N0011,Arunachal Pradesh,Namsai,N0060,Meghalaya,East Garo Hills,Inter-state,Food Supplies,Medium Goods Vehicle,2026-07-15T20:00:00Z
T02019,N0098,Sikkim,Namchi,N0001,Arunachal Pradesh,Tawang,Inter-state,Medicine,Heavy Truck,2026-04-08T11:15:00Z
T02020,N0109,Tripura,South Tripura,N0020,Assam,Dhubri,Inter-state,Construction Material,Truck,2026-05-01T03:15:00Z
T02021,N0082,Nagaland,Mon,N0120,Tripura,Sepahijala,Inter-state,Construction Material,Medium Goods Vehicle,2026-01-11T08:15:00Z
T02022,N0093,Sikkim,Gangtok,N0057,Meghalaya,South West Khasi Hills,Inter-state,Agricultural Produce,Medium Goods Vehicle,2026-03-11T07:15:00Z
T02023,N0016,Assam,Darrang,N0003,Arunachal Pradesh,Tawang,Inter-state,Medicine,Heavy Truck,2026-07-18T14:15:00Z
T02024,N0007,Arunachal Pradesh,West Kameng,N0034,Manipur,Ukhrul,Inter-state,Construction Material,Truck,2026-08-22T06:45:00Z
T02025,N0034,Manipur,Ukhrul,N0101,Sikkim,Namchi,Inter-state,Medicine,Truck,2026-08-09T06:30:00Z
T02026,N0086,Nagaland,Wokha,N0028,Assam,Lakhimpur,Inter-state,Agricultural Produce,Heavy Truck,2026-07-17T08:30:00Z
T02027,N0053,Meghalaya,South West Khasi Hills,N0032,Manipur,Ukhrul,Inter-state,Agricultural Produce,Truck,2026-02-01T01:00:00Z
T02028,N0120,Tripura,Sepahijala,N0035,Manipur,Ukhrul,Inter-state,Construction Material,Heavy Truck,2026-03-27T14:00:00Z
T02029,N0062,Mizoram,Hnahthial,N0068,Mizoram,Aizawl,Within-state,Medicine,Medium Goods Vehicle,2026-03-02T06:15:00Z
T02030,N0103,Sikkim,Namchi,N0044,Manipur,Ukhrul,Inter-state,Food Supplies,Medium Goods Vehicle,2026-09-16T01:30:00Z
T02031,N0013,Arunachal Pradesh,Upper Subansiri,N0093,Sikkim,Gangtok,Inter-state,Agricultural Produce,Heavy Truck,2026-01-27T23:00:00Z
T02032,N0007,Arunachal Pradesh,West Kameng,N0038,Manipur,Ukhrul,Inter-state,Essential Goods,Medium Goods Vehicle,2026-11-22T22:45:00Z
T02033,N0120,Tripura,Sepahijala,N0031,Manipur,Noney,Inter-state,Agricultural Produce,Truck,2026-06-14T22:45:00Z
T02034,N0011,Arunachal Pradesh,Namsai,N0100,Sikkim,Gyalshing,Inter-state,Food Supplies,Truck,2026-08-11T18:15:00Z
T02035,N0045,Manipur,Senapati,N0087,Nagaland,Kohima,Inter-state,Essential Goods,Medium Goods Vehicle,2026-03-25T00:30:00Z
T02036,N0020,Assam,Dhubri,N0118,Tripura,Dhalai,Inter-state,Agricultural Produce,Truck,2026-12-25T12:00:00Z
T02037,N0028,Assam,Lakhimpur,N0096,Sikkim,Pakyong,Inter-state,Agricultural Produce,Heavy Truck,2026-05-17T17:15:00Z
T02038,N0096,Sikkim,Pakyong,N0116,Tripura,Sepahijala,Inter-state,Agricultural Produce,Medium Goods Vehicle,2026-07-21T04:00:00Z
T02039,N0115,Tripura,West Tripura,N0027,Assam,Tinsukia,Inter-state,Medicine,Heavy Truck,2026-05-09T02:45:00Z
T02040,N0049,Meghalaya,North Garo Hills,N0071,Mizoram,Champhai,Inter-state,Food Supplies,Medium Goods Vehicle,2026-01-04T02:15:00Z
T02041,N0104,Sikkim,Mangan,N0052,Meghalaya,East Garo Hills,Inter-state,Medicine,Heavy Truck,2026-11-02T03:15:00Z
T02042,N0059,Meghalaya,West Khasi Hills,N0043,Manipur,Noney,Inter-state,Essential Goods,Medium Goods Vehicle,2026-05-20T05:15:00Z
T02043,N0106,Tripura,West Tripura,N0084,Nagaland,Chumoukedima,Inter-state,Medicine,Truck,2026-03-08T10:15:00Z
T02044,N0118,Tripura,Dhalai,N0092,Sikkim,Namchi,Inter-state,Essential Goods,Heavy Truck,2026-04-19T22:15:00Z
T02045,N0082,Nagaland,Mon,N0074,Mizoram,Lunglei,Inter-state,Agricultural Produce,Medium Goods Vehicle,2026-10-13T21:45:00Z
T02046,N0020,Assam,Dhubri,N0069,Mizoram,Mamit,Inter-state,Food Supplies,Heavy Truck,2026-05-05T18:00:00Z
T02047,N0078,Nagaland,Niuland,N0002,Arunachal Pradesh,Lower Subansiri,Inter-state,Construction Material,Medium Goods Vehicle,2026-10-02T12:30:00Z
T02048,N0021,Assam,Golaghat,N0080,Nagaland,Longleng,Inter-state,Medicine,Medium Goods Vehicle,2026-09-27T06:30:00Z
T02049,N0019,Assam,Dhemaji,N0118,Tripura,Dhalai,Inter-state,Agricultural Produce,Heavy Truck,2026-07-26T18:15:00Z
T02050,N0036,Manipur,Ukhrul,N0088,Nagaland,Longleng,Inter-state,Construction Material,Truck,2026-01-12T04:30:00Z
T02051,N0034,Manipur,Ukhrul,N0097,Sikkim,Mangan,Inter-state,Construction Material,Truck,2026-02-07T08:45:00Z
T02052,N0048,Meghalaya,West Garo Hills,N0092,Sikkim,Namchi,Inter-state,Construction Material,Heavy Truck,2026-11-22T02:00:00Z
T02053,N0013,Arunachal Pradesh,Upper Subansiri,N0084,Nagaland,Chumoukedima,Inter-state,Agricultural Produce,Heavy Truck,2026-01-23T02:00:00Z
T02054,N0101,Sikkim,Namchi,N0072,Mizoram,Mamit,Inter-state,Essential Goods,Heavy Truck,2026-10-24T18:15:00Z
T02055,N0067,Mizoram,Hnahthial,N0012,Arunachal Pradesh,West Siang,Inter-state,Medicine,Medium Goods Vehicle,2026-11-05T22:00:00Z
T02056,N0114,Tripura,Sepahijala,N0090,Nagaland,Chumoukedima,Inter-state,Construction Material,Heavy Truck,2026-11-25T02:30:00Z
T02057,N0082,Nagaland,Mon,N0067,Mizoram,Hnahthial,Inter-state,Medicine,Heavy Truck,2026-09-06T04:30:00Z
T02058,N0014,Arunachal Pradesh,Longding,N0047,Meghalaya,Eastern West Khasi Hills,Inter-state,Agricultural Produce,Medium Goods Vehicle,2026-01-28T20:30:00Z
T02059,N0095,Sikkim,Gyalshing,N0086,Nagaland,Wokha,Inter-state,Essential Goods,Heavy Truck,2026-11-02T15:45:00Z
T02060,N0102,Sikkim,Gyalshing,N0076,Nagaland,Kohima,Inter-state,Construction Material,Heavy Truck,2026-08-15T10:00:00Z
T02061,N0105,Sikkim,Mangan,N0059,Meghalaya,West Khasi Hills,Inter-state,Medicine,Heavy Truck,2026-02-22T21:45:00Z
T02062,N0106,Tripura,West Tripura,N0039,Manipur,Thoubal,Inter-state,Construction Material,Truck,2026-04-19T14:15:00Z
T02063,N0010,Arunachal Pradesh,East Kameng,N0063,Mizoram,Serchhip,Inter-state,Construction Material,Medium Goods Vehicle,2026-06-10T22:00:00Z
T02064,N0096,Sikkim,Pakyong,N0033,Manipur,Jiribam,Inter-state,Essential Goods,Medium Goods Vehicle,2026-07-14T02:15:00Z
T02065,N0062,Mizoram,Hnahthial,N0075,Mizoram,Serchhip,Within-state,Construction Material,Truck,2026-03-09T08:00:00Z
T02066,N0008,Arunachal Pradesh,Tawang,N0084,Nagaland,Chumoukedima,Inter-state,Construction Material,Heavy Truck,2026-01-19T07:00:00Z
T02067,N0048,Meghalaya,West Garo Hills,N0027,Assam,Tinsukia,Inter-state,Food Supplies,Medium Goods Vehicle,2026-11-03T08:15:00Z
T02068,N0041,Manipur,Imphal East,N0058,Meghalaya,East Khasi Hills,Inter-state,Medicine,Heavy Truck,2026-09-14T08:15:00Z
T02069,N0006,Arunachal Pradesh,East Kameng,N0027,Assam,Tinsukia,Inter-state,Construction Material,Truck,2026-02-15T00:15:00Z
T02070,N0104,Sikkim,Mangan,N0032,Manipur,Ukhrul,Inter-state,Essential Goods,Truck,2026-03-05T07:45:00Z
T02071,N0021,Assam,Golaghat,N0114,Tripura,Sepahijala,Inter-state,Medicine,Truck,2026-05-01T02:15:00Z
T02072,N0068,Mizoram,Aizawl,N0003,Arunachal Pradesh,Tawang,Inter-state,Construction Material,Medium Goods Vehicle,2026-06-19T21:15:00Z
T02073,N0049,Meghalaya,North Garo Hills,N0107,Tripura,West Tripura,Inter-state,Medicine,Heavy Truck,2026-03-07T04:00:00Z
T02074,N0039,Manipur,Thoubal,N0071,Mizoram,Champhai,Inter-state,Agricultural Produce,Medium Goods Vehicle,2026-08-21T05:45:00Z
T02075,N0057,Meghalaya,South West Khasi Hills,N0002,Arunachal Pradesh,Lower Subansiri,Inter-state,Agricultural Produce,Medium Goods Vehicle,2026-09-20T06:45:00Z
T02076,N0078,Nagaland,Niuland,N0035,Manipur,Ukhrul,Inter-state,Food Supplies,Truck,2026-02-02T04:15:00Z
T02077,N0070,Mizoram,Hnahthial,N0083,Nagaland,Dimapur,Inter-state,Essential Goods,Medium Goods Vehicle,2026-09-04T13:45:00Z
T02078,N0071,Mizoram,Champhai,N0038,Manipur,Ukhrul,Inter-state,Agricultural Produce,Truck,2026-09-03T07:45:00Z
T02079,N0074,Mizoram,Lunglei,N0040,Manipur,Noney,Inter-state,Medicine,Medium Goods Vehicle,2026-09-04T01:00:00Z
T02080,N0063,Mizoram,Serchhip,N0081,Nagaland,Chumoukedima,Inter-state,Medicine,Heavy Truck,2026-08-24T20:45:00Z
T02081,N0066,Mizoram,Aizawl,N0054,Meghalaya,Ri-Bhoi,Inter-state,Agricultural Produce,Truck,2026-03-15T14:15:00Z
T02082,N0039,Manipur,Thoubal,N0062,Mizoram,Hnahthial,Inter-state,Agricultural Produce,Truck,2026-08-19T09:30:00Z
T02083,N0088,Nagaland,Longleng,N0002,Arunachal Pradesh,Lower Subansiri,Inter-state,Food Supplies,Medium Goods Vehicle,2026-02-21T18:30:00Z
T02084,N0040,Manipur,Noney,N0027,Assam,Tinsukia,Inter-state,Essential Goods,Medium Goods Vehicle,2026-06-09T08:30:00Z
T02085,N0060,Meghalaya,East Garo Hills,N0021,Assam,Golaghat,Inter-state,Construction Material,Medium Goods Vehicle,2026-11-10T18:30:00Z
T02086,N0058,Meghalaya,East Khasi Hills,N0085,Nagaland,Phek,Inter-state,Essential Goods,Medium Goods Vehicle,2026-12-17T01:45:00Z
T02087,N0117,Tripura,Dhalai,N0020,Assam,Dhubri,Inter-state,Essential Goods,Truck,2026-08-10T22:45:00Z
T02088,N0016,Assam,Darrang,N0039,Manipur,Thoubal,Inter-state,Construction Material,Medium Goods Vehicle,2026-09-25T20:45:00Z
T02089,N0094,Sikkim,Gangtok,N0012,Arunachal Pradesh,West Siang,Inter-state,Essential Goods,Medium Goods Vehicle,2026-12-21T11:45:00Z
T02090,N0013,Arunachal Pradesh,Upper Subansiri,N0039,Manipur,Thoubal,Inter-state,Construction Material,Medium Goods Vehicle,2026-12-27T18:00:00Z
T02091,N0016,Assam,Darrang,N0030,Assam,Dibrugarh,Within-state,Medicine,Truck,2026-07-24T03:45:00Z
T02092,N0009,Arunachal Pradesh,Namsai,N0030,Assam,Dibrugarh,Inter-state,Medicine,Truck,2026-07-28T12:45:00Z
T02093,N0015,Arunachal Pradesh,Tirap,N0100,Sikkim,Gyalshing,Inter-state,Construction Material,Heavy Truck,2026-07-26T07:00:00Z
T02094,N0097,Sikkim,Mangan,N0027,Assam,Tinsukia,Inter-state,Medicine,Medium Goods Vehicle,2026-02-21T00:15:00Z
T02095,N0090,Nagaland,Chumoukedima,N0110,Tripura,Dhalai,Inter-state,Medicine,Heavy Truck,2026-01-08T00:30:00Z
T02096,N0116,Tripura,Sepahijala,N0088,Nagaland,Longleng,Inter-state,Food Supplies,Truck,2026-12-15T08:45:00Z
T02097,N0117,Tripura,Dhalai,N0045,Manipur,Senapati,Inter-state,Essential Goods,Heavy Truck,2026-11-14T11:30:00Z
T02098,N0100,Sikkim,Gyalshing,N0063,Mizoram,Serchhip,Inter-state,Essential Goods,Medium Goods Vehicle,2026-06-19T12:45:00Z
T02099,N0090,Nagaland,Chumoukedima,N0028,Assam,Lakhimpur,Inter-state,Construction Material,Medium Goods Vehicle,2026-05-14T06:00:00Z
T02100,N0100,Sikkim,Gyalshing,N0111,Tripura,Dhalai,Inter-state,Essential Goods,Medium Goods Vehicle,2026-04-23T05:15:00Z
T02101,N0076,Nagaland,Kohima,N0022,Assam,Barpeta,Inter-state,Medicine,Medium Goods Vehicle,2026-05-11T17:15:00Z
T02102,N0033,Manipur,Jiribam,N0114,Tripura,Sepahijala,Inter-state,Agricultural Produce,Truck,2026-11-13T21:00:00Z
T02103,N0008,Arunachal Pradesh,Tawang,N0114,Tripura,Sepahijala,Inter-state,Essential Goods,Heavy Truck,2026-10-12T23:45:00Z
T02104,N0023,Assam,Kamrup Metropolitan,N0031,Manipur,Noney,Inter-state,Agricultural Produce,Medium Goods Vehicle,2026-12-08T19:15:00Z
T02105,N0061,Mizoram,Saitual,N0120,Tripura,Sepahijala,Inter-state,Essential Goods,Medium Goods Vehicle,2026-02-23T16:15:00Z
T02106,N0103,Sikkim,Namchi,N0026,Assam,Kamrup,Inter-state,Essential Goods,Heavy Truck,2026-01-22T04:45:00Z
T02107,N0004,Arunachal Pradesh,Upper Subansiri,N0009,Arunachal Pradesh,Namsai,Within-state,Agricultural Produce,Truck,2026-05-16T21:45:00Z
T02108,N0036,Manipur,Ukhrul,N0027,Assam,Tinsukia,Inter-state,Construction Material,Medium Goods Vehicle,2026-10-06T21:00:00Z
T02109,N0022,Assam,Barpeta,N0019,Assam,Dhemaji,Within-state,Agricultural Produce,Medium Goods Vehicle,2026-02-19T17:00:00Z
T02110,N0046,Meghalaya,South Garo Hills,N0055,Meghalaya,West Jaintia Hills,Within-state,Agricultural Produce,Medium Goods Vehicle,2026-05-23T10:00:00Z
T02111,N0093,Sikkim,Gangtok,N0005,Arunachal Pradesh,Upper Subansiri,Inter-state,Medicine,Medium Goods Vehicle,2026-07-10T17:45:00Z
T02112,N0001,Arunachal Pradesh,Tawang,N0061,Mizoram,Saitual,Inter-state,Food Supplies,Truck,2026-02-15T13:15:00Z
T02113,N0090,Nagaland,Chumoukedima,N0011,Arunachal Pradesh,Namsai,Inter-state,Construction Material,Heavy Truck,2026-02-05T11:30:00Z
T02114,N0092,Sikkim,Namchi,N0101,Sikkim,Namchi,Within-state,Essential Goods,Heavy Truck,2026-11-11T19:00:00Z
T02115,N0017,Assam,Dhubri,N0118,Tripura,Dhalai,Inter-state,Medicine,Truck,2026-05-20T19:00:00Z
T02116,N0026,Assam,Kamrup,N0092,Sikkim,Namchi,Inter-state,Food Supplies,Heavy Truck,2026-04-07T12:45:00Z
T02117,N0032,Manipur,Ukhrul,N0085,Nagaland,Phek,Inter-state,Construction Material,Heavy Truck,2026-08-04T09:00:00Z
T02118,N0021,Assam,Golaghat,N0101,Sikkim,Namchi,Inter-state,Medicine,Truck,2026-03-11T10:15:00Z
T02119,N0060,Meghalaya,East Garo Hills,N0021,Assam,Golaghat,Inter-state,Agricultural Produce,Medium Goods Vehicle,2026-09-22T12:30:00Z
T02120,N0055,Meghalaya,West Jaintia Hills,N0062,Mizoram,Hnahthial,Inter-state,Construction Material,Heavy Truck,2026-10-15T17:00:00Z
T02121,N0004,Arunachal Pradesh,Upper Subansiri,N0032,Manipur,Ukhrul,Inter-state,Construction Material,Truck,2026-12-10T15:45:00Z
T02122,N0052,Meghalaya,East Garo Hills,N0020,Assam,Dhubri,Inter-state,Medicine,Truck,2026-12-27T02:45:00Z
T02123,N0118,Tripura,Dhalai,N0047,Meghalaya,Eastern West Khasi Hills,Inter-state,Essential Goods,Truck,2026-04-17T16:00:00Z
T02124,N0024,Assam,Nagaon,N0004,Arunachal Pradesh,Upper Subansiri,Inter-state,Construction Material,Heavy Truck,2026-12-06T12:30:00Z
T02125,N0116,Tripura,Sepahijala,N0083,Nagaland,Dimapur,Inter-state,Agricultural Produce,Heavy Truck,2026-11-05T03:00:00Z
T02126,N0004,Arunachal Pradesh,Upper Subansiri,N0046,Meghalaya,South Garo Hills,Inter-state,Food Supplies,Heavy Truck,2026-09-18T22:15:00Z
T02127,N0068,Mizoram,Aizawl,N0037,Manipur,Tamenglong,Inter-state,Essential Goods,Truck,2026-10-24T23:15:00Z
T02128,N0060,Meghalaya,East Garo Hills,N0083,Nagaland,Dimapur,Inter-state,Agricultural Produce,Heavy Truck,2026-04-24T09:30:00Z
T02129,N0058,Meghalaya,East Khasi Hills,N0038,Manipur,Ukhrul,Inter-state,Food Supplies,Medium Goods Vehicle,2026-05-04T15:30:00Z
T02130,N0115,Tripura,West Tripura,N0010,Arunachal Pradesh,East Kameng,Inter-state,Essential Goods,Medium Goods Vehicle,2026-12-18T00:15:00Z
T02131,N0031,Manipur,Noney,N0007,Arunachal Pradesh,West Kameng,Inter-state,Medicine,Truck,2026-04-16T23:00:00Z
T02132,N0101,Sikkim,Namchi,N0011,Arunachal Pradesh,Namsai,Inter-state,Medicine,Heavy Truck,2026-03-09T18:30:00Z
T02133,N0046,Meghalaya,South Garo Hills,N0029,Assam,Barpeta,Inter-state,Food Supplies,Heavy Truck,2026-01-27T22:30:00Z
T02134,N0111,Tripura,Dhalai,N0008,Arunachal Pradesh,Tawang,Inter-state,Essential Goods,Medium Goods Vehicle,2026-02-28T10:30:00Z
T02135,N0026,Assam,Kamrup,N0078,Nagaland,Niuland,Inter-state,Essential Goods,Truck,2026-01-23T16:45:00Z
T02136,N0081,Nagaland,Chumoukedima,N0082,Nagaland,Mon,Within-state,Construction Material,Heavy Truck,2026-02-02T18:00:00Z
T02137,N0033,Manipur,Jiribam,N0020,Assam,Dhubri,Inter-state,Essential Goods,Heavy Truck,2026-12-18T01:15:00Z
T02138,N0059,Meghalaya,West Khasi Hills,N0026,Assam,Kamrup,Inter-state,Food Supplies,Medium Goods Vehicle,2026-02-04T15:00:00Z
T02139,N0003,Arunachal Pradesh,Tawang,N0116,Tripura,Sepahijala,Inter-state,Medicine,Medium Goods Vehicle,2026-03-02T01:00:00Z
T02140,N0012,Arunachal Pradesh,West Siang,N0050,Meghalaya,East Khasi Hills,Inter-state,Medicine,Truck,2026-05-02T14:15:00Z
T02141,N0088,Nagaland,Longleng,N0044,Manipur,Ukhrul,Inter-state,Medicine,Medium Goods Vehicle,2026-01-05T00:30:00Z
T02142,N0117,Tripura,Dhalai,N0093,Sikkim,Gangtok,Inter-state,Essential Goods,Medium Goods Vehicle,2026-08-20T08:00:00Z
T02143,N0057,Meghalaya,South West Khasi Hills,N0048,Meghalaya,West Garo Hills,Within-state,Food Supplies,Truck,2026-06-25T10:00:00Z
T02144,N0022,Assam,Barpeta,N0106,Tripura,West Tripura,Inter-state,Food Supplies,Medium Goods Vehicle,2026-04-18T05:30:00Z
T02145,N0075,Mizoram,Serchhip,N0010,Arunachal Pradesh,East Kameng,Inter-state,Food Supplies,Truck,2026-03-15T17:15:00Z
T02146,N0023,Assam,Kamrup Metropolitan,N0110,Tripura,Dhalai,Inter-state,Agricultural Produce,Heavy Truck,2026-12-25T14:15:00Z
T02147,N0056,Meghalaya,East Garo Hills,N0088,Nagaland,Longleng,Inter-state,Construction Material,Heavy Truck,2026-07-02T13:30:00Z
T02148,N0116,Tripura,Sepahijala,N0069,Mizoram,Mamit,Inter-state,Food Supplies,Medium Goods Vehicle,2026-08-24T01:00:00Z
T02149,N0025,Assam,Tinsukia,N0061,Mizoram,Saitual,Inter-state,Construction Material,Heavy Truck,2026-10-14T13:30:00Z
T02150,N0007,Arunachal Pradesh,West Kameng,N0061,Mizoram,Saitual,Inter-state,Essential Goods,Heavy Truck,2026-12-05T13:15:00Z
T02151,N0023,Assam,Kamrup Metropolitan,N0069,Mizoram,Mamit,Inter-state,Medicine,Heavy Truck,2026-11-18T00:00:00Z
T02152,N0025,Assam,Tinsukia,N0105,Sikkim,Mangan,Inter-state,Agricultural Produce,Truck,2026-08-20T07:45:00Z
T02153,N0072,Mizoram,Mamit,N0066,Mizoram,Aizawl,Within-state,Food Supplies,Truck,2026-10-08T09:15:00Z
T02154,N0022,Assam,Barpeta,N0037,Manipur,Tamenglong,Inter-state,Essential Goods,Heavy Truck,2026-01-26T23:00:00Z
T02155,N0024,Assam,Nagaon,N0013,Arunachal Pradesh,Upper Subansiri,Inter-state,Agricultural Produce,Truck,2026-10-25T12:15:00Z
T02156,N0016,Assam,Darrang,N0100,Sikkim,Gyalshing,Inter-state,Medicine,Medium Goods Vehicle,2026-03-04T03:00:00Z
T02157,N0042,Manipur,Jiribam,N0028,Assam,Lakhimpur,Inter-state,Medicine,Medium Goods Vehicle,2026-09-08T09:00:00Z
T02158,N0029,Assam,Barpeta,N0103,Sikkim,Namchi,Inter-state,Construction Material,Medium Goods Vehicle,2026-10-13T23:45:00Z
T02159,N0113,Tripura,Unakoti,N0045,Manipur,Senapati,Inter-state,Agricultural Produce,Truck,2026-07-12T20:45:00Z
T02160,N0037,Manipur,Tamenglong,N0108,Tripura,Unakoti,Inter-state,Essential Goods,Medium Goods Vehicle,2026-07-15T20:00:00Z
T02161,N0107,Tripura,West Tripura,N0089,Nagaland,Longleng,Inter-state,Medicine,Truck,2026-04-08T03:00:00Z
T02162,N0100,Sikkim,Gyalshing,N0094,Sikkim,Gangtok,Within-state,Medicine,Medium Goods Vehicle,2026-06-21T15:30:00Z
T02163,N0065,Mizoram,Saitual,N0076,Nagaland,Kohima,Inter-state,Food Supplies,Heavy Truck,2026-01-02T10:45:00Z
T02164,N0013,Arunachal Pradesh,Upper Subansiri,N0111,Tripura,Dhalai,Inter-state,Essential Goods,Heavy Truck,2026-04-14T12:15:00Z
T02165,N0104,Sikkim,Mangan,N0002,Arunachal Pradesh,Lower Subansiri,Inter-state,Essential Goods,Medium Goods Vehicle,2026-03-10T22:30:00Z
T02166,N0109,Tripura,South Tripura,N0065,Mizoram,Saitual,Inter-state,Agricultural Produce,Heavy Truck,2026-06-01T14:00:00Z
T02167,N0100,Sikkim,Gyalshing,N0007,Arunachal Pradesh,West Kameng,Inter-state,Essential Goods,Truck,2026-01-19T01:15:00Z
T02168,N0034,Manipur,Ukhrul,N0015,Arunachal Pradesh,Tirap,Inter-state,Construction Material,Heavy Truck,2026-04-18T03:15:00Z
T02169,N0105,Sikkim,Mangan,N0023,Assam,Kamrup Metropolitan,Inter-state,Food Supplies,Truck,2026-07-27T23:30:00Z
T02170,N0036,Manipur,Ukhrul,N0079,Nagaland,Peren,Inter-state,Agricultural Produce,Heavy Truck,2026-12-17T04:30:00Z
T02171,N0110,Tripura,Dhalai,N0086,Nagaland,Wokha,Inter-state,Agricultural Produce,Medium Goods Vehicle,2026-01-13T15:30:00Z
T02172,N0093,Sikkim,Gangtok,N0018,Assam,Darrang,Inter-state,Food Supplies,Medium Goods Vehicle,2026-10-21T17:30:00Z
T02173,N0114,Tripura,Sepahijala,N0076,Nagaland,Kohima,Inter-state,Food Supplies,Heavy Truck,2026-04-01T05:30:00Z
T02174,N0110,Tripura,Dhalai,N0120,Tripura,Sepahijala,Within-state,Construction Material,Truck,2026-08-25T10:00:00Z
T02175,N0029,Assam,Barpeta,N0040,Manipur,Noney,Inter-state,Construction Material,Medium Goods Vehicle,2026-05-11T01:30:00Z
T02176,N0111,Tripura,Dhalai,N0026,Assam,Kamrup,Inter-state,Food Supplies,Medium Goods Vehicle,2026-08-05T19:15:00Z
T02177,N0117,Tripura,Dhalai,N0108,Tripura,Unakoti,Within-state,Food Supplies,Medium Goods Vehicle,2026-05-23T00:15:00Z
T02178,N0092,Sikkim,Namchi,N0018,Assam,Darrang,Inter-state,Food Supplies,Heavy Truck,2026-09-07T22:15:00Z
T02179,N0094,Sikkim,Gangtok,N0092,Sikkim,Namchi,Within-state,Construction Material,Medium Goods Vehicle,2026-08-03T08:30:00Z
T02180,N0093,Sikkim,Gangtok,N0067,Mizoram,Hnahthial,Inter-state,Agricultural Produce,Truck,2026-03-12T22:30:00Z
T02181,N0060,Meghalaya,East Garo Hills,N0023,Assam,Kamrup Metropolitan,Inter-state,Medicine,Heavy Truck,2026-04-03T20:00:00Z
T02182,N0102,Sikkim,Gyalshing,N0042,Manipur,Jiribam,Inter-state,Medicine,Medium Goods Vehicle,2026-11-08T18:45:00Z
T02183,N0048,Meghalaya,West Garo Hills,N0068,Mizoram,Aizawl,Inter-state,Medicine,Medium Goods Vehicle,2026-09-14T00:45:00Z
T02184,N0106,Tripura,West Tripura,N0029,Assam,Barpeta,Inter-state,Medicine,Truck,2026-10-02T00:15:00Z
T02185,N0011,Arunachal Pradesh,Namsai,N0115,Tripura,West Tripura,Inter-state,Construction Material,Truck,2026-08-06T00:30:00Z
T02186,N0110,Tripura,Dhalai,N0098,Sikkim,Namchi,Inter-state,Medicine,Medium Goods Vehicle,2026-10-21T09:00:00Z
T02187,N0113,Tripura,Unakoti,N0083,Nagaland,Dimapur,Inter-state,Medicine,Heavy Truck,2026-12-01T06:30:00Z
T02188,N0086,Nagaland,Wokha,N0035,Manipur,Ukhrul,Inter-state,Agricultural Produce,Truck,2026-07-17T06:30:00Z
T02189,N0069,Mizoram,Mamit,N0105,Sikkim,Mangan,Inter-state,Construction Material,Truck,2026-02-16T00:30:00Z
T02190,N0003,Arunachal Pradesh,Tawang,N0115,Tripura,West Tripura,Inter-state,Construction Material,Truck,2026-09-16T13:00:00Z
T02191,N0012,Arunachal Pradesh,West Siang,N0041,Manipur,Imphal East,Inter-state,Food Supplies,Heavy Truck,2026-02-17T04:45:00Z
T02192,N0059,Meghalaya,West Khasi Hills,N0001,Arunachal Pradesh,Tawang,Inter-state,Medicine,Medium Goods Vehicle,2026-10-20T09:00:00Z
T02193,N0025,Assam,Tinsukia,N0027,Assam,Tinsukia,Within-state,Agricultural Produce,Heavy Truck,2026-05-19T19:00:00Z
T02194,N0024,Assam,Nagaon,N0056,Meghalaya,East Garo Hills,Inter-state,Construction Material,Medium Goods Vehicle,2026-12-08T23:30:00Z
T02195,N0005,Arunachal Pradesh,Upper Subansiri,N0116,Tripura,Sepahijala,Inter-state,Essential Goods,Medium Goods Vehicle,2026-11-13T14:00:00Z
T02196,N0098,Sikkim,Namchi,N0023,Assam,Kamrup Metropolitan,Inter-state,Construction Material,Truck,2026-11-28T06:00:00Z
T02197,N0030,Assam,Dibrugarh,N0088,Nagaland,Longleng,Inter-state,Agricultural Produce,Heavy Truck,2026-02-05T03:00:00Z
T02198,N0027,Assam,Tinsukia,N0011,Arunachal Pradesh,Namsai,Inter-state,Essential Goods,Heavy Truck,2026-01-02T17:45:00Z
T02199,N0051,Meghalaya,East Garo Hills,N0079,Nagaland,Peren,Inter-state,Medicine,Heavy Truck,2026-07-08T00:30:00Z
T02200,N0026,Assam,Kamrup,N0041,Manipur,Imphal East,Inter-state,Construction Material,Medium Goods Vehicle,2026-09-18T18:45:00Z
T02201,N0049,Meghalaya,North Garo Hills,N0072,Mizoram,Mamit,Inter-state,Agricultural Produce,Heavy Truck,2026-11-20T21:15:00Z
T02202,N0055,Meghalaya,West Jaintia Hills,N0096,Sikkim,Pakyong,Inter-state,Construction Material,Medium Goods Vehicle,2026-07-27T20:00:00Z
T02203,N0019,Assam,Dhemaji,N0001,Arunachal Pradesh,Tawang,Inter-state,Food Supplies,Medium Goods Vehicle,2026-10-25T11:00:00Z
T02204,N0110,Tripura,Dhalai,N0001,Arunachal Pradesh,Tawang,Inter-state,Agricultural Produce,Truck,2026-08-05T09:15:00Z
T02205,N0002,Arunachal Pradesh,Lower Subansiri,N0105,Sikkim,Mangan,Inter-state,Essential Goods,Truck,2026-05-07T00:15:00Z
T02206,N0030,Assam,Dibrugarh,N0090,Nagaland,Chumoukedima,Inter-state,Agricultural Produce,Medium Goods Vehicle,2026-10-07T00:15:00Z
T02207,N0035,Manipur,Ukhrul,N0022,Assam,Barpeta,Inter-state,Medicine,Heavy Truck,2026-07-11T07:15:00Z
T02208,N0054,Meghalaya,Ri-Bhoi,N0002,Arunachal Pradesh,Lower Subansiri,Inter-state,Agricultural Produce,Medium Goods Vehicle,2026-01-12T09:00:00Z
T02209,N0052,Meghalaya,East Garo Hills,N0111,Tripura,Dhalai,Inter-state,Medicine,Medium Goods Vehicle,2026-06-20T13:15:00Z
T02210,N0105,Sikkim,Mangan,N0055,Meghalaya,West Jaintia Hills,Inter-state,Agricultural Produce,Truck,2026-04-09T05:15:00Z
T02211,N0101,Sikkim,Namchi,N0082,Nagaland,Mon,Inter-state,Agricultural Produce,Heavy Truck,2026-03-15T17:45:00Z
T02212,N0001,Arunachal Pradesh,Tawang,N0083,Nagaland,Dimapur,Inter-state,Food Supplies,Truck,2026-11-26T20:30:00Z
T02213,N0019,Assam,Dhemaji,N0002,Arunachal Pradesh,Lower Subansiri,Inter-state,Agricultural Produce,Medium Goods Vehicle,2026-12-08T16:45:00Z
T02214,N0098,Sikkim,Namchi,N0086,Nagaland,Wokha,Inter-state,Medicine,Truck,2026-04-16T13:15:00Z
T02215,N0014,Arunachal Pradesh,Longding,N0113,Tripura,Unakoti,Inter-state,Food Supplies,Truck,2026-08-06T16:45:00Z
T02216,N0046,Meghalaya,South Garo Hills,N0012,Arunachal Pradesh,West Siang,Inter-state,Medicine,Medium Goods Vehicle,2026-06-25T13:15:00Z
T02217,N0096,Sikkim,Pakyong,N0032,Manipur,Ukhrul,Inter-state,Medicine,Truck,2026-03-08T14:00:00Z
T02218,N0067,Mizoram,Hnahthial,N0093,Sikkim,Gangtok,Inter-state,Medicine,Truck,2026-08-28T07:45:00Z
T02219,N0084,Nagaland,Chumoukedima,N0063,Mizoram,Serchhip,Inter-state,Food Supplies,Heavy Truck,2026-10-09T15:30:00Z
T02220,N0016,Assam,Darrang,N0031,Manipur,Noney,Inter-state,Medicine,Truck,2026-07-05T18:15:00Z
T02221,N0058,Meghalaya,East Khasi Hills,N0080,Nagaland,Longleng,Inter-state,Agricultural Produce,Medium Goods Vehicle,2026-11-09T21:45:00Z
T02222,N0054,Meghalaya,Ri-Bhoi,N0065,Mizoram,Saitual,Inter-state,Food Supplies,Heavy Truck,2026-04-14T08:15:00Z
T02223,N0092,Sikkim,Namchi,N0050,Meghalaya,East Khasi Hills,Inter-state,Construction Material,Truck,2026-11-08T17:30:00Z
T02224,N0026,Assam,Kamrup,N0112,Tripura,Unakoti,Inter-state,Medicine,Medium Goods Vehicle,2026-04-22T16:45:00Z
T02225,N0066,Mizoram,Aizawl,N0025,Assam,Tinsukia,Inter-state,Medicine,Medium Goods Vehicle,2026-07-21T09:15:00Z
T02226,N0026,Assam,Kamrup,N0081,Nagaland,Chumoukedima,Inter-state,Food Supplies,Medium Goods Vehicle,2026-04-15T14:15:00Z
T02227,N0084,Nagaland,Chumoukedima,N0086,Nagaland,Wokha,Within-state,Essential Goods,Medium Goods Vehicle,2026-11-04T14:15:00Z
T02228,N0013,Arunachal Pradesh,Upper Subansiri,N0075,Mizoram,Serchhip,Inter-state,Food Supplies,Truck,2026-03-19T03:45:00Z
T02229,N0046,Meghalaya,South Garo Hills,N0039,Manipur,Thoubal,Inter-state,Essential Goods,Heavy Truck,2026-06-06T18:15:00Z
T02230,N0107,Tripura,West Tripura,N0096,Sikkim,Pakyong,Inter-state,Medicine,Truck,2026-12-14T04:00:00Z
T02231,N0074,Mizoram,Lunglei,N0076,Nagaland,Kohima,Inter-state,Construction Material,Heavy Truck,2026-04-07T00:45:00Z
T02232,N0118,Tripura,Dhalai,N0110,Tripura,Dhalai,Within-state,Construction Material,Heavy Truck,2026-02-04T21:00:00Z
T02233,N0119,Tripura,West Tripura,N0078,Nagaland,Niuland,Inter-state,Medicine,Heavy Truck,2026-02-06T19:15:00Z
T02234,N0058,Meghalaya,East Khasi Hills,N0115,Tripura,West Tripura,Inter-state,Medicine,Heavy Truck,2026-03-02T13:00:00Z
T02235,N0090,Nagaland,Chumoukedima,N0062,Mizoram,Hnahthial,Inter-state,Medicine,Medium Goods Vehicle,2026-02-10T11:30:00Z
T02236,N0040,Manipur,Noney,N0097,Sikkim,Mangan,Inter-state,Essential Goods,Truck,2026-07-14T00:15:00Z
T02237,N0120,Tripura,Sepahijala,N0006,Arunachal Pradesh,East Kameng,Inter-state,Agricultural Produce,Medium Goods Vehicle,2026-07-25T09:45:00Z
T02238,N0102,Sikkim,Gyalshing,N0052,Meghalaya,East Garo Hills,Inter-state,Essential Goods,Truck,2026-05-09T01:45:00Z
T02239,N0106,Tripura,West Tripura,N0003,Arunachal Pradesh,Tawang,Inter-state,Construction Material,Truck,2026-09-11T11:45:00Z
T02240,N0102,Sikkim,Gyalshing,N0048,Meghalaya,West Garo Hills,Inter-state,Medicine,Heavy Truck,2026-10-06T06:00:00Z
T02241,N0074,Mizoram,Lunglei,N0014,Arunachal Pradesh,Longding,Inter-state,Medicine,Medium Goods Vehicle,2026-06-14T12:15:00Z
T02242,N0110,Tripura,Dhalai,N0053,Meghalaya,South West Khasi Hills,Inter-state,Medicine,Medium Goods Vehicle,2026-08-26T11:00:00Z
T02243,N0057,Meghalaya,South West Khasi Hills,N0018,Assam,Darrang,Inter-state,Agricultural Produce,Truck,2026-09-08T22:45:00Z
T02244,N0027,Assam,Tinsukia,N0036,Manipur,Ukhrul,Inter-state,Food Supplies,Heavy Truck,2026-05-18T22:30:00Z
T02245,N0030,Assam,Dibrugarh,N0039,Manipur,Thoubal,Inter-state,Medicine,Truck,2026-08-05T20:00:00Z
T02246,N0019,Assam,Dhemaji,N0059,Meghalaya,West Khasi Hills,Inter-state,Agricultural Produce,Medium Goods Vehicle,2026-07-09T01:45:00Z
T02247,N0042,Manipur,Jiribam,N0013,Arunachal Pradesh,Upper Subansiri,Inter-state,Food Supplies,Medium Goods Vehicle,2026-08-19T07:15:00Z
T02248,N0107,Tripura,West Tripura,N0060,Meghalaya,East Garo Hills,Inter-state,Medicine,Heavy Truck,2026-12-07T17:45:00Z
T02249,N0001,Arunachal Pradesh,Tawang,N0091,Sikkim,Gangtok,Inter-state,Construction Material,Medium Goods Vehicle,2026-05-27T12:45:00Z
T02250,N0029,Assam,Barpeta,N0021,Assam,Golaghat,Within-state,Construction Material,Truck,2026-12-14T16:30:00Z
T02251,N0117,Tripura,Dhalai,N0007,Arunachal Pradesh,West Kameng,Inter-state,Medicine,Heavy Truck,2026-03-09T03:45:00Z
T02252,N0098,Sikkim,Namchi,N0113,Tripura,Unakoti,Inter-state,Essential Goods,Truck,2026-02-25T07:15:00Z
T02253,N0116,Tripura,Sepahijala,N0025,Assam,Tinsukia,Inter-state,Food Supplies,Truck,2026-01-07T14:45:00Z
T02254,N0062,Mizoram,Hnahthial,N0012,Arunachal Pradesh,West Siang,Inter-state,Food Supplies,Medium Goods Vehicle,2026-10-19T17:00:00Z
T02255,N0036,Manipur,Ukhrul,N0085,Nagaland,Phek,Inter-state,Construction Material,Heavy Truck,2026-05-15T08:15:00Z
T02256,N0049,Meghalaya,North Garo Hills,N0040,Manipur,Noney,Inter-state,Essential Goods,Medium Goods Vehicle,2026-10-13T03:30:00Z
T02257,N0034,Manipur,Ukhrul,N0028,Assam,Lakhimpur,Inter-state,Medicine,Truck,2026-01-21T04:45:00Z
T02258,N0079,Nagaland,Peren,N0060,Meghalaya,East Garo Hills,Inter-state,Medicine,Medium Goods Vehicle,2026-06-11T16:00:00Z
T02259,N0112,Tripura,Unakoti,N0008,Arunachal Pradesh,Tawang,Inter-state,Agricultural Produce,Truck,2026-01-02T05:45:00Z
T02260,N0054,Meghalaya,Ri-Bhoi,N0080,Nagaland,Longleng,Inter-state,Agricultural Produce,Truck,2026-01-24T23:00:00Z
T02261,N0061,Mizoram,Saitual,N0110,Tripura,Dhalai,Inter-state,Construction Material,Medium Goods Vehicle,2026-08-01T18:15:00Z
T02262,N0054,Meghalaya,Ri-Bhoi,N0078,Nagaland,Niuland,Inter-state,Food Supplies,Medium Goods Vehicle,2026-08-24T07:15:00Z
T02263,N0057,Meghalaya,South West Khasi Hills,N0116,Tripura,Sepahijala,Inter-state,Medicine,Truck,2026-10-07T22:45:00Z
T02264,N0059,Meghalaya,West Khasi Hills,N0031,Manipur,Noney,Inter-state,Essential Goods,Medium Goods Vehicle,2026-04-20T14:00:00Z
T02265,N0101,Sikkim,Namchi,N0021,Assam,Golaghat,Inter-state,Food Supplies,Truck,2026-01-26T23:30:00Z
T02266,N0105,Sikkim,Mangan,N0113,Tripura,Unakoti,Inter-state,Agricultural Produce,Medium Goods Vehicle,2026-05-03T17:45:00Z
T02267,N0049,Meghalaya,North Garo Hills,N0015,Arunachal Pradesh,Tirap,Inter-state,Essential Goods,Heavy Truck,2026-12-26T02:00:00Z
T02268,N0088,Nagaland,Longleng,N0011,Arunachal Pradesh,Namsai,Inter-state,Medicine,Medium Goods Vehicle,2026-07-10T19:45:00Z
T02269,N0001,Arunachal Pradesh,Tawang,N0078,Nagaland,Niuland,Inter-state,Essential Goods,Heavy Truck,2026-01-08T22:00:00Z
T02270,N0077,Nagaland,Zunheboto,N0107,Tripura,West Tripura,Inter-state,Agricultural Produce,Truck,2026-03-02T18:30:00Z
T02271,N0083,Nagaland,Dimapur,N0109,Tripura,South Tripura,Inter-state,Construction Material,Heavy Truck,2026-04-21T21:00:00Z
T02272,N0055,Meghalaya,West Jaintia Hills,N0008,Arunachal Pradesh,Tawang,Inter-state,Construction Material,Heavy Truck,2026-02-26T12:45:00Z
T02273,N0097,Sikkim,Mangan,N0052,Meghalaya,East Garo Hills,Inter-state,Medicine,Heavy Truck,2026-03-17T15:45:00Z
T02274,N0041,Manipur,Imphal East,N0119,Tripura,West Tripura,Inter-state,Agricultural Produce,Medium Goods Vehicle,2026-08-08T19:15:00Z
T02275,N0064,Mizoram,Hnahthial,N0072,Mizoram,Mamit,Within-state,Agricultural Produce,Medium Goods Vehicle,2026-05-03T18:15:00Z
T02276,N0100,Sikkim,Gyalshing,N0055,Meghalaya,West Jaintia Hills,Inter-state,Essential Goods,Heavy Truck,2026-02-24T23:30:00Z
T02277,N0062,Mizoram,Hnahthial,N0066,Mizoram,Aizawl,Within-state,Medicine,Heavy Truck,2026-02-08T00:00:00Z
T02278,N0055,Meghalaya,West Jaintia Hills,N0115,Tripura,West Tripura,Inter-state,Agricultural Produce,Medium Goods Vehicle,2026-02-28T14:45:00Z
T02279,N0097,Sikkim,Mangan,N0036,Manipur,Ukhrul,Inter-state,Agricultural Produce,Medium Goods Vehicle,2026-05-14T09:30:00Z
T02280,N0030,Assam,Dibrugarh,N0074,Mizoram,Lunglei,Inter-state,Food Supplies,Truck,2026-08-24T12:15:00Z
T02281,N0105,Sikkim,Mangan,N0034,Manipur,Ukhrul,Inter-state,Food Supplies,Truck,2026-12-04T07:00:00Z
T02282,N0059,Meghalaya,West Khasi Hills,N0061,Mizoram,Saitual,Inter-state,Agricultural Produce,Heavy Truck,2026-11-09T20:30:00Z
T02283,N0104,Sikkim,Mangan,N0085,Nagaland,Phek,Inter-state,Essential Goods,Heavy Truck,2026-01-19T22:15:00Z
T02284,N0006,Arunachal Pradesh,East Kameng,N0050,Meghalaya,East Khasi Hills,Inter-state,Essential Goods,Truck,2026-09-14T23:45:00Z
T02285,N0009,Arunachal Pradesh,Namsai,N0069,Mizoram,Mamit,Inter-state,Agricultural Produce,Truck,2026-10-07T14:00:00Z
T02286,N0092,Sikkim,Namchi,N0014,Arunachal Pradesh,Longding,Inter-state,Construction Material,Medium Goods Vehicle,2026-09-03T11:30:00Z
T02287,N0039,Manipur,Thoubal,N0105,Sikkim,Mangan,Inter-state,Medicine,Truck,2026-12-27T21:00:00Z
T02288,N0100,Sikkim,Gyalshing,N0080,Nagaland,Longleng,Inter-state,Medicine,Medium Goods Vehicle,2026-05-13T13:15:00Z
T02289,N0040,Manipur,Noney,N0110,Tripura,Dhalai,Inter-state,Essential Goods,Heavy Truck,2026-04-02T05:15:00Z
T02290,N0063,Mizoram,Serchhip,N0025,Assam,Tinsukia,Inter-state,Construction Material,Heavy Truck,2026-12-17T01:30:00Z
T02291,N0027,Assam,Tinsukia,N0101,Sikkim,Namchi,Inter-state,Construction Material,Medium Goods Vehicle,2026-01-17T09:30:00Z
T02292,N0063,Mizoram,Serchhip,N0068,Mizoram,Aizawl,Within-state,Food Supplies,Truck,2026-09-28T00:45:00Z
T02293,N0062,Mizoram,Hnahthial,N0031,Manipur,Noney,Inter-state,Essential Goods,Medium Goods Vehicle,2026-02-26T09:45:00Z
T02294,N0071,Mizoram,Champhai,N0120,Tripura,Sepahijala,Inter-state,Essential Goods,Truck,2026-04-13T20:15:00Z
T02295,N0117,Tripura,Dhalai,N0107,Tripura,West Tripura,Within-state,Construction Material,Medium Goods Vehicle,2026-11-15T11:15:00Z
T02296,N0030,Assam,Dibrugarh,N0003,Arunachal Pradesh,Tawang,Inter-state,Agricultural Produce,Heavy Truck,2026-12-13T10:00:00Z
T02297,N0120,Tripura,Sepahijala,N0102,Sikkim,Gyalshing,Inter-state,Construction Material,Heavy Truck,2026-04-12T01:30:00Z
T02298,N0078,Nagaland,Niuland,N0095,Sikkim,Gyalshing,Inter-state,Construction Material,Heavy Truck,2026-07-12T12:30:00Z
T02299,N0099,Sikkim,Mangan,N0024,Assam,Nagaon,Inter-state,Essential Goods,Heavy Truck,2026-08-15T08:30:00Z
T02300,N0073,Mizoram,Champhai,N0069,Mizoram,Mamit,Within-state,Construction Material,Heavy Truck,2026-05-24T22:00:00Z
T02301,N0050,Meghalaya,East Khasi Hills,N0041,Manipur,Imphal East,Inter-state,Agricultural Produce,Heavy Truck,2026-01-06T17:00:00Z
T02302,N0042,Manipur,Jiribam,N0013,Arunachal Pradesh,Upper Subansiri,Inter-state,Food Supplies,Truck,2026-02-04T05:15:00Z
T02303,N0037,Manipur,Tamenglong,N0107,Tripura,West Tripura,Inter-state,Agricultural Produce,Heavy Truck,2026-12-13T15:30:00Z
T02304,N0012,Arunachal Pradesh,West Siang,N0049,Meghalaya,North Garo Hills,Inter-state,Construction Material,Medium Goods Vehicle,2026-11-15T14:45:00Z
T02305,N0092,Sikkim,Namchi,N0019,Assam,Dhemaji,Inter-state,Essential Goods,Heavy Truck,2026-03-08T17:15:00Z
T02306,N0112,Tripura,Unakoti,N0023,Assam,Kamrup Metropolitan,Inter-state,Construction Material,Medium Goods Vehicle,2026-12-20T18:45:00Z
T02307,N0046,Meghalaya,South Garo Hills,N0037,Manipur,Tamenglong,Inter-state,Essential Goods,Heavy Truck,2026-02-27T07:45:00Z
T02308,N0005,Arunachal Pradesh,Upper Subansiri,N0056,Meghalaya,East Garo Hills,Inter-state,Construction Material,Heavy Truck,2026-11-22T18:30:00Z
T02309,N0092,Sikkim,Namchi,N0111,Tripura,Dhalai,Inter-state,Agricultural Produce,Truck,2026-10-27T01:00:00Z
T02310,N0079,Nagaland,Peren,N0030,Assam,Dibrugarh,Inter-state,Medicine,Medium Goods Vehicle,2026-04-19T07:00:00Z
T02311,N0030,Assam,Dibrugarh,N0004,Arunachal Pradesh,Upper Subansiri,Inter-state,Food Supplies,Truck,2026-02-07T19:00:00Z
T02312,N0101,Sikkim,Namchi,N0070,Mizoram,Hnahthial,Inter-state,Food Supplies,Medium Goods Vehicle,2026-09-06T07:15:00Z
T02313,N0046,Meghalaya,South Garo Hills,N0106,Tripura,West Tripura,Inter-state,Medicine,Truck,2026-01-26T11:00:00Z
T02314,N0030,Assam,Dibrugarh,N0001,Arunachal Pradesh,Tawang,Inter-state,Construction Material,Medium Goods Vehicle,2026-12-22T06:15:00Z
T02315,N0064,Mizoram,Hnahthial,N0115,Tripura,West Tripura,Inter-state,Agricultural Produce,Heavy Truck,2026-08-24T09:15:00Z
T02316,N0036,Manipur,Ukhrul,N0078,Nagaland,Niuland,Inter-state,Construction Material,Medium Goods Vehicle,2026-11-28T08:45:00Z
T02317,N0013,Arunachal Pradesh,Upper Subansiri,N0043,Manipur,Noney,Inter-state,Agricultural Produce,Truck,2026-01-12T10:00:00Z
T02318,N0076,Nagaland,Kohima,N0052,Meghalaya,East Garo Hills,Inter-state,Construction Material,Truck,2026-03-17T23:45:00Z
T02319,N0108,Tripura,Unakoti,N0086,Nagaland,Wokha,Inter-state,Construction Material,Medium Goods Vehicle,2026-09-25T00:45:00Z
T02320,N0081,Nagaland,Chumoukedima,N0089,Nagaland,Longleng,Within-state,Medicine,Heavy Truck,2026-01-22T22:15:00Z
T02321,N0090,Nagaland,Chumoukedima,N0052,Meghalaya,East Garo Hills,Inter-state,Medicine,Heavy Truck,2026-03-19T01:00:00Z
T02322,N0001,Arunachal Pradesh,Tawang,N0035,Manipur,Ukhrul,Inter-state,Essential Goods,Truck,2026-06-28T18:45:00Z
T02323,N0018,Assam,Darrang,N0053,Meghalaya,South West Khasi Hills,Inter-state,Agricultural Produce,Medium Goods Vehicle,2026-08-11T00:00:00Z
T02324,N0016,Assam,Darrang,N0023,Assam,Kamrup Metropolitan,Within-state,Agricultural Produce,Medium Goods Vehicle,2026-05-14T13:00:00Z
T02325,N0022,Assam,Barpeta,N0067,Mizoram,Hnahthial,Inter-state,Agricultural Produce,Medium Goods Vehicle,2026-09-17T19:15:00Z
T02326,N0067,Mizoram,Hnahthial,N0091,Sikkim,Gangtok,Inter-state,Medicine,Medium Goods Vehicle,2026-07-04T04:45:00Z
T02327,N0111,Tripura,Dhalai,N0082,Nagaland,Mon,Inter-state,Essential Goods,Heavy Truck,2026-08-04T20:45:00Z
T02328,N0007,Arunachal Pradesh,West Kameng,N0094,Sikkim,Gangtok,Inter-state,Food Supplies,Medium Goods Vehicle,2026-02-06T14:15:00Z
T02329,N0097,Sikkim,Mangan,N0051,Meghalaya,East Garo Hills,Inter-state,Food Supplies,Truck,2026-02-25T01:30:00Z
T02330,N0050,Meghalaya,East Khasi Hills,N0047,Meghalaya,Eastern West Khasi Hills,Within-state,Construction Material,Medium Goods Vehicle,2026-11-15T18:15:00Z
T02331,N0007,Arunachal Pradesh,West Kameng,N0006,Arunachal Pradesh,East Kameng,Within-state,Food Supplies,Heavy Truck,2026-11-11T12:00:00Z
T02332,N0093,Sikkim,Gangtok,N0110,Tripura,Dhalai,Inter-state,Food Supplies,Truck,2026-11-08T15:15:00Z
T02333,N0097,Sikkim,Mangan,N0093,Sikkim,Gangtok,Within-state,Construction Material,Heavy Truck,2026-08-09T23:00:00Z
T02334,N0008,Arunachal Pradesh,Tawang,N0102,Sikkim,Gyalshing,Inter-state,Medicine,Heavy Truck,2026-12-20T11:15:00Z
T02335,N0072,Mizoram,Mamit,N0009,Arunachal Pradesh,Namsai,Inter-state,Food Supplies,Truck,2026-07-05T09:45:00Z
T02336,N0042,Manipur,Jiribam,N0028,Assam,Lakhimpur,Inter-state,Essential Goods,Medium Goods Vehicle,2026-01-09T02:00:00Z
T02337,N0015,Arunachal Pradesh,Tirap,N0030,Assam,Dibrugarh,Inter-state,Agricultural Produce,Medium Goods Vehicle,2026-04-26T01:30:00Z
T02338,N0001,Arunachal Pradesh,Tawang,N0096,Sikkim,Pakyong,Inter-state,Essential Goods,Heavy Truck,2026-04-07T21:45:00Z
T02339,N0009,Arunachal Pradesh,Namsai,N0040,Manipur,Noney,Inter-state,Food Supplies,Medium Goods Vehicle,2026-11-02T02:30:00Z
T02340,N0031,Manipur,Noney,N0010,Arunachal Pradesh,East Kameng,Inter-state,Construction Material,Heavy Truck,2026-08-19T21:45:00Z
T02341,N0023,Assam,Kamrup Metropolitan,N0004,Arunachal Pradesh,Upper Subansiri,Inter-state,Medicine,Heavy Truck,2026-09-20T10:45:00Z
T02342,N0046,Meghalaya,South Garo Hills,N0077,Nagaland,Zunheboto,Inter-state,Food Supplies,Heavy Truck,2026-09-02T10:45:00Z
T02343,N0020,Assam,Dhubri,N0054,Meghalaya,Ri-Bhoi,Inter-state,Essential Goods,Medium Goods Vehicle,2026-12-06T04:00:00Z
T02344,N0084,Nagaland,Chumoukedima,N0022,Assam,Barpeta,Inter-state,Agricultural Produce,Medium Goods Vehicle,2026-07-05T15:45:00Z
T02345,N0093,Sikkim,Gangtok,N0077,Nagaland,Zunheboto,Inter-state,Construction Material,Heavy Truck,2026-09-16T12:30:00Z
T02346,N0020,Assam,Dhubri,N0002,Arunachal Pradesh,Lower Subansiri,Inter-state,Essential Goods,Truck,2026-01-22T23:00:00Z
T02347,N0047,Meghalaya,Eastern West Khasi Hills,N0081,Nagaland,Chumoukedima,Inter-state,Medicine,Truck,2026-04-16T02:15:00Z
T02348,N0003,Arunachal Pradesh,Tawang,N0066,Mizoram,Aizawl,Inter-state,Construction Material,Heavy Truck,2026-07-13T08:45:00Z
T02349,N0012,Arunachal Pradesh,West Siang,N0082,Nagaland,Mon,Inter-state,Agricultural Produce,Medium Goods Vehicle,2026-12-17T15:45:00Z
T02350,N0023,Assam,Kamrup Metropolitan,N0047,Meghalaya,Eastern West Khasi Hills,Inter-state,Food Supplies,Truck,2026-04-11T04:45:00Z
T02351,N0103,Sikkim,Namchi,N0026,Assam,Kamrup,Inter-state,Agricultural Produce,Heavy Truck,2026-08-08T13:30:00Z
T02352,N0080,Nagaland,Longleng,N0058,Meghalaya,East Khasi Hills,Inter-state,Food Supplies,Heavy Truck,2026-08-18T20:15:00Z
T02353,N0046,Meghalaya,South Garo Hills,N0050,Meghalaya,East Khasi Hills,Within-state,Food Supplies,Truck,2026-12-12T13:30:00Z
T02354,N0107,Tripura,West Tripura,N0065,Mizoram,Saitual,Inter-state,Food Supplies,Heavy Truck,2026-11-09T00:00:00Z
T02355,N0115,Tripura,West Tripura,N0095,Sikkim,Gyalshing,Inter-state,Construction Material,Heavy Truck,2026-10-28T01:00:00Z
T02356,N0077,Nagaland,Zunheboto,N0052,Meghalaya,East Garo Hills,Inter-state,Medicine,Heavy Truck,2026-11-01T14:15:00Z
T02357,N0023,Assam,Kamrup Metropolitan,N0094,Sikkim,Gangtok,Inter-state,Construction Material,Truck,2026-03-14T11:15:00Z
T02358,N0027,Assam,Tinsukia,N0118,Tripura,Dhalai,Inter-state,Essential Goods,Heavy Truck,2026-03-06T03:30:00Z
T02359,N0102,Sikkim,Gyalshing,N0006,Arunachal Pradesh,East Kameng,Inter-state,Construction Material,Heavy Truck,2026-04-25T16:45:00Z
T02360,N0045,Manipur,Senapati,N0018,Assam,Darrang,Inter-state,Agricultural Produce,Medium Goods Vehicle,2026-03-02T07:45:00Z
T02361,N0011,Arunachal Pradesh,Namsai,N0101,Sikkim,Namchi,Inter-state,Medicine,Heavy Truck,2026-09-17T15:00:00Z
T02362,N0085,Nagaland,Phek,N0094,Sikkim,Gangtok,Inter-state,Medicine,Medium Goods Vehicle,2026-02-24T20:45:00Z
T02363,N0085,Nagaland,Phek,N0067,Mizoram,Hnahthial,Inter-state,Agricultural Produce,Medium Goods Vehicle,2026-03-03T18:15:00Z
T02364,N0068,Mizoram,Aizawl,N0112,Tripura,Unakoti,Inter-state,Agricultural Produce,Medium Goods Vehicle,2026-12-10T08:45:00Z
T02365,N0065,Mizoram,Saitual,N0106,Tripura,West Tripura,Inter-state,Construction Material,Heavy Truck,2026-12-06T09:30:00Z
T02366,N0092,Sikkim,Namchi,N0016,Assam,Darrang,Inter-state,Medicine,Medium Goods Vehicle,2026-10-02T05:45:00Z
T02367,N0101,Sikkim,Namchi,N0014,Arunachal Pradesh,Longding,Inter-state,Agricultural Produce,Medium Goods Vehicle,2026-03-11T19:15:00Z
T02368,N0045,Manipur,Senapati,N0086,Nagaland,Wokha,Inter-state,Food Supplies,Medium Goods Vehicle,2026-04-03T17:45:00Z
T02369,N0095,Sikkim,Gyalshing,N0109,Tripura,South Tripura,Inter-state,Food Supplies,Heavy Truck,2026-11-04T12:00:00Z
T02370,N0008,Arunachal Pradesh,Tawang,N0007,Arunachal Pradesh,West Kameng,Within-state,Agricultural Produce,Medium Goods Vehicle,2026-03-27T09:30:00Z
T02371,N0036,Manipur,Ukhrul,N0069,Mizoram,Mamit,Inter-state,Construction Material,Truck,2026-04-26T09:30:00Z
T02372,N0062,Mizoram,Hnahthial,N0115,Tripura,West Tripura,Inter-state,Construction Material,Heavy Truck,2026-01-05T01:00:00Z
T02373,N0027,Assam,Tinsukia,N0041,Manipur,Imphal East,Inter-state,Essential Goods,Truck,2026-12-23T16:15:00Z
T02374,N0021,Assam,Golaghat,N0115,Tripura,West Tripura,Inter-state,Construction Material,Medium Goods Vehicle,2026-05-07T13:15:00Z
T02375,N0028,Assam,Lakhimpur,N0065,Mizoram,Saitual,Inter-state,Medicine,Heavy Truck,2026-08-06T21:00:00Z
T02376,N0038,Manipur,Ukhrul,N0096,Sikkim,Pakyong,Inter-state,Medicine,Heavy Truck,2026-12-16T22:15:00Z
T02377,N0070,Mizoram,Hnahthial,N0067,Mizoram,Hnahthial,Within-state,Construction Material,Heavy Truck,2026-02-18T21:15:00Z
T02378,N0087,Nagaland,Kohima,N0057,Meghalaya,South West Khasi Hills,Inter-state,Food Supplies,Medium Goods Vehicle,2026-06-22T10:30:00Z
T02379,N0114,Tripura,Sepahijala,N0113,Tripura,Unakoti,Within-state,Construction Material,Truck,2026-09-20T19:30:00Z
T02380,N0026,Assam,Kamrup,N0087,Nagaland,Kohima,Inter-state,Food Supplies,Heavy Truck,2026-12-07T09:15:00Z
T02381,N0076,Nagaland,Kohima,N0068,Mizoram,Aizawl,Inter-state,Essential Goods,Truck,2026-05-17T13:45:00Z
T02382,N0061,Mizoram,Saitual,N0050,Meghalaya,East Khasi Hills,Inter-state,Agricultural Produce,Medium Goods Vehicle,2026-12-23T04:00:00Z
T02383,N0119,Tripura,West Tripura,N0047,Meghalaya,Eastern West Khasi Hills,Inter-state,Medicine,Truck,2026-04-06T04:45:00Z
T02384,N0033,Manipur,Jiribam,N0102,Sikkim,Gyalshing,Inter-state,Food Supplies,Truck,2026-07-19T05:15:00Z
T02385,N0070,Mizoram,Hnahthial,N0037,Manipur,Tamenglong,Inter-state,Food Supplies,Truck,2026-10-22T22:00:00Z
T02386,N0012,Arunachal Pradesh,West Siang,N0116,Tripura,Sepahijala,Inter-state,Agricultural Produce,Medium Goods Vehicle,2026-12-18T17:00:00Z
T02387,N0113,Tripura,Unakoti,N0033,Manipur,Jiribam,Inter-state,Food Supplies,Heavy Truck,2026-01-19T20:00:00Z
T02388,N0054,Meghalaya,Ri-Bhoi,N0113,Tripura,Unakoti,Inter-state,Food Supplies,Truck,2026-08-22T21:00:00Z
T02389,N0073,Mizoram,Champhai,N0054,Meghalaya,Ri-Bhoi,Inter-state,Food Supplies,Heavy Truck,2026-01-04T14:00:00Z
T02390,N0053,Meghalaya,South West Khasi Hills,N0114,Tripura,Sepahijala,Inter-state,Food Supplies,Truck,2026-12-11T20:00:00Z
T02391,N0110,Tripura,Dhalai,N0004,Arunachal Pradesh,Upper Subansiri,Inter-state,Essential Goods,Medium Goods Vehicle,2026-02-03T09:45:00Z
T02392,N0065,Mizoram,Saitual,N0017,Assam,Dhubri,Inter-state,Medicine,Medium Goods Vehicle,2026-07-23T22:30:00Z
T02393,N0005,Arunachal Pradesh,Upper Subansiri,N0083,Nagaland,Dimapur,Inter-state,Food Supplies,Heavy Truck,2026-05-22T17:45:00Z
T02394,N0016,Assam,Darrang,N0027,Assam,Tinsukia,Within-state,Construction Material,Heavy Truck,2026-10-28T06:30:00Z
T02395,N0094,Sikkim,Gangtok,N0100,Sikkim,Gyalshing,Within-state,Agricultural Produce,Medium Goods Vehicle,2026-03-21T08:15:00Z
T02396,N0065,Mizoram,Saitual,N0085,Nagaland,Phek,Inter-state,Essential Goods,Truck,2026-06-13T21:00:00Z
T02397,N0077,Nagaland,Zunheboto,N0043,Manipur,Noney,Inter-state,Medicine,Medium Goods Vehicle,2026-04-25T01:45:00Z
T02398,N0116,Tripura,Sepahijala,N0095,Sikkim,Gyalshing,Inter-state,Food Supplies,Medium Goods Vehicle,2026-02-06T11:30:00Z
T02399,N0084,Nagaland,Chumoukedima,N0031,Manipur,Noney,Inter-state,Medicine,Medium Goods Vehicle,2026-03-03T16:00:00Z
T02400,N0087,Nagaland,Kohima,N0111,Tripura,Dhalai,Inter-state,Construction Material,Medium Goods Vehicle,2026-08-08T04:30:00Z
T02401,N0095,Sikkim,Gyalshing,N0115,Tripura,West Tripura,Inter-state,Food Supplies,Heavy Truck,2026-06-21T14:00:00Z
T02402,N0060,Meghalaya,East Garo Hills,N0041,Manipur,Imphal East,Inter-state,Agricultural Produce,Medium Goods Vehicle,2026-07-19T16:45:00Z
T02403,N0036,Manipur,Ukhrul,N0068,Mizoram,Aizawl,Inter-state,Essential Goods,Medium Goods Vehicle,2026-09-04T21:45:00Z
T02404,N0071,Mizoram,Champhai,N0037,Manipur,Tamenglong,Inter-state,Agricultural Produce,Truck,2026-02-27T23:15:00Z
T02405,N0048,Meghalaya,West Garo Hills,N0001,Arunachal Pradesh,Tawang,Inter-state,Construction Material,Medium Goods Vehicle,2026-11-18T14:15:00Z
T02406,N0047,Meghalaya,Eastern West Khasi Hills,N0061,Mizoram,Saitual,Inter-state,Essential Goods,Truck,2026-06-14T11:00:00Z
T02407,N0030,Assam,Dibrugarh,N0066,Mizoram,Aizawl,Inter-state,Essential Goods,Medium Goods Vehicle,2026-12-01T21:00:00Z
T02408,N0090,Nagaland,Chumoukedima,N0115,Tripura,West Tripura,Inter-state,Construction Material,Truck,2026-03-11T01:45:00Z
T02409,N0108,Tripura,Unakoti,N0059,Meghalaya,West Khasi Hills,Inter-state,Medicine,Heavy Truck,2026-08-15T13:15:00Z
T02410,N0118,Tripura,Dhalai,N0086,Nagaland,Wokha,Inter-state,Medicine,Truck,2026-11-23T20:00:00Z
T02411,N0036,Manipur,Ukhrul,N0067,Mizoram,Hnahthial,Inter-state,Medicine,Medium Goods Vehicle,2026-11-18T18:15:00Z
T02412,N0020,Assam,Dhubri,N0056,Meghalaya,East Garo Hills,Inter-state,Agricultural Produce,Medium Goods Vehicle,2026-07-06T20:30:00Z
T02413,N0104,Sikkim,Mangan,N0033,Manipur,Jiribam,Inter-state,Food Supplies,Medium Goods Vehicle,2026-08-17T05:15:00Z
T02414,N0051,Meghalaya,East Garo Hills,N0046,Meghalaya,South Garo Hills,Within-state,Agricultural Produce,Heavy Truck,2026-10-23T13:45:00Z
T02415,N0020,Assam,Dhubri,N0075,Mizoram,Serchhip,Inter-state,Medicine,Medium Goods Vehicle,2026-10-10T01:00:00Z
T02416,N0038,Manipur,Ukhrul,N0035,Manipur,Ukhrul,Within-state,Construction Material,Medium Goods Vehicle,2026-09-17T00:30:00Z
T02417,N0071,Mizoram,Champhai,N0029,Assam,Barpeta,Inter-state,Medicine,Truck,2026-11-18T01:30:00Z
T02418,N0031,Manipur,Noney,N0107,Tripura,West Tripura,Inter-state,Medicine,Medium Goods Vehicle,2026-08-28T18:30:00Z
T02419,N0024,Assam,Nagaon,N0098,Sikkim,Namchi,Inter-state,Agricultural Produce,Heavy Truck,2026-10-24T07:30:00Z
T02420,N0027,Assam,Tinsukia,N0028,Assam,Lakhimpur,Within-state,Essential Goods,Medium Goods Vehicle,2026-02-02T22:15:00Z
T02421,N0042,Manipur,Jiribam,N0070,Mizoram,Hnahthial,Inter-state,Agricultural Produce,Heavy Truck,2026-01-21T04:30:00Z
T02422,N0078,Nagaland,Niuland,N0042,Manipur,Jiribam,Inter-state,Medicine,Truck,2026-08-26T18:30:00Z
T02423,N0109,Tripura,South Tripura,N0006,Arunachal Pradesh,East Kameng,Inter-state,Food Supplies,Truck,2026-11-24T22:30:00Z
T02424,N0072,Mizoram,Mamit,N0006,Arunachal Pradesh,East Kameng,Inter-state,Food Supplies,Medium Goods Vehicle,2026-10-03T05:30:00Z
T02425,N0034,Manipur,Ukhrul,N0048,Meghalaya,West Garo Hills,Inter-state,Medicine,Medium Goods Vehicle,2026-10-16T07:30:00Z
T02426,N0035,Manipur,Ukhrul,N0075,Mizoram,Serchhip,Inter-state,Food Supplies,Truck,2026-08-09T02:00:00Z
T02427,N0071,Mizoram,Champhai,N0053,Meghalaya,South West Khasi Hills,Inter-state,Food Supplies,Truck,2026-04-01T15:45:00Z
T02428,N0054,Meghalaya,Ri-Bhoi,N0118,Tripura,Dhalai,Inter-state,Agricultural Produce,Truck,2026-07-21T12:15:00Z
T02429,N0008,Arunachal Pradesh,Tawang,N0055,Meghalaya,West Jaintia Hills,Inter-state,Food Supplies,Medium Goods Vehicle,2026-04-11T13:30:00Z
T02430,N0091,Sikkim,Gangtok,N0002,Arunachal Pradesh,Lower Subansiri,Inter-state,Construction Material,Heavy Truck,2026-12-06T04:30:00Z
T02431,N0085,Nagaland,Phek,N0055,Meghalaya,West Jaintia Hills,Inter-state,Medicine,Truck,2026-12-17T21:00:00Z
T02432,N0107,Tripura,West Tripura,N0117,Tripura,Dhalai,Within-state,Medicine,Heavy Truck,2026-08-12T16:15:00Z
T02433,N0040,Manipur,Noney,N0031,Manipur,Noney,Within-state,Agricultural Produce,Truck,2026-12-26T14:00:00Z
T02434,N0079,Nagaland,Peren,N0005,Arunachal Pradesh,Upper Subansiri,Inter-state,Essential Goods,Medium Goods Vehicle,2026-12-24T03:15:00Z
T02435,N0104,Sikkim,Mangan,N0100,Sikkim,Gyalshing,Within-state,Agricultural Produce,Medium Goods Vehicle,2026-09-12T13:00:00Z
T02436,N0044,Manipur,Ukhrul,N0118,Tripura,Dhalai,Inter-state,Essential Goods,Medium Goods Vehicle,2026-03-22T01:30:00Z
T02437,N0077,Nagaland,Zunheboto,N0088,Nagaland,Longleng,Within-state,Construction Material,Heavy Truck,2026-01-21T08:45:00Z
T02438,N0120,Tripura,Sepahijala,N0022,Assam,Barpeta,Inter-state,Agricultural Produce,Heavy Truck,2026-10-04T13:00:00Z
T02439,N0115,Tripura,West Tripura,N0078,Nagaland,Niuland,Inter-state,Agricultural Produce,Medium Goods Vehicle,2026-05-07T08:45:00Z
T02440,N0021,Assam,Golaghat,N0059,Meghalaya,West Khasi Hills,Inter-state,Essential Goods,Truck,2026-10-28T17:30:00Z
T02441,N0115,Tripura,West Tripura,N0011,Arunachal Pradesh,Namsai,Inter-state,Construction Material,Heavy Truck,2026-08-14T23:15:00Z
T02442,N0047,Meghalaya,Eastern West Khasi Hills,N0060,Meghalaya,East Garo Hills,Within-state,Medicine,Medium Goods Vehicle,2026-10-09T22:15:00Z
T02443,N0108,Tripura,Unakoti,N0009,Arunachal Pradesh,Namsai,Inter-state,Construction Material,Medium Goods Vehicle,2026-09-11T00:45:00Z
T02444,N0035,Manipur,Ukhrul,N0010,Arunachal Pradesh,East Kameng,Inter-state,Agricultural Produce,Truck,2026-07-08T14:00:00Z
T02445,N0094,Sikkim,Gangtok,N0024,Assam,Nagaon,Inter-state,Agricultural Produce,Heavy Truck,2026-02-14T16:45:00Z
T02446,N0030,Assam,Dibrugarh,N0092,Sikkim,Namchi,Inter-state,Medicine,Medium Goods Vehicle,2026-10-14T14:15:00Z
T02447,N0080,Nagaland,Longleng,N0081,Nagaland,Chumoukedima,Within-state,Construction Material,Medium Goods Vehicle,2026-12-26T14:45:00Z
T02448,N0072,Mizoram,Mamit,N0086,Nagaland,Wokha,Inter-state,Essential Goods,Truck,2026-02-16T12:30:00Z
T02449,N0056,Meghalaya,East Garo Hills,N0101,Sikkim,Namchi,Inter-state,Construction Material,Truck,2026-07-13T10:45:00Z
T02450,N0083,Nagaland,Dimapur,N0070,Mizoram,Hnahthial,Inter-state,Construction Material,Heavy Truck,2026-01-04T15:00:00Z
T02451,N0097,Sikkim,Mangan,N0051,Meghalaya,East Garo Hills,Inter-state,Agricultural Produce,Medium Goods Vehicle,2026-01-25T16:00:00Z
T02452,N0070,Mizoram,Hnahthial,N0113,Tripura,Unakoti,Inter-state,Medicine,Medium Goods Vehicle,2026-07-09T15:15:00Z
T02453,N0108,Tripura,Unakoti,N0076,Nagaland,Kohima,Inter-state,Essential Goods,Medium Goods Vehicle,2026-08-04T19:15:00Z
T02454,N0078,Nagaland,Niuland,N0069,Mizoram,Mamit,Inter-state,Construction Material,Medium Goods Vehicle,2026-07-26T22:30:00Z
T02455,N0113,Tripura,Unakoti,N0118,Tripura,Dhalai,Within-state,Medicine,Heavy Truck,2026-12-14T22:00:00Z
T02456,N0061,Mizoram,Saitual,N0005,Arunachal Pradesh,Upper Subansiri,Inter-state,Construction Material,Medium Goods Vehicle,2026-02-18T13:15:00Z
T02457,N0076,Nagaland,Kohima,N0001,Arunachal Pradesh,Tawang,Inter-state,Agricultural Produce,Medium Goods Vehicle,2026-06-15T18:00:00Z
T02458,N0005,Arunachal Pradesh,Upper Subansiri,N0080,Nagaland,Longleng,Inter-state,Medicine,Medium Goods Vehicle,2026-02-18T15:45:00Z
T02459,N0032,Manipur,Ukhrul,N0069,Mizoram,Mamit,Inter-state,Agricultural Produce,Medium Goods Vehicle,2026-08-05T16:00:00Z
T02460,N0032,Manipur,Ukhrul,N0051,Meghalaya,East Garo Hills,Inter-state,Medicine,Heavy Truck,2026-12-21T13:00:00Z
T02461,N0072,Mizoram,Mamit,N0013,Arunachal Pradesh,Upper Subansiri,Inter-state,Food Supplies,Truck,2026-03-20T04:45:00Z
T02462,N0039,Manipur,Thoubal,N0019,Assam,Dhemaji,Inter-state,Food Supplies,Heavy Truck,2026-11-16T12:15:00Z
T02463,N0089,Nagaland,Longleng,N0107,Tripura,West Tripura,Inter-state,Agricultural Produce,Truck,2026-04-04T04:00:00Z
T02464,N0106,Tripura,West Tripura,N0044,Manipur,Ukhrul,Inter-state,Agricultural Produce,Heavy Truck,2026-08-18T17:00:00Z
T02465,N0095,Sikkim,Gyalshing,N0102,Sikkim,Gyalshing,Within-state,Construction Material,Heavy Truck,2026-10-10T02:15:00Z
T02466,N0105,Sikkim,Mangan,N0075,Mizoram,Serchhip,Inter-state,Medicine,Heavy Truck,2026-06-09T07:45:00Z
T02467,N0074,Mizoram,Lunglei,N0045,Manipur,Senapati,Inter-state,Agricultural Produce,Medium Goods Vehicle,2026-04-09T01:30:00Z
T02468,N0055,Meghalaya,West Jaintia Hills,N0119,Tripura,West Tripura,Inter-state,Food Supplies,Medium Goods Vehicle,2026-06-16T04:45:00Z
T02469,N0046,Meghalaya,South Garo Hills,N0018,Assam,Darrang,Inter-state,Essential Goods,Truck,2026-07-28T16:30:00Z
T02470,N0080,Nagaland,Longleng,N0106,Tripura,West Tripura,Inter-state,Food Supplies,Heavy Truck,2026-11-23T17:45:00Z
T02471,N0044,Manipur,Ukhrul,N0119,Tripura,West Tripura,Inter-state,Food Supplies,Heavy Truck,2026-05-02T15:30:00Z
T02472,N0011,Arunachal Pradesh,Namsai,N0090,Nagaland,Chumoukedima,Inter-state,Medicine,Medium Goods Vehicle,2026-08-14T18:45:00Z
T02473,N0005,Arunachal Pradesh,Upper Subansiri,N0029,Assam,Barpeta,Inter-state,Construction Material,Truck,2026-11-15T10:30:00Z
T02474,N0053,Meghalaya,South West Khasi Hills,N0049,Meghalaya,North Garo Hills,Within-state,Agricultural Produce,Medium Goods Vehicle,2026-11-27T20:15:00Z
T02475,N0027,Assam,Tinsukia,N0003,Arunachal Pradesh,Tawang,Inter-state,Construction Material,Medium Goods Vehicle,2026-08-25T01:15:00Z
T02476,N0052,Meghalaya,East Garo Hills,N0106,Tripura,West Tripura,Inter-state,Agricultural Produce,Medium Goods Vehicle,2026-04-24T22:30:00Z
T02477,N0060,Meghalaya,East Garo Hills,N0098,Sikkim,Namchi,Inter-state,Medicine,Medium Goods Vehicle,2026-02-11T02:00:00Z
T02478,N0050,Meghalaya,East Khasi Hills,N0020,Assam,Dhubri,Inter-state,Food Supplies,Heavy Truck,2026-03-24T10:45:00Z
T02479,N0040,Manipur,Noney,N0082,Nagaland,Mon,Inter-state,Essential Goods,Heavy Truck,2026-07-12T10:15:00Z
T02480,N0034,Manipur,Ukhrul,N0092,Sikkim,Namchi,Inter-state,Essential Goods,Truck,2026-10-23T06:15:00Z
T02481,N0045,Manipur,Senapati,N0010,Arunachal Pradesh,East Kameng,Inter-state,Construction Material,Truck,2026-03-14T00:15:00Z
T02482,N0035,Manipur,Ukhrul,N0036,Manipur,Ukhrul,Within-state,Agricultural Produce,Medium Goods Vehicle,2026-11-08T01:00:00Z
T02483,N0072,Mizoram,Mamit,N0075,Mizoram,Serchhip,Within-state,Construction Material,Truck,2026-05-08T03:00:00Z
T02484,N0020,Assam,Dhubri,N0017,Assam,Dhubri,Within-state,Food Supplies,Medium Goods Vehicle,2026-10-11T10:30:00Z
T02485,N0062,Mizoram,Hnahthial,N0081,Nagaland,Chumoukedima,Inter-state,Construction Material,Medium Goods Vehicle,2026-05-13T05:30:00Z
T02486,N0114,Tripura,Sepahijala,N0022,Assam,Barpeta,Inter-state,Agricultural Produce,Medium Goods Vehicle,2026-07-05T13:30:00Z
T02487,N0077,Nagaland,Zunheboto,N0003,Arunachal Pradesh,Tawang,Inter-state,Medicine,Heavy Truck,2026-09-19T14:30:00Z
T02488,N0006,Arunachal Pradesh,East Kameng,N0004,Arunachal Pradesh,Upper Subansiri,Within-state,Medicine,Medium Goods Vehicle,2026-05-20T03:45:00Z
T02489,N0073,Mizoram,Champhai,N0006,Arunachal Pradesh,East Kameng,Inter-state,Medicine,Truck,2026-08-13T17:00:00Z
T02490,N0012,Arunachal Pradesh,West Siang,N0061,Mizoram,Saitual,Inter-state,Agricultural Produce,Medium Goods Vehicle,2026-10-26T22:30:00Z
T02491,N0048,Meghalaya,West Garo Hills,N0090,Nagaland,Chumoukedima,Inter-state,Medicine,Truck,2026-08-09T02:00:00Z
T02492,N0023,Assam,Kamrup Metropolitan,N0035,Manipur,Ukhrul,Inter-state,Food Supplies,Truck,2026-04-04T17:45:00Z
T02493,N0042,Manipur,Jiribam,N0029,Assam,Barpeta,Inter-state,Food Supplies,Heavy Truck,2026-03-06T11:45:00Z
T02494,N0012,Arunachal Pradesh,West Siang,N0077,Nagaland,Zunheboto,Inter-state,Food Supplies,Medium Goods Vehicle,2026-07-15T08:15:00Z
T02495,N0075,Mizoram,Serchhip,N0034,Manipur,Ukhrul,Inter-state,Medicine,Truck,2026-07-04T00:00:00Z
T02496,N0002,Arunachal Pradesh,Lower Subansiri,N0085,Nagaland,Phek,Inter-state,Medicine,Medium Goods Vehicle,2026-02-08T19:15:00Z
T02497,N0087,Nagaland,Kohima,N0089,Nagaland,Longleng,Within-state,Construction Material,Medium Goods Vehicle,2026-07-20T07:30:00Z
T02498,N0118,Tripura,Dhalai,N0111,Tripura,Dhalai,Within-state,Medicine,Heavy Truck,2026-12-04T04:45:00Z
T02499,N0118,Tripura,Dhalai,N0101,Sikkim,Namchi,Inter-state,Food Supplies,Truck,2026-07-11T02:30:00Z
T02500,N0076,Nagaland,Kohima,N0090,Nagaland,Chumoukedima,Within-state,Agricultural Produce,Medium Goods Vehicle,2026-07-18T03:45:00Z
T02501,N0005,Arunachal Pradesh,Upper Subansiri,N0048,Meghalaya,West Garo Hills,Inter-state,Construction Material,Truck,2026-11-06T00:00:00Z
T02502,N0073,Mizoram,Champhai,N0113,Tripura,Unakoti,Inter-state,Agricultural Produce,Truck,2026-03-10T15:00:00Z
T02503,N0058,Meghalaya,East Khasi Hills,N0080,Nagaland,Longleng,Inter-state,Essential Goods,Medium Goods Vehicle,2026-10-11T14:00:00Z
T02504,N0017,Assam,Dhubri,N0004,Arunachal Pradesh,Upper Subansiri,Inter-state,Food Supplies,Truck,2026-05-06T14:00:00Z
T02505,N0081,Nagaland,Chumoukedima,N0070,Mizoram,Hnahthial,Inter-state,Essential Goods,Truck,2026-05-02T08:15:00Z
T02506,N0068,Mizoram,Aizawl,N0065,Mizoram,Saitual,Within-state,Medicine,Truck,2026-05-21T23:15:00Z
T02507,N0056,Meghalaya,East Garo Hills,N0047,Meghalaya,Eastern West Khasi Hills,Within-state,Agricultural Produce,Truck,2026-07-17T00:30:00Z
T02508,N0046,Meghalaya,South Garo Hills,N0091,Sikkim,Gangtok,Inter-state,Food Supplies,Truck,2026-10-22T09:30:00Z
T02509,N0062,Mizoram,Hnahthial,N0090,Nagaland,Chumoukedima,Inter-state,Agricultural Produce,Medium Goods Vehicle,2026-11-25T03:30:00Z
T02510,N0112,Tripura,Unakoti,N0014,Arunachal Pradesh,Longding,Inter-state,Construction Material,Medium Goods Vehicle,2026-01-21T07:00:00Z
T02511,N0111,Tripura,Dhalai,N0020,Assam,Dhubri,Inter-state,Essential Goods,Medium Goods Vehicle,2026-12-09T08:30:00Z
T02512,N0085,Nagaland,Phek,N0041,Manipur,Imphal East,Inter-state,Agricultural Produce,Medium Goods Vehicle,2026-01-09T02:45:00Z
T02513,N0095,Sikkim,Gyalshing,N0070,Mizoram,Hnahthial,Inter-state,Essential Goods,Heavy Truck,2026-05-10T21:15:00Z
T02514,N0051,Meghalaya,East Garo Hills,N0037,Manipur,Tamenglong,Inter-state,Food Supplies,Heavy Truck,2026-06-17T05:00:00Z
T02515,N0045,Manipur,Senapati,N0061,Mizoram,Saitual,Inter-state,Food Supplies,Truck,2026-04-25T09:15:00Z
T02516,N0058,Meghalaya,East Khasi Hills,N0061,Mizoram,Saitual,Inter-state,Construction Material,Heavy Truck,2026-05-09T07:00:00Z
T02517,N0068,Mizoram,Aizawl,N0045,Manipur,Senapati,Inter-state,Agricultural Produce,Medium Goods Vehicle,2026-03-16T01:00:00Z
T02518,N0111,Tripura,Dhalai,N0015,Arunachal Pradesh,Tirap,Inter-state,Food Supplies,Heavy Truck,2026-04-27T01:15:00Z
T02519,N0057,Meghalaya,South West Khasi Hills,N0092,Sikkim,Namchi,Inter-state,Agricultural Produce,Truck,2026-05-23T22:00:00Z
T02520,N0098,Sikkim,Namchi,N0063,Mizoram,Serchhip,Inter-state,Food Supplies,Heavy Truck,2026-09-12T23:30:00Z
T02521,N0028,Assam,Lakhimpur,N0087,Nagaland,Kohima,Inter-state,Essential Goods,Medium Goods Vehicle,2026-06-10T00:30:00Z
T02522,N0111,Tripura,Dhalai,N0056,Meghalaya,East Garo Hills,Inter-state,Essential Goods,Truck,2026-01-04T05:30:00Z
T02523,N0113,Tripura,Unakoti,N0043,Manipur,Noney,Inter-state,Essential Goods,Medium Goods Vehicle,2026-11-16T01:30:00Z
T02524,N0024,Assam,Nagaon,N0026,Assam,Kamrup,Within-state,Food Supplies,Heavy Truck,2026-09-02T15:45:00Z
T02525,N0042,Manipur,Jiribam,N0016,Assam,Darrang,Inter-state,Agricultural Produce,Medium Goods Vehicle,2026-06-07T00:30:00Z
T02526,N0060,Meghalaya,East Garo Hills,N0036,Manipur,Ukhrul,Inter-state,Food Supplies,Heavy Truck,2026-06-03T13:00:00Z
T02527,N0014,Arunachal Pradesh,Longding,N0047,Meghalaya,Eastern West Khasi Hills,Inter-state,Food Supplies,Heavy Truck,2026-11-08T07:00:00Z
T02528,N0112,Tripura,Unakoti,N0005,Arunachal Pradesh,Upper Subansiri,Inter-state,Construction Material,Truck,2026-05-28T18:45:00Z
T02529,N0057,Meghalaya,South West Khasi Hills,N0069,Mizoram,Mamit,Inter-state,Agricultural Produce,Medium Goods Vehicle,2026-05-14T02:45:00Z
T02530,N0109,Tripura,South Tripura,N0007,Arunachal Pradesh,West Kameng,Inter-state,Food Supplies,Medium Goods Vehicle,2026-04-20T12:15:00Z
T02531,N0031,Manipur,Noney,N0004,Arunachal Pradesh,Upper Subansiri,Inter-state,Food Supplies,Medium Goods Vehicle,2026-04-22T13:15:00Z
T02532,N0112,Tripura,Unakoti,N0114,Tripura,Sepahijala,Within-state,Agricultural Produce,Medium Goods Vehicle,2026-12-22T01:15:00Z
T02533,N0070,Mizoram,Hnahthial,N0019,Assam,Dhemaji,Inter-state,Essential Goods,Medium Goods Vehicle,2026-02-01T07:00:00Z
T02534,N0075,Mizoram,Serchhip,N0099,Sikkim,Mangan,Inter-state,Construction Material,Medium Goods Vehicle,2026-01-04T10:15:00Z
T02535,N0016,Assam,Darrang,N0033,Manipur,Jiribam,Inter-state,Agricultural Produce,Medium Goods Vehicle,2026-05-04T05:30:00Z
T02536,N0084,Nagaland,Chumoukedima,N0076,Nagaland,Kohima,Within-state,Essential Goods,Truck,2026-02-01T03:30:00Z
T02537,N0074,Mizoram,Lunglei,N0035,Manipur,Ukhrul,Inter-state,Agricultural Produce,Truck,2026-03-21T10:45:00Z
T02538,N0009,Arunachal Pradesh,Namsai,N0060,Meghalaya,East Garo Hills,Inter-state,Agricultural Produce,Heavy Truck,2026-10-02T07:30:00Z
T02539,N0058,Meghalaya,East Khasi Hills,N0001,Arunachal Pradesh,Tawang,Inter-state,Construction Material,Medium Goods Vehicle,2026-01-17T08:45:00Z
T02540,N0020,Assam,Dhubri,N0065,Mizoram,Saitual,Inter-state,Medicine,Truck,2026-03-20T17:30:00Z
T02541,N0087,Nagaland,Kohima,N0055,Meghalaya,West Jaintia Hills,Inter-state,Agricultural Produce,Medium Goods Vehicle,2026-10-05T01:45:00Z
T02542,N0113,Tripura,Unakoti,N0091,Sikkim,Gangtok,Inter-state,Construction Material,Truck,2026-05-11T23:30:00Z
T02543,N0106,Tripura,West Tripura,N0055,Meghalaya,West Jaintia Hills,Inter-state,Food Supplies,Truck,2026-08-16T06:00:00Z
T02544,N0112,Tripura,Unakoti,N0028,Assam,Lakhimpur,Inter-state,Construction Material,Truck,2026-12-05T22:00:00Z
T02545,N0058,Meghalaya,East Khasi Hills,N0087,Nagaland,Kohima,Inter-state,Medicine,Medium Goods Vehicle,2026-03-09T05:45:00Z
T02546,N0119,Tripura,West Tripura,N0105,Sikkim,Mangan,Inter-state,Construction Material,Truck,2026-05-02T04:45:00Z
T02547,N0009,Arunachal Pradesh,Namsai,N0039,Manipur,Thoubal,Inter-state,Agricultural Produce,Truck,2026-11-15T08:30:00Z
T02548,N0027,Assam,Tinsukia,N0010,Arunachal Pradesh,East Kameng,Inter-state,Agricultural Produce,Heavy Truck,2026-10-28T17:00:00Z
T02549,N0006,Arunachal Pradesh,East Kameng,N0093,Sikkim,Gangtok,Inter-state,Food Supplies,Medium Goods Vehicle,2026-04-03T06:00:00Z
T02550,N0044,Manipur,Ukhrul,N0057,Meghalaya,South West Khasi Hills,Inter-state,Medicine,Heavy Truck,2026-03-06T15:30:00Z
T02551,N0119,Tripura,West Tripura,N0068,Mizoram,Aizawl,Inter-state,Construction Material,Medium Goods Vehicle,2026-05-04T23:00:00Z
T02552,N0107,Tripura,West Tripura,N0017,Assam,Dhubri,Inter-state,Agricultural Produce,Medium Goods Vehicle,2026-06-12T23:45:00Z
T02553,N0066,Mizoram,Aizawl,N0023,Assam,Kamrup Metropolitan,Inter-state,Agricultural Produce,Medium Goods Vehicle,2026-01-10T13:30:00Z
T02554,N0057,Meghalaya,South West Khasi Hills,N0010,Arunachal Pradesh,East Kameng,Inter-state,Construction Material,Truck,2026-10-11T00:00:00Z
T02555,N0088,Nagaland,Longleng,N0014,Arunachal Pradesh,Longding,Inter-state,Medicine,Heavy Truck,2026-06-15T15:15:00Z
T02556,N0091,Sikkim,Gangtok,N0085,Nagaland,Phek,Inter-state,Agricultural Produce,Heavy Truck,2026-01-27T22:45:00Z
T02557,N0034,Manipur,Ukhrul,N0091,Sikkim,Gangtok,Inter-state,Essential Goods,Medium Goods Vehicle,2026-05-03T22:30:00Z
T02558,N0073,Mizoram,Champhai,N0023,Assam,Kamrup Metropolitan,Inter-state,Medicine,Medium Goods Vehicle,2026-06-10T12:00:00Z
T02559,N0101,Sikkim,Namchi,N0087,Nagaland,Kohima,Inter-state,Essential Goods,Heavy Truck,2026-06-25T18:30:00Z
T02560,N0075,Mizoram,Serchhip,N0041,Manipur,Imphal East,Inter-state,Essential Goods,Heavy Truck,2026-11-19T16:30:00Z
T02561,N0118,Tripura,Dhalai,N0101,Sikkim,Namchi,Inter-state,Food Supplies,Medium Goods Vehicle,2026-12-06T13:45:00Z
T02562,N0119,Tripura,West Tripura,N0115,Tripura,West Tripura,Within-state,Essential Goods,Medium Goods Vehicle,2026-01-26T10:15:00Z
T02563,N0022,Assam,Barpeta,N0100,Sikkim,Gyalshing,Inter-state,Medicine,Medium Goods Vehicle,2026-01-02T21:00:00Z
T02564,N0013,Arunachal Pradesh,Upper Subansiri,N0010,Arunachal Pradesh,East Kameng,Within-state,Agricultural Produce,Heavy Truck,2026-06-23T01:30:00Z
T02565,N0013,Arunachal Pradesh,Upper Subansiri,N0070,Mizoram,Hnahthial,Inter-state,Essential Goods,Medium Goods Vehicle,2026-08-24T01:15:00Z
T02566,N0055,Meghalaya,West Jaintia Hills,N0112,Tripura,Unakoti,Inter-state,Agricultural Produce,Truck,2026-09-27T09:00:00Z
T02567,N0073,Mizoram,Champhai,N0003,Arunachal Pradesh,Tawang,Inter-state,Medicine,Medium Goods Vehicle,2026-12-14T02:00:00Z
T02568,N0004,Arunachal Pradesh,Upper Subansiri,N0069,Mizoram,Mamit,Inter-state,Construction Material,Medium Goods Vehicle,2026-03-22T07:45:00Z
T02569,N0031,Manipur,Noney,N0078,Nagaland,Niuland,Inter-state,Medicine,Heavy Truck,2026-01-12T11:15:00Z
T02570,N0011,Arunachal Pradesh,Namsai,N0018,Assam,Darrang,Inter-state,Essential Goods,Truck,2026-01-23T11:45:00Z
T02571,N0113,Tripura,Unakoti,N0054,Meghalaya,Ri-Bhoi,Inter-state,Construction Material,Heavy Truck,2026-09-14T22:15:00Z
T02572,N0045,Manipur,Senapati,N0029,Assam,Barpeta,Inter-state,Food Supplies,Truck,2026-10-03T00:00:00Z
T02573,N0059,Meghalaya,West Khasi Hills,N0023,Assam,Kamrup Metropolitan,Inter-state,Agricultural Produce,Truck,2026-02-03T16:30:00Z
T02574,N0021,Assam,Golaghat,N0072,Mizoram,Mamit,Inter-state,Construction Material,Medium Goods Vehicle,2026-06-03T05:45:00Z
T02575,N0041,Manipur,Imphal East,N0119,Tripura,West Tripura,Inter-state,Essential Goods,Heavy Truck,2026-08-17T18:45:00Z
T02576,N0042,Manipur,Jiribam,N0083,Nagaland,Dimapur,Inter-state,Food Supplies,Truck,2026-02-05T15:00:00Z
T02577,N0037,Manipur,Tamenglong,N0107,Tripura,West Tripura,Inter-state,Agricultural Produce,Heavy Truck,2026-11-21T10:15:00Z
T02578,N0034,Manipur,Ukhrul,N0076,Nagaland,Kohima,Inter-state,Construction Material,Heavy Truck,2026-03-05T12:45:00Z
T02579,N0013,Arunachal Pradesh,Upper Subansiri,N0007,Arunachal Pradesh,West Kameng,Within-state,Medicine,Heavy Truck,2026-02-05T19:15:00Z
T02580,N0015,Arunachal Pradesh,Tirap,N0049,Meghalaya,North Garo Hills,Inter-state,Agricultural Produce,Truck,2026-04-19T18:30:00Z
T02581,N0095,Sikkim,Gyalshing,N0116,Tripura,Sepahijala,Inter-state,Food Supplies,Medium Goods Vehicle,2026-03-10T21:15:00Z
T02582,N0033,Manipur,Jiribam,N0003,Arunachal Pradesh,Tawang,Inter-state,Agricultural Produce,Medium Goods Vehicle,2026-03-18T06:00:00Z
T02583,N0004,Arunachal Pradesh,Upper Subansiri,N0085,Nagaland,Phek,Inter-state,Agricultural Produce,Heavy Truck,2026-07-09T08:15:00Z
T02584,N0021,Assam,Golaghat,N0024,Assam,Nagaon,Within-state,Food Supplies,Heavy Truck,2026-06-03T16:00:00Z
T02585,N0102,Sikkim,Gyalshing,N0061,Mizoram,Saitual,Inter-state,Agricultural Produce,Medium Goods Vehicle,2026-02-04T20:45:00Z
T02586,N0098,Sikkim,Namchi,N0080,Nagaland,Longleng,Inter-state,Medicine,Heavy Truck,2026-01-15T08:30:00Z
T02587,N0005,Arunachal Pradesh,Upper Subansiri,N0045,Manipur,Senapati,Inter-state,Agricultural Produce,Truck,2026-09-09T01:45:00Z
T02588,N0040,Manipur,Noney,N0088,Nagaland,Longleng,Inter-state,Food Supplies,Medium Goods Vehicle,2026-09-21T12:30:00Z
T02589,N0024,Assam,Nagaon,N0028,Assam,Lakhimpur,Within-state,Food Supplies,Truck,2026-07-03T04:30:00Z
T02590,N0070,Mizoram,Hnahthial,N0009,Arunachal Pradesh,Namsai,Inter-state,Construction Material,Truck,2026-05-09T19:45:00Z
T02591,N0035,Manipur,Ukhrul,N0055,Meghalaya,West Jaintia Hills,Inter-state,Medicine,Medium Goods Vehicle,2026-11-02T03:45:00Z
T02592,N0107,Tripura,West Tripura,N0076,Nagaland,Kohima,Inter-state,Food Supplies,Heavy Truck,2026-06-24T20:00:00Z
T02593,N0084,Nagaland,Chumoukedima,N0036,Manipur,Ukhrul,Inter-state,Food Supplies,Medium Goods Vehicle,2026-03-16T16:00:00Z
T02594,N0098,Sikkim,Namchi,N0035,Manipur,Ukhrul,Inter-state,Construction Material,Truck,2026-12-28T19:45:00Z
T02595,N0079,Nagaland,Peren,N0094,Sikkim,Gangtok,Inter-state,Food Supplies,Heavy Truck,2026-09-01T10:45:00Z
T02596,N0059,Meghalaya,West Khasi Hills,N0051,Meghalaya,East Garo Hills,Within-state,Essential Goods,Truck,2026-09-19T13:45:00Z
T02597,N0032,Manipur,Ukhrul,N0027,Assam,Tinsukia,Inter-state,Food Supplies,Heavy Truck,2026-05-23T16:00:00Z
T02598,N0079,Nagaland,Peren,N0048,Meghalaya,West Garo Hills,Inter-state,Food Supplies,Truck,2026-09-07T03:45:00Z
T02599,N0039,Manipur,Thoubal,N0042,Manipur,Jiribam,Within-state,Agricultural Produce,Medium Goods Vehicle,2026-08-08T15:45:00Z
T02600,N0089,Nagaland,Longleng,N0080,Nagaland,Longleng,Within-state,Agricultural Produce,Truck,2026-03-21T22:45:00Z
T02601,N0037,Manipur,Tamenglong,N0050,Meghalaya,East Khasi Hills,Inter-state,Medicine,Heavy Truck,2026-09-02T21:00:00Z
T02602,N0023,Assam,Kamrup Metropolitan,N0081,Nagaland,Chumoukedima,Inter-state,Construction Material,Heavy Truck,2026-12-25T07:15:00Z
T02603,N0082,Nagaland,Mon,N0002,Arunachal Pradesh,Lower Subansiri,Inter-state,Medicine,Heavy Truck,2026-10-28T23:45:00Z
T02604,N0090,Nagaland,Chumoukedima,N0048,Meghalaya,West Garo Hills,Inter-state,Essential Goods,Medium Goods Vehicle,2026-12-02T13:15:00Z
T02605,N0053,Meghalaya,South West Khasi Hills,N0049,Meghalaya,North Garo Hills,Within-state,Agricultural Produce,Medium Goods Vehicle,2026-07-10T17:15:00Z
T02606,N0058,Meghalaya,East Khasi Hills,N0010,Arunachal Pradesh,East Kameng,Inter-state,Agricultural Produce,Medium Goods Vehicle,2026-07-22T06:45:00Z
T02607,N0007,Arunachal Pradesh,West Kameng,N0105,Sikkim,Mangan,Inter-state,Agricultural Produce,Heavy Truck,2026-11-04T00:30:00Z
T02608,N0090,Nagaland,Chumoukedima,N0009,Arunachal Pradesh,Namsai,Inter-state,Construction Material,Heavy Truck,2026-07-18T19:15:00Z
T02609,N0007,Arunachal Pradesh,West Kameng,N0054,Meghalaya,Ri-Bhoi,Inter-state,Food Supplies,Heavy Truck,2026-02-12T19:15:00Z
T02610,N0054,Meghalaya,Ri-Bhoi,N0097,Sikkim,Mangan,Inter-state,Medicine,Truck,2026-02-28T20:30:00Z
T02611,N0033,Manipur,Jiribam,N0111,Tripura,Dhalai,Inter-state,Food Supplies,Truck,2026-12-06T04:15:00Z
T02612,N0090,Nagaland,Chumoukedima,N0034,Manipur,Ukhrul,Inter-state,Construction Material,Medium Goods Vehicle,2026-04-13T16:15:00Z
T02613,N0028,Assam,Lakhimpur,N0062,Mizoram,Hnahthial,Inter-state,Essential Goods,Heavy Truck,2026-11-01T09:30:00Z
T02614,N0012,Arunachal Pradesh,West Siang,N0021,Assam,Golaghat,Inter-state,Food Supplies,Medium Goods Vehicle,2026-01-12T06:00:00Z
T02615,N0042,Manipur,Jiribam,N0015,Arunachal Pradesh,Tirap,Inter-state,Medicine,Heavy Truck,2026-11-01T00:45:00Z
T02616,N0068,Mizoram,Aizawl,N0106,Tripura,West Tripura,Inter-state,Essential Goods,Heavy Truck,2026-10-23T00:15:00Z
T02617,N0011,Arunachal Pradesh,Namsai,N0034,Manipur,Ukhrul,Inter-state,Essential Goods,Medium Goods Vehicle,2026-01-16T23:30:00Z
T02618,N0073,Mizoram,Champhai,N0021,Assam,Golaghat,Inter-state,Medicine,Medium Goods Vehicle,2026-02-18T02:45:00Z
T02619,N0074,Mizoram,Lunglei,N0053,Meghalaya,South West Khasi Hills,Inter-state,Essential Goods,Truck,2026-07-10T16:00:00Z
T02620,N0107,Tripura,West Tripura,N0026,Assam,Kamrup,Inter-state,Medicine,Truck,2026-01-09T21:45:00Z
T02621,N0021,Assam,Golaghat,N0007,Arunachal Pradesh,West Kameng,Inter-state,Medicine,Heavy Truck,2026-11-14T04:45:00Z
T02622,N0034,Manipur,Ukhrul,N0041,Manipur,Imphal East,Within-state,Medicine,Medium Goods Vehicle,2026-08-20T23:30:00Z
T02623,N0094,Sikkim,Gangtok,N0062,Mizoram,Hnahthial,Inter-state,Food Supplies,Heavy Truck,2026-12-27T11:45:00Z
T02624,N0054,Meghalaya,Ri-Bhoi,N0084,Nagaland,Chumoukedima,Inter-state,Essential Goods,Heavy Truck,2026-07-13T18:30:00Z
T02625,N0106,Tripura,West Tripura,N0029,Assam,Barpeta,Inter-state,Agricultural Produce,Truck,2026-06-12T03:30:00Z
T02626,N0040,Manipur,Noney,N0071,Mizoram,Champhai,Inter-state,Agricultural Produce,Medium Goods Vehicle,2026-12-21T09:00:00Z
T02627,N0118,Tripura,Dhalai,N0019,Assam,Dhemaji,Inter-state,Food Supplies,Medium Goods Vehicle,2026-12-07T06:30:00Z
T02628,N0068,Mizoram,Aizawl,N0105,Sikkim,Mangan,Inter-state,Medicine,Truck,2026-01-24T03:30:00Z
T02629,N0088,Nagaland,Longleng,N0081,Nagaland,Chumoukedima,Within-state,Medicine,Medium Goods Vehicle,2026-08-12T23:30:00Z
T02630,N0002,Arunachal Pradesh,Lower Subansiri,N0005,Arunachal Pradesh,Upper Subansiri,Within-state,Construction Material,Truck,2026-10-17T20:15:00Z
T02631,N0054,Meghalaya,Ri-Bhoi,N0001,Arunachal Pradesh,Tawang,Inter-state,Construction Material,Heavy Truck,2026-08-01T06:15:00Z
T02632,N0110,Tripura,Dhalai,N0054,Meghalaya,Ri-Bhoi,Inter-state,Agricultural Produce,Medium Goods Vehicle,2026-01-16T22:30:00Z
T02633,N0023,Assam,Kamrup Metropolitan,N0081,Nagaland,Chumoukedima,Inter-state,Essential Goods,Truck,2026-12-15T19:15:00Z
T02634,N0114,Tripura,Sepahijala,N0028,Assam,Lakhimpur,Inter-state,Agricultural Produce,Medium Goods Vehicle,2026-03-20T20:30:00Z
T02635,N0013,Arunachal Pradesh,Upper Subansiri,N0060,Meghalaya,East Garo Hills,Inter-state,Food Supplies,Truck,2026-12-26T07:30:00Z
T02636,N0021,Assam,Golaghat,N0096,Sikkim,Pakyong,Inter-state,Agricultural Produce,Heavy Truck,2026-12-24T14:30:00Z
T02637,N0039,Manipur,Thoubal,N0111,Tripura,Dhalai,Inter-state,Agricultural Produce,Medium Goods Vehicle,2026-03-21T08:15:00Z
T02638,N0105,Sikkim,Mangan,N0087,Nagaland,Kohima,Inter-state,Construction Material,Medium Goods Vehicle,2026-12-25T10:15:00Z
T02639,N0119,Tripura,West Tripura,N0113,Tripura,Unakoti,Within-state,Construction Material,Heavy Truck,2026-03-26T10:30:00Z
T02640,N0083,Nagaland,Dimapur,N0038,Manipur,Ukhrul,Inter-state,Construction Material,Medium Goods Vehicle,2026-03-26T03:45:00Z
T02641,N0101,Sikkim,Namchi,N0021,Assam,Golaghat,Inter-state,Medicine,Heavy Truck,2026-09-01T04:00:00Z
T02642,N0051,Meghalaya,East Garo Hills,N0013,Arunachal Pradesh,Upper Subansiri,Inter-state,Essential Goods,Truck,2026-10-24T02:00:00Z
T02643,N0053,Meghalaya,South West Khasi Hills,N0097,Sikkim,Mangan,Inter-state,Essential Goods,Heavy Truck,2026-01-07T02:45:00Z
T02644,N0036,Manipur,Ukhrul,N0045,Manipur,Senapati,Within-state,Essential Goods,Truck,2026-05-04T02:45:00Z
T02645,N0107,Tripura,West Tripura,N0034,Manipur,Ukhrul,Inter-state,Essential Goods,Truck,2026-09-12T23:45:00Z
T02646,N0119,Tripura,West Tripura,N0029,Assam,Barpeta,Inter-state,Food Supplies,Medium Goods Vehicle,2026-06-11T13:30:00Z
T02647,N0081,Nagaland,Chumoukedima,N0091,Sikkim,Gangtok,Inter-state,Medicine,Truck,2026-10-04T08:15:00Z
T02648,N0098,Sikkim,Namchi,N0108,Tripura,Unakoti,Inter-state,Agricultural Produce,Truck,2026-01-06T09:45:00Z
T02649,N0069,Mizoram,Mamit,N0088,Nagaland,Longleng,Inter-state,Medicine,Medium Goods Vehicle,2026-02-05T06:30:00Z
T02650,N0061,Mizoram,Saitual,N0006,Arunachal Pradesh,East Kameng,Inter-state,Medicine,Heavy Truck,2026-06-14T12:00:00Z
T02651,N0002,Arunachal Pradesh,Lower Subansiri,N0079,Nagaland,Peren,Inter-state,Medicine,Truck,2026-05-04T14:45:00Z
T02652,N0012,Arunachal Pradesh,West Siang,N0061,Mizoram,Saitual,Inter-state,Agricultural Produce,Heavy Truck,2026-02-17T03:00:00Z
T02653,N0104,Sikkim,Mangan,N0020,Assam,Dhubri,Inter-state,Construction Material,Heavy Truck,2026-05-22T04:45:00Z
T02654,N0036,Manipur,Ukhrul,N0055,Meghalaya,West Jaintia Hills,Inter-state,Construction Material,Truck,2026-01-17T21:15:00Z
T02655,N0080,Nagaland,Longleng,N0097,Sikkim,Mangan,Inter-state,Medicine,Medium Goods Vehicle,2026-05-13T08:15:00Z
T02656,N0008,Arunachal Pradesh,Tawang,N0025,Assam,Tinsukia,Inter-state,Food Supplies,Heavy Truck,2026-07-21T14:15:00Z
T02657,N0102,Sikkim,Gyalshing,N0010,Arunachal Pradesh,East Kameng,Inter-state,Medicine,Medium Goods Vehicle,2026-12-08T12:45:00Z
T02658,N0094,Sikkim,Gangtok,N0048,Meghalaya,West Garo Hills,Inter-state,Medicine,Medium Goods Vehicle,2026-03-10T17:00:00Z
T02659,N0106,Tripura,West Tripura,N0022,Assam,Barpeta,Inter-state,Construction Material,Heavy Truck,2026-07-06T20:30:00Z
T02660,N0068,Mizoram,Aizawl,N0093,Sikkim,Gangtok,Inter-state,Medicine,Heavy Truck,2026-04-28T06:00:00Z
T02661,N0097,Sikkim,Mangan,N0009,Arunachal Pradesh,Namsai,Inter-state,Essential Goods,Truck,2026-09-21T22:45:00Z
T02662,N0057,Meghalaya,South West Khasi Hills,N0120,Tripura,Sepahijala,Inter-state,Food Supplies,Truck,2026-12-14T00:45:00Z
T02663,N0016,Assam,Darrang,N0038,Manipur,Ukhrul,Inter-state,Food Supplies,Medium Goods Vehicle,2026-02-16T12:45:00Z
T02664,N0033,Manipur,Jiribam,N0016,Assam,Darrang,Inter-state,Construction Material,Medium Goods Vehicle,2026-02-14T13:45:00Z
T02665,N0085,Nagaland,Phek,N0005,Arunachal Pradesh,Upper Subansiri,Inter-state,Medicine,Medium Goods Vehicle,2026-02-08T09:15:00Z
T02666,N0047,Meghalaya,Eastern West Khasi Hills,N0069,Mizoram,Mamit,Inter-state,Essential Goods,Medium Goods Vehicle,2026-05-22T01:15:00Z
T02667,N0075,Mizoram,Serchhip,N0112,Tripura,Unakoti,Inter-state,Medicine,Truck,2026-06-27T15:30:00Z
T02668,N0016,Assam,Darrang,N0110,Tripura,Dhalai,Inter-state,Construction Material,Truck,2026-06-22T05:15:00Z
T02669,N0094,Sikkim,Gangtok,N0108,Tripura,Unakoti,Inter-state,Agricultural Produce,Medium Goods Vehicle,2026-02-17T09:00:00Z
T02670,N0021,Assam,Golaghat,N0105,Sikkim,Mangan,Inter-state,Food Supplies,Heavy Truck,2026-05-01T04:15:00Z
T02671,N0078,Nagaland,Niuland,N0031,Manipur,Noney,Inter-state,Medicine,Medium Goods Vehicle,2026-06-10T01:45:00Z
T02672,N0018,Assam,Darrang,N0021,Assam,Golaghat,Within-state,Medicine,Heavy Truck,2026-07-18T02:45:00Z
T02673,N0104,Sikkim,Mangan,N0004,Arunachal Pradesh,Upper Subansiri,Inter-state,Medicine,Truck,2026-08-28T02:00:00Z
T02674,N0114,Tripura,Sepahijala,N0048,Meghalaya,West Garo Hills,Inter-state,Medicine,Heavy Truck,2026-01-20T22:45:00Z
T02675,N0004,Arunachal Pradesh,Upper Subansiri,N0102,Sikkim,Gyalshing,Inter-state,Construction Material,Heavy Truck,2026-10-03T19:45:00Z
T02676,N0069,Mizoram,Mamit,N0087,Nagaland,Kohima,Inter-state,Food Supplies,Heavy Truck,2026-01-06T03:00:00Z
T02677,N0055,Meghalaya,West Jaintia Hills,N0044,Manipur,Ukhrul,Inter-state,Agricultural Produce,Truck,2026-03-22T07:30:00Z
T02678,N0073,Mizoram,Champhai,N0054,Meghalaya,Ri-Bhoi,Inter-state,Medicine,Heavy Truck,2026-01-08T09:30:00Z
T02679,N0082,Nagaland,Mon,N0093,Sikkim,Gangtok,Inter-state,Agricultural Produce,Medium Goods Vehicle,2026-12-03T03:30:00Z
T02680,N0113,Tripura,Unakoti,N0050,Meghalaya,East Khasi Hills,Inter-state,Construction Material,Truck,2026-01-23T14:30:00Z
T02681,N0052,Meghalaya,East Garo Hills,N0071,Mizoram,Champhai,Inter-state,Construction Material,Medium Goods Vehicle,2026-08-01T18:45:00Z
T02682,N0011,Arunachal Pradesh,Namsai,N0047,Meghalaya,Eastern West Khasi Hills,Inter-state,Agricultural Produce,Truck,2026-09-24T21:30:00Z
T02683,N0040,Manipur,Noney,N0116,Tripura,Sepahijala,Inter-state,Medicine,Heavy Truck,2026-10-19T11:15:00Z
T02684,N0090,Nagaland,Chumoukedima,N0030,Assam,Dibrugarh,Inter-state,Medicine,Heavy Truck,2026-07-10T17:15:00Z
T02685,N0067,Mizoram,Hnahthial,N0110,Tripura,Dhalai,Inter-state,Medicine,Medium Goods Vehicle,2026-11-23T01:15:00Z
T02686,N0074,Mizoram,Lunglei,N0061,Mizoram,Saitual,Within-state,Agricultural Produce,Medium Goods Vehicle,2026-06-23T04:00:00Z
T02687,N0004,Arunachal Pradesh,Upper Subansiri,N0098,Sikkim,Namchi,Inter-state,Medicine,Heavy Truck,2026-09-05T05:00:00Z
T02688,N0073,Mizoram,Champhai,N0005,Arunachal Pradesh,Upper Subansiri,Inter-state,Construction Material,Medium Goods Vehicle,2026-10-07T08:45:00Z
T02689,N0009,Arunachal Pradesh,Namsai,N0031,Manipur,Noney,Inter-state,Food Supplies,Medium Goods Vehicle,2026-03-02T10:00:00Z
T02690,N0027,Assam,Tinsukia,N0033,Manipur,Jiribam,Inter-state,Food Supplies,Truck,2026-07-20T01:00:00Z
T02691,N0085,Nagaland,Phek,N0115,Tripura,West Tripura,Inter-state,Construction Material,Medium Goods Vehicle,2026-11-14T18:00:00Z
T02692,N0071,Mizoram,Champhai,N0056,Meghalaya,East Garo Hills,Inter-state,Medicine,Heavy Truck,2026-08-10T09:00:00Z
T02693,N0010,Arunachal Pradesh,East Kameng,N0090,Nagaland,Chumoukedima,Inter-state,Agricultural Produce,Truck,2026-08-25T21:00:00Z
T02694,N0004,Arunachal Pradesh,Upper Subansiri,N0039,Manipur,Thoubal,Inter-state,Agricultural Produce,Heavy Truck,2026-03-28T01:45:00Z
T02695,N0006,Arunachal Pradesh,East Kameng,N0032,Manipur,Ukhrul,Inter-state,Construction Material,Heavy Truck,2026-06-08T11:00:00Z
T02696,N0059,Meghalaya,West Khasi Hills,N0039,Manipur,Thoubal,Inter-state,Construction Material,Medium Goods Vehicle,2026-04-15T19:15:00Z
T02697,N0012,Arunachal Pradesh,West Siang,N0113,Tripura,Unakoti,Inter-state,Construction Material,Medium Goods Vehicle,2026-04-19T00:00:00Z
T02698,N0014,Arunachal Pradesh,Longding,N0016,Assam,Darrang,Inter-state,Agricultural Produce,Medium Goods Vehicle,2026-05-15T12:00:00Z
T02699,N0120,Tripura,Sepahijala,N0081,Nagaland,Chumoukedima,Inter-state,Medicine,Medium Goods Vehicle,2026-10-03T12:15:00Z
T02700,N0031,Manipur,Noney,N0043,Manipur,Noney,Within-state,Food Supplies,Medium Goods Vehicle,2026-04-21T09:45:00Z
T02701,N0078,Nagaland,Niuland,N0065,Mizoram,Saitual,Inter-state,Construction Material,Truck,2026-08-20T15:15:00Z
T02702,N0037,Manipur,Tamenglong,N0084,Nagaland,Chumoukedima,Inter-state,Agricultural Produce,Heavy Truck,2026-08-26T13:00:00Z
T02703,N0073,Mizoram,Champhai,N0009,Arunachal Pradesh,Namsai,Inter-state,Essential Goods,Medium Goods Vehicle,2026-08-18T03:45:00Z
T02704,N0038,Manipur,Ukhrul,N0064,Mizoram,Hnahthial,Inter-state,Agricultural Produce,Heavy Truck,2026-11-24T20:00:00Z
T02705,N0049,Meghalaya,North Garo Hills,N0020,Assam,Dhubri,Inter-state,Construction Material,Heavy Truck,2026-08-03T07:45:00Z
T02706,N0106,Tripura,West Tripura,N0094,Sikkim,Gangtok,Inter-state,Food Supplies,Medium Goods Vehicle,2026-05-27T05:15:00Z
T02707,N0082,Nagaland,Mon,N0039,Manipur,Thoubal,Inter-state,Essential Goods,Heavy Truck,2026-01-22T13:15:00Z
T02708,N0008,Arunachal Pradesh,Tawang,N0027,Assam,Tinsukia,Inter-state,Medicine,Truck,2026-10-25T10:30:00Z
T02709,N0056,Meghalaya,East Garo Hills,N0060,Meghalaya,East Garo Hills,Within-state,Medicine,Truck,2026-04-28T02:15:00Z
T02710,N0069,Mizoram,Mamit,N0089,Nagaland,Longleng,Inter-state,Construction Material,Heavy Truck,2026-08-19T16:30:00Z
T02711,N0120,Tripura,Sepahijala,N0114,Tripura,Sepahijala,Within-state,Construction Material,Truck,2026-02-02T14:45:00Z
T02712,N0106,Tripura,West Tripura,N0088,Nagaland,Longleng,Inter-state,Agricultural Produce,Heavy Truck,2026-09-02T08:45:00Z
T02713,N0120,Tripura,Sepahijala,N0103,Sikkim,Namchi,Inter-state,Food Supplies,Medium Goods Vehicle,2026-01-03T16:30:00Z
T02714,N0085,Nagaland,Phek,N0055,Meghalaya,West Jaintia Hills,Inter-state,Construction Material,Medium Goods Vehicle,2026-06-15T04:00:00Z
T02715,N0086,Nagaland,Wokha,N0096,Sikkim,Pakyong,Inter-state,Construction Material,Medium Goods Vehicle,2026-10-09T03:30:00Z
T02716,N0068,Mizoram,Aizawl,N0039,Manipur,Thoubal,Inter-state,Food Supplies,Heavy Truck,2026-10-16T19:00:00Z
T02717,N0117,Tripura,Dhalai,N0071,Mizoram,Champhai,Inter-state,Essential Goods,Truck,2026-03-09T15:15:00Z
T02718,N0077,Nagaland,Zunheboto,N0116,Tripura,Sepahijala,Inter-state,Essential Goods,Medium Goods Vehicle,2026-09-24T03:30:00Z
T02719,N0097,Sikkim,Mangan,N0055,Meghalaya,West Jaintia Hills,Inter-state,Agricultural Produce,Truck,2026-03-20T11:45:00Z
T02720,N0042,Manipur,Jiribam,N0043,Manipur,Noney,Within-state,Construction Material,Heavy Truck,2026-01-28T21:30:00Z
T02721,N0059,Meghalaya,West Khasi Hills,N0082,Nagaland,Mon,Inter-state,Construction Material,Truck,2026-10-22T02:00:00Z
T02722,N0082,Nagaland,Mon,N0018,Assam,Darrang,Inter-state,Construction Material,Truck,2026-06-14T19:30:00Z
T02723,N0092,Sikkim,Namchi,N0081,Nagaland,Chumoukedima,Inter-state,Construction Material,Truck,2026-01-17T15:30:00Z
T02724,N0085,Nagaland,Phek,N0071,Mizoram,Champhai,Inter-state,Essential Goods,Heavy Truck,2026-08-06T14:30:00Z
T02725,N0059,Meghalaya,West Khasi Hills,N0044,Manipur,Ukhrul,Inter-state,Food Supplies,Truck,2026-07-14T09:30:00Z
T02726,N0024,Assam,Nagaon,N0021,Assam,Golaghat,Within-state,Medicine,Truck,2026-03-17T02:00:00Z
T02727,N0008,Arunachal Pradesh,Tawang,N0059,Meghalaya,West Khasi Hills,Inter-state,Essential Goods,Heavy Truck,2026-12-20T09:30:00Z
T02728,N0085,Nagaland,Phek,N0024,Assam,Nagaon,Inter-state,Agricultural Produce,Medium Goods Vehicle,2026-04-09T04:00:00Z
T02729,N0101,Sikkim,Namchi,N0091,Sikkim,Gangtok,Within-state,Medicine,Medium Goods Vehicle,2026-11-25T04:00:00Z
T02730,N0074,Mizoram,Lunglei,N0067,Mizoram,Hnahthial,Within-state,Essential Goods,Truck,2026-10-10T03:00:00Z
T02731,N0018,Assam,Darrang,N0004,Arunachal Pradesh,Upper Subansiri,Inter-state,Essential Goods,Truck,2026-05-24T22:15:00Z
T02732,N0107,Tripura,West Tripura,N0064,Mizoram,Hnahthial,Inter-state,Construction Material,Medium Goods Vehicle,2026-03-21T21:15:00Z
T02733,N0046,Meghalaya,South Garo Hills,N0001,Arunachal Pradesh,Tawang,Inter-state,Food Supplies,Medium Goods Vehicle,2026-10-18T11:00:00Z
T02734,N0101,Sikkim,Namchi,N0003,Arunachal Pradesh,Tawang,Inter-state,Medicine,Medium Goods Vehicle,2026-07-06T08:15:00Z
T02735,N0052,Meghalaya,East Garo Hills,N0047,Meghalaya,Eastern West Khasi Hills,Within-state,Construction Material,Medium Goods Vehicle,2026-05-16T15:15:00Z
T02736,N0031,Manipur,Noney,N0110,Tripura,Dhalai,Inter-state,Agricultural Produce,Truck,2026-12-03T02:45:00Z
T02737,N0105,Sikkim,Mangan,N0097,Sikkim,Mangan,Within-state,Agricultural Produce,Medium Goods Vehicle,2026-04-23T08:45:00Z
T02738,N0103,Sikkim,Namchi,N0089,Nagaland,Longleng,Inter-state,Essential Goods,Medium Goods Vehicle,2026-09-17T21:45:00Z
T02739,N0033,Manipur,Jiribam,N0053,Meghalaya,South West Khasi Hills,Inter-state,Agricultural Produce,Medium Goods Vehicle,2026-04-13T23:15:00Z
T02740,N0011,Arunachal Pradesh,Namsai,N0028,Assam,Lakhimpur,Inter-state,Construction Material,Heavy Truck,2026-10-09T19:45:00Z
T02741,N0099,Sikkim,Mangan,N0100,Sikkim,Gyalshing,Within-state,Construction Material,Medium Goods Vehicle,2026-06-07T10:45:00Z
T02742,N0061,Mizoram,Saitual,N0113,Tripura,Unakoti,Inter-state,Construction Material,Truck,2026-02-08T13:45:00Z
T02743,N0096,Sikkim,Pakyong,N0031,Manipur,Noney,Inter-state,Essential Goods,Heavy Truck,2026-11-28T13:45:00Z
T02744,N0017,Assam,Dhubri,N0029,Assam,Barpeta,Within-state,Essential Goods,Heavy Truck,2026-09-10T16:15:00Z
T02745,N0089,Nagaland,Longleng,N0018,Assam,Darrang,Inter-state,Medicine,Truck,2026-04-07T16:45:00Z
T02746,N0009,Arunachal Pradesh,Namsai,N0003,Arunachal Pradesh,Tawang,Within-state,Construction Material,Truck,2026-03-10T23:45:00Z
T02747,N0090,Nagaland,Chumoukedima,N0031,Manipur,Noney,Inter-state,Medicine,Heavy Truck,2026-04-03T04:15:00Z
T02748,N0042,Manipur,Jiribam,N0091,Sikkim,Gangtok,Inter-state,Agricultural Produce,Truck,2026-04-08T02:15:00Z
T02749,N0096,Sikkim,Pakyong,N0100,Sikkim,Gyalshing,Within-state,Medicine,Medium Goods Vehicle,2026-10-16T08:00:00Z
T02750,N0020,Assam,Dhubri,N0099,Sikkim,Mangan,Inter-state,Medicine,Medium Goods Vehicle,2026-03-01T14:15:00Z
T02751,N0031,Manipur,Noney,N0071,Mizoram,Champhai,Inter-state,Essential Goods,Medium Goods Vehicle,2026-07-10T07:00:00Z
T02752,N0118,Tripura,Dhalai,N0067,Mizoram,Hnahthial,Inter-state,Agricultural Produce,Medium Goods Vehicle,2026-09-08T14:00:00Z
T02753,N0015,Arunachal Pradesh,Tirap,N0048,Meghalaya,West Garo Hills,Inter-state,Food Supplies,Truck,2026-05-25T19:45:00Z
T02754,N0040,Manipur,Noney,N0056,Meghalaya,East Garo Hills,Inter-state,Construction Material,Heavy Truck,2026-10-26T09:30:00Z
T02755,N0048,Meghalaya,West Garo Hills,N0100,Sikkim,Gyalshing,Inter-state,Agricultural Produce,Medium Goods Vehicle,2026-06-22T05:15:00Z
T02756,N0113,Tripura,Unakoti,N0085,Nagaland,Phek,Inter-state,Construction Material,Heavy Truck,2026-03-24T14:45:00Z
T02757,N0019,Assam,Dhemaji,N0084,Nagaland,Chumoukedima,Inter-state,Food Supplies,Heavy Truck,2026-01-22T08:30:00Z
T02758,N0061,Mizoram,Saitual,N0081,Nagaland,Chumoukedima,Inter-state,Construction Material,Heavy Truck,2026-09-19T13:45:00Z
T02759,N0074,Mizoram,Lunglei,N0077,Nagaland,Zunheboto,Inter-state,Construction Material,Truck,2026-04-14T04:30:00Z
T02760,N0038,Manipur,Ukhrul,N0005,Arunachal Pradesh,Upper Subansiri,Inter-state,Food Supplies,Medium Goods Vehicle,2026-02-04T03:30:00Z
T02761,N0038,Manipur,Ukhrul,N0098,Sikkim,Namchi,Inter-state,Construction Material,Medium Goods Vehicle,2026-12-20T12:30:00Z
T02762,N0089,Nagaland,Longleng,N0079,Nagaland,Peren,Within-state,Construction Material,Heavy Truck,2026-09-24T20:00:00Z
T02763,N0040,Manipur,Noney,N0113,Tripura,Unakoti,Inter-state,Construction Material,Truck,2026-04-16T10:00:00Z
T02764,N0086,Nagaland,Wokha,N0020,Assam,Dhubri,Inter-state,Medicine,Heavy Truck,2026-01-14T22:00:00Z
T02765,N0049,Meghalaya,North Garo Hills,N0101,Sikkim,Namchi,Inter-state,Construction Material,Medium Goods Vehicle,2026-01-04T13:45:00Z
T02766,N0118,Tripura,Dhalai,N0054,Meghalaya,Ri-Bhoi,Inter-state,Essential Goods,Medium Goods Vehicle,2026-04-26T15:00:00Z
T02767,N0005,Arunachal Pradesh,Upper Subansiri,N0093,Sikkim,Gangtok,Inter-state,Food Supplies,Medium Goods Vehicle,2026-10-26T19:15:00Z
T02768,N0117,Tripura,Dhalai,N0078,Nagaland,Niuland,Inter-state,Medicine,Heavy Truck,2026-07-25T06:15:00Z
T02769,N0103,Sikkim,Namchi,N0083,Nagaland,Dimapur,Inter-state,Medicine,Heavy Truck,2026-09-15T21:00:00Z
T02770,N0068,Mizoram,Aizawl,N0045,Manipur,Senapati,Inter-state,Medicine,Heavy Truck,2026-02-27T21:00:00Z
T02771,N0045,Manipur,Senapati,N0057,Meghalaya,South West Khasi Hills,Inter-state,Medicine,Heavy Truck,2026-11-02T18:30:00Z
T02772,N0038,Manipur,Ukhrul,N0115,Tripura,West Tripura,Inter-state,Food Supplies,Heavy Truck,2026-12-20T08:00:00Z
T02773,N0005,Arunachal Pradesh,Upper Subansiri,N0092,Sikkim,Namchi,Inter-state,Food Supplies,Truck,2026-02-08T07:15:00Z
T02774,N0072,Mizoram,Mamit,N0047,Meghalaya,Eastern West Khasi Hills,Inter-state,Food Supplies,Heavy Truck,2026-02-28T19:45:00Z
T02775,N0119,Tripura,West Tripura,N0094,Sikkim,Gangtok,Inter-state,Essential Goods,Truck,2026-03-14T09:30:00Z
T02776,N0008,Arunachal Pradesh,Tawang,N0094,Sikkim,Gangtok,Inter-state,Essential Goods,Medium Goods Vehicle,2026-01-15T14:30:00Z
T02777,N0046,Meghalaya,South Garo Hills,N0054,Meghalaya,Ri-Bhoi,Within-state,Agricultural Produce,Heavy Truck,2026-02-24T14:00:00Z
T02778,N0029,Assam,Barpeta,N0030,Assam,Dibrugarh,Within-state,Essential Goods,Heavy Truck,2026-05-09T21:45:00Z
T02779,N0051,Meghalaya,East Garo Hills,N0079,Nagaland,Peren,Inter-state,Essential Goods,Heavy Truck,2026-02-04T11:45:00Z
T02780,N0062,Mizoram,Hnahthial,N0042,Manipur,Jiribam,Inter-state,Essential Goods,Medium Goods Vehicle,2026-03-11T18:30:00Z
T02781,N0076,Nagaland,Kohima,N0079,Nagaland,Peren,Within-state,Food Supplies,Medium Goods Vehicle,2026-04-21T04:30:00Z
T02782,N0105,Sikkim,Mangan,N0040,Manipur,Noney,Inter-state,Construction Material,Truck,2026-03-27T16:00:00Z
T02783,N0115,Tripura,West Tripura,N0044,Manipur,Ukhrul,Inter-state,Essential Goods,Truck,2026-05-16T01:45:00Z
T02784,N0071,Mizoram,Champhai,N0108,Tripura,Unakoti,Inter-state,Agricultural Produce,Heavy Truck,2026-05-20T02:45:00Z
T02785,N0108,Tripura,Unakoti,N0079,Nagaland,Peren,Inter-state,Essential Goods,Truck,2026-11-11T10:30:00Z
T02786,N0055,Meghalaya,West Jaintia Hills,N0012,Arunachal Pradesh,West Siang,Inter-state,Construction Material,Truck,2026-07-14T22:45:00Z
T02787,N0071,Mizoram,Champhai,N0039,Manipur,Thoubal,Inter-state,Food Supplies,Heavy Truck,2026-02-05T10:15:00Z
T02788,N0040,Manipur,Noney,N0114,Tripura,Sepahijala,Inter-state,Essential Goods,Heavy Truck,2026-08-09T10:00:00Z
T02789,N0069,Mizoram,Mamit,N0015,Arunachal Pradesh,Tirap,Inter-state,Agricultural Produce,Truck,2026-09-21T17:30:00Z
T02790,N0086,Nagaland,Wokha,N0067,Mizoram,Hnahthial,Inter-state,Agricultural Produce,Heavy Truck,2026-11-24T00:30:00Z
T02791,N0094,Sikkim,Gangtok,N0058,Meghalaya,East Khasi Hills,Inter-state,Essential Goods,Medium Goods Vehicle,2026-09-25T12:15:00Z
T02792,N0104,Sikkim,Mangan,N0077,Nagaland,Zunheboto,Inter-state,Essential Goods,Medium Goods Vehicle,2026-06-16T00:30:00Z
T02793,N0113,Tripura,Unakoti,N0120,Tripura,Sepahijala,Within-state,Construction Material,Truck,2026-12-17T13:15:00Z
T02794,N0090,Nagaland,Chumoukedima,N0008,Arunachal Pradesh,Tawang,Inter-state,Construction Material,Medium Goods Vehicle,2026-02-19T01:45:00Z
T02795,N0038,Manipur,Ukhrul,N0099,Sikkim,Mangan,Inter-state,Essential Goods,Heavy Truck,2026-09-01T15:45:00Z
T02796,N0079,Nagaland,Peren,N0106,Tripura,West Tripura,Inter-state,Food Supplies,Medium Goods Vehicle,2026-05-07T22:30:00Z
T02797,N0069,Mizoram,Mamit,N0005,Arunachal Pradesh,Upper Subansiri,Inter-state,Food Supplies,Medium Goods Vehicle,2026-10-10T11:30:00Z
T02798,N0069,Mizoram,Mamit,N0008,Arunachal Pradesh,Tawang,Inter-state,Medicine,Medium Goods Vehicle,2026-08-02T14:00:00Z
T02799,N0078,Nagaland,Niuland,N0113,Tripura,Unakoti,Inter-state,Food Supplies,Heavy Truck,2026-11-08T09:30:00Z
T02800,N0104,Sikkim,Mangan,N0102,Sikkim,Gyalshing,Within-state,Essential Goods,Medium Goods Vehicle,2026-01-15T14:15:00Z
T02801,N0002,Arunachal Pradesh,Lower Subansiri,N0037,Manipur,Tamenglong,Inter-state,Medicine,Medium Goods Vehicle,2026-12-12T22:00:00Z
T02802,N0060,Meghalaya,East Garo Hills,N0081,Nagaland,Chumoukedima,Inter-state,Food Supplies,Truck,2026-03-28T11:00:00Z
T02803,N0039,Manipur,Thoubal,N0068,Mizoram,Aizawl,Inter-state,Construction Material,Heavy Truck,2026-03-27T11:45:00Z
T02804,N0104,Sikkim,Mangan,N0113,Tripura,Unakoti,Inter-state,Essential Goods,Heavy Truck,2026-09-05T07:30:00Z
T02805,N0056,Meghalaya,East Garo Hills,N0086,Nagaland,Wokha,Inter-state,Food Supplies,Truck,2026-11-22T10:45:00Z
T02806,N0065,Mizoram,Saitual,N0104,Sikkim,Mangan,Inter-state,Food Supplies,Truck,2026-07-25T11:15:00Z
T02807,N0082,Nagaland,Mon,N0102,Sikkim,Gyalshing,Inter-state,Essential Goods,Truck,2026-03-14T11:15:00Z
T02808,N0040,Manipur,Noney,N0046,Meghalaya,South Garo Hills,Inter-state,Agricultural Produce,Truck,2026-08-11T18:15:00Z
T02809,N0005,Arunachal Pradesh,Upper Subansiri,N0116,Tripura,Sepahijala,Inter-state,Agricultural Produce,Truck,2026-02-25T16:45:00Z
T02810,N0001,Arunachal Pradesh,Tawang,N0058,Meghalaya,East Khasi Hills,Inter-state,Essential Goods,Truck,2026-04-19T00:45:00Z
T02811,N0108,Tripura,Unakoti,N0080,Nagaland,Longleng,Inter-state,Agricultural Produce,Medium Goods Vehicle,2026-01-06T15:45:00Z
T02812,N0004,Arunachal Pradesh,Upper Subansiri,N0018,Assam,Darrang,Inter-state,Essential Goods,Heavy Truck,2026-08-21T23:00:00Z
T02813,N0077,Nagaland,Zunheboto,N0098,Sikkim,Namchi,Inter-state,Medicine,Heavy Truck,2026-02-01T06:00:00Z
T02814,N0010,Arunachal Pradesh,East Kameng,N0116,Tripura,Sepahijala,Inter-state,Agricultural Produce,Medium Goods Vehicle,2026-12-17T14:00:00Z
T02815,N0017,Assam,Dhubri,N0070,Mizoram,Hnahthial,Inter-state,Food Supplies,Heavy Truck,2026-11-28T08:00:00Z
T02816,N0042,Manipur,Jiribam,N0028,Assam,Lakhimpur,Inter-state,Agricultural Produce,Heavy Truck,2026-03-06T21:15:00Z
T02817,N0097,Sikkim,Mangan,N0099,Sikkim,Mangan,Within-state,Food Supplies,Medium Goods Vehicle,2026-08-10T05:45:00Z
T02818,N0087,Nagaland,Kohima,N0021,Assam,Golaghat,Inter-state,Medicine,Truck,2026-11-12T06:00:00Z
T02819,N0088,Nagaland,Longleng,N0062,Mizoram,Hnahthial,Inter-state,Essential Goods,Truck,2026-09-04T22:00:00Z
T02820,N0041,Manipur,Imphal East,N0005,Arunachal Pradesh,Upper Subansiri,Inter-state,Medicine,Heavy Truck,2026-04-09T11:45:00Z
T02821,N0025,Assam,Tinsukia,N0017,Assam,Dhubri,Within-state,Medicine,Heavy Truck,2026-10-14T01:00:00Z
T02822,N0009,Arunachal Pradesh,Namsai,N0064,Mizoram,Hnahthial,Inter-state,Essential Goods,Medium Goods Vehicle,2026-03-28T03:15:00Z
T02823,N0035,Manipur,Ukhrul,N0116,Tripura,Sepahijala,Inter-state,Essential Goods,Heavy Truck,2026-04-19T09:15:00Z
T02824,N0081,Nagaland,Chumoukedima,N0062,Mizoram,Hnahthial,Inter-state,Construction Material,Heavy Truck,2026-06-21T14:15:00Z
T02825,N0118,Tripura,Dhalai,N0032,Manipur,Ukhrul,Inter-state,Medicine,Medium Goods Vehicle,2026-06-14T02:30:00Z
T02826,N0031,Manipur,Noney,N0069,Mizoram,Mamit,Inter-state,Construction Material,Medium Goods Vehicle,2026-07-15T12:15:00Z
T02827,N0045,Manipur,Senapati,N0038,Manipur,Ukhrul,Within-state,Food Supplies,Heavy Truck,2026-11-26T21:00:00Z
T02828,N0120,Tripura,Sepahijala,N0020,Assam,Dhubri,Inter-state,Construction Material,Truck,2026-06-26T07:45:00Z
T02829,N0110,Tripura,Dhalai,N0043,Manipur,Noney,Inter-state,Medicine,Heavy Truck,2026-10-13T21:00:00Z
T02830,N0111,Tripura,Dhalai,N0068,Mizoram,Aizawl,Inter-state,Food Supplies,Heavy Truck,2026-11-10T13:30:00Z
T02831,N0107,Tripura,West Tripura,N0040,Manipur,Noney,Inter-state,Construction Material,Truck,2026-06-02T15:30:00Z
T02832,N0059,Meghalaya,West Khasi Hills,N0078,Nagaland,Niuland,Inter-state,Agricultural Produce,Medium Goods Vehicle,2026-01-03T22:30:00Z
T02833,N0082,Nagaland,Mon,N0060,Meghalaya,East Garo Hills,Inter-state,Food Supplies,Heavy Truck,2026-07-14T11:00:00Z
T02834,N0116,Tripura,Sepahijala,N0100,Sikkim,Gyalshing,Inter-state,Medicine,Truck,2026-12-20T14:00:00Z
T02835,N0114,Tripura,Sepahijala,N0049,Meghalaya,North Garo Hills,Inter-state,Construction Material,Heavy Truck,2026-06-21T10:15:00Z
T02836,N0100,Sikkim,Gyalshing,N0044,Manipur,Ukhrul,Inter-state,Medicine,Heavy Truck,2026-03-03T07:15:00Z
T02837,N0038,Manipur,Ukhrul,N0113,Tripura,Unakoti,Inter-state,Construction Material,Medium Goods Vehicle,2026-03-23T04:00:00Z
T02838,N0087,Nagaland,Kohima,N0113,Tripura,Unakoti,Inter-state,Agricultural Produce,Medium Goods Vehicle,2026-12-10T07:15:00Z
T02839,N0016,Assam,Darrang,N0004,Arunachal Pradesh,Upper Subansiri,Inter-state,Essential Goods,Truck,2026-06-04T04:30:00Z
T02840,N0092,Sikkim,Namchi,N0091,Sikkim,Gangtok,Within-state,Construction Material,Truck,2026-11-12T22:45:00Z
T02841,N0109,Tripura,South Tripura,N0068,Mizoram,Aizawl,Inter-state,Medicine,Truck,2026-12-17T02:00:00Z
T02842,N0032,Manipur,Ukhrul,N0114,Tripura,Sepahijala,Inter-state,Essential Goods,Truck,2026-01-18T08:00:00Z
T02843,N0096,Sikkim,Pakyong,N0067,Mizoram,Hnahthial,Inter-state,Food Supplies,Medium Goods Vehicle,2026-05-04T20:30:00Z
T02844,N0098,Sikkim,Namchi,N0096,Sikkim,Pakyong,Within-state,Agricultural Produce,Heavy Truck,2026-03-16T11:15:00Z
T02845,N0060,Meghalaya,East Garo Hills,N0104,Sikkim,Mangan,Inter-state,Agricultural Produce,Heavy Truck,2026-10-23T11:45:00Z
T02846,N0120,Tripura,Sepahijala,N0017,Assam,Dhubri,Inter-state,Medicine,Heavy Truck,2026-03-21T06:30:00Z
T02847,N0105,Sikkim,Mangan,N0075,Mizoram,Serchhip,Inter-state,Food Supplies,Medium Goods Vehicle,2026-04-26T23:00:00Z
T02848,N0107,Tripura,West Tripura,N0083,Nagaland,Dimapur,Inter-state,Agricultural Produce,Medium Goods Vehicle,2026-10-01T12:30:00Z
T02849,N0105,Sikkim,Mangan,N0051,Meghalaya,East Garo Hills,Inter-state,Construction Material,Truck,2026-07-18T17:15:00Z
T02850,N0025,Assam,Tinsukia,N0001,Arunachal Pradesh,Tawang,Inter-state,Construction Material,Truck,2026-11-17T08:15:00Z
T02851,N0013,Arunachal Pradesh,Upper Subansiri,N0037,Manipur,Tamenglong,Inter-state,Essential Goods,Truck,2026-05-09T04:15:00Z
T02852,N0049,Meghalaya,North Garo Hills,N0097,Sikkim,Mangan,Inter-state,Construction Material,Truck,2026-06-20T17:30:00Z
T02853,N0120,Tripura,Sepahijala,N0075,Mizoram,Serchhip,Inter-state,Agricultural Produce,Medium Goods Vehicle,2026-09-26T12:30:00Z
T02854,N0055,Meghalaya,West Jaintia Hills,N0103,Sikkim,Namchi,Inter-state,Agricultural Produce,Truck,2026-09-10T04:45:00Z
T02855,N0061,Mizoram,Saitual,N0057,Meghalaya,South West Khasi Hills,Inter-state,Medicine,Heavy Truck,2026-12-17T07:30:00Z
T02856,N0098,Sikkim,Namchi,N0056,Meghalaya,East Garo Hills,Inter-state,Medicine,Heavy Truck,2026-08-13T03:45:00Z
T02857,N0094,Sikkim,Gangtok,N0004,Arunachal Pradesh,Upper Subansiri,Inter-state,Agricultural Produce,Truck,2026-03-07T13:30:00Z
T02858,N0001,Arunachal Pradesh,Tawang,N0038,Manipur,Ukhrul,Inter-state,Food Supplies,Truck,2026-12-02T20:15:00Z
T02859,N0087,Nagaland,Kohima,N0115,Tripura,West Tripura,Inter-state,Food Supplies,Heavy Truck,2026-02-04T03:00:00Z
T02860,N0117,Tripura,Dhalai,N0090,Nagaland,Chumoukedima,Inter-state,Construction Material,Heavy Truck,2026-05-08T08:30:00Z
T02861,N0041,Manipur,Imphal East,N0102,Sikkim,Gyalshing,Inter-state,Essential Goods,Medium Goods Vehicle,2026-02-21T01:00:00Z
T02862,N0010,Arunachal Pradesh,East Kameng,N0024,Assam,Nagaon,Inter-state,Agricultural Produce,Medium Goods Vehicle,2026-11-05T00:30:00Z
T02863,N0028,Assam,Lakhimpur,N0013,Arunachal Pradesh,Upper Subansiri,Inter-state,Agricultural Produce,Medium Goods Vehicle,2026-04-19T21:15:00Z
T02864,N0030,Assam,Dibrugarh,N0065,Mizoram,Saitual,Inter-state,Medicine,Heavy Truck,2026-12-27T13:45:00Z
T02865,N0028,Assam,Lakhimpur,N0041,Manipur,Imphal East,Inter-state,Medicine,Heavy Truck,2026-10-02T22:30:00Z
T02866,N0098,Sikkim,Namchi,N0004,Arunachal Pradesh,Upper Subansiri,Inter-state,Essential Goods,Heavy Truck,2026-09-03T01:30:00Z
T02867,N0109,Tripura,South Tripura,N0026,Assam,Kamrup,Inter-state,Essential Goods,Heavy Truck,2026-07-26T22:00:00Z
T02868,N0059,Meghalaya,West Khasi Hills,N0090,Nagaland,Chumoukedima,Inter-state,Food Supplies,Medium Goods Vehicle,2026-10-08T19:45:00Z
T02869,N0046,Meghalaya,South Garo Hills,N0010,Arunachal Pradesh,East Kameng,Inter-state,Essential Goods,Heavy Truck,2026-06-03T04:15:00Z
T02870,N0029,Assam,Barpeta,N0107,Tripura,West Tripura,Inter-state,Agricultural Produce,Medium Goods Vehicle,2026-02-22T18:00:00Z
T02871,N0118,Tripura,Dhalai,N0075,Mizoram,Serchhip,Inter-state,Medicine,Truck,2026-06-15T11:15:00Z
T02872,N0079,Nagaland,Peren,N0106,Tripura,West Tripura,Inter-state,Agricultural Produce,Truck,2026-12-14T16:15:00Z
T02873,N0109,Tripura,South Tripura,N0092,Sikkim,Namchi,Inter-state,Essential Goods,Heavy Truck,2026-06-10T17:45:00Z
T02874,N0045,Manipur,Senapati,N0027,Assam,Tinsukia,Inter-state,Agricultural Produce,Truck,2026-07-16T15:15:00Z
T02875,N0083,Nagaland,Dimapur,N0074,Mizoram,Lunglei,Inter-state,Agricultural Produce,Heavy Truck,2026-04-09T00:15:00Z
T02876,N0055,Meghalaya,West Jaintia Hills,N0009,Arunachal Pradesh,Namsai,Inter-state,Essential Goods,Medium Goods Vehicle,2026-11-24T23:30:00Z
T02877,N0008,Arunachal Pradesh,Tawang,N0077,Nagaland,Zunheboto,Inter-state,Essential Goods,Truck,2026-11-21T14:30:00Z
T02878,N0076,Nagaland,Kohima,N0042,Manipur,Jiribam,Inter-state,Food Supplies,Truck,2026-11-05T09:30:00Z
T02879,N0076,Nagaland,Kohima,N0037,Manipur,Tamenglong,Inter-state,Food Supplies,Heavy Truck,2026-11-04T04:45:00Z
T02880,N0057,Meghalaya,South West Khasi Hills,N0089,Nagaland,Longleng,Inter-state,Medicine,Medium Goods Vehicle,2026-11-22T06:45:00Z
T02881,N0105,Sikkim,Mangan,N0057,Meghalaya,South West Khasi Hills,Inter-state,Construction Material,Truck,2026-09-08T07:30:00Z
T02882,N0097,Sikkim,Mangan,N0042,Manipur,Jiribam,Inter-state,Medicine,Medium Goods Vehicle,2026-02-13T11:00:00Z
T02883,N0055,Meghalaya,West Jaintia Hills,N0070,Mizoram,Hnahthial,Inter-state,Medicine,Heavy Truck,2026-08-09T01:30:00Z
T02884,N0092,Sikkim,Namchi,N0060,Meghalaya,East Garo Hills,Inter-state,Essential Goods,Heavy Truck,2026-07-18T17:45:00Z
T02885,N0072,Mizoram,Mamit,N0060,Meghalaya,East Garo Hills,Inter-state,Food Supplies,Heavy Truck,2026-12-24T20:30:00Z
T02886,N0072,Mizoram,Mamit,N0064,Mizoram,Hnahthial,Within-state,Construction Material,Truck,2026-04-05T17:30:00Z
T02887,N0086,Nagaland,Wokha,N0020,Assam,Dhubri,Inter-state,Medicine,Truck,2026-12-03T23:30:00Z
T02888,N0071,Mizoram,Champhai,N0013,Arunachal Pradesh,Upper Subansiri,Inter-state,Construction Material,Medium Goods Vehicle,2026-01-18T15:30:00Z
T02889,N0026,Assam,Kamrup,N0021,Assam,Golaghat,Within-state,Medicine,Medium Goods Vehicle,2026-09-08T17:45:00Z
T02890,N0073,Mizoram,Champhai,N0041,Manipur,Imphal East,Inter-state,Construction Material,Truck,2026-01-21T05:00:00Z
T02891,N0112,Tripura,Unakoti,N0069,Mizoram,Mamit,Inter-state,Medicine,Medium Goods Vehicle,2026-11-11T05:30:00Z
T02892,N0074,Mizoram,Lunglei,N0014,Arunachal Pradesh,Longding,Inter-state,Medicine,Heavy Truck,2026-01-02T15:15:00Z
T02893,N0013,Arunachal Pradesh,Upper Subansiri,N0064,Mizoram,Hnahthial,Inter-state,Essential Goods,Medium Goods Vehicle,2026-05-20T13:15:00Z
T02894,N0061,Mizoram,Saitual,N0065,Mizoram,Saitual,Within-state,Essential Goods,Heavy Truck,2026-05-15T20:15:00Z
T02895,N0115,Tripura,West Tripura,N0046,Meghalaya,South Garo Hills,Inter-state,Food Supplies,Medium Goods Vehicle,2026-04-07T18:15:00Z
T02896,N0105,Sikkim,Mangan,N0003,Arunachal Pradesh,Tawang,Inter-state,Essential Goods,Truck,2026-01-17T12:15:00Z
T02897,N0053,Meghalaya,South West Khasi Hills,N0043,Manipur,Noney,Inter-state,Construction Material,Truck,2026-03-16T12:30:00Z
T02898,N0042,Manipur,Jiribam,N0065,Mizoram,Saitual,Inter-state,Food Supplies,Medium Goods Vehicle,2026-05-14T22:15:00Z
T02899,N0103,Sikkim,Namchi,N0003,Arunachal Pradesh,Tawang,Inter-state,Agricultural Produce,Truck,2026-01-07T08:30:00Z
T02900,N0082,Nagaland,Mon,N0117,Tripura,Dhalai,Inter-state,Essential Goods,Medium Goods Vehicle,2026-07-16T03:30:00Z
T02901,N0069,Mizoram,Mamit,N0025,Assam,Tinsukia,Inter-state,Agricultural Produce,Heavy Truck,2026-08-10T07:15:00Z
T02902,N0062,Mizoram,Hnahthial,N0028,Assam,Lakhimpur,Inter-state,Construction Material,Heavy Truck,2026-10-24T09:45:00Z
T02903,N0006,Arunachal Pradesh,East Kameng,N0035,Manipur,Ukhrul,Inter-state,Essential Goods,Medium Goods Vehicle,2026-12-13T05:45:00Z
T02904,N0050,Meghalaya,East Khasi Hills,N0110,Tripura,Dhalai,Inter-state,Construction Material,Heavy Truck,2026-03-25T14:30:00Z
T02905,N0097,Sikkim,Mangan,N0007,Arunachal Pradesh,West Kameng,Inter-state,Agricultural Produce,Medium Goods Vehicle,2026-08-10T15:45:00Z
T02906,N0021,Assam,Golaghat,N0052,Meghalaya,East Garo Hills,Inter-state,Medicine,Truck,2026-07-23T03:30:00Z
T02907,N0030,Assam,Dibrugarh,N0020,Assam,Dhubri,Within-state,Medicine,Heavy Truck,2026-10-17T06:30:00Z
T02908,N0009,Arunachal Pradesh,Namsai,N0059,Meghalaya,West Khasi Hills,Inter-state,Medicine,Truck,2026-10-02T23:45:00Z
T02909,N0004,Arunachal Pradesh,Upper Subansiri,N0080,Nagaland,Longleng,Inter-state,Essential Goods,Heavy Truck,2026-12-26T07:45:00Z
T02910,N0009,Arunachal Pradesh,Namsai,N0040,Manipur,Noney,Inter-state,Essential Goods,Heavy Truck,2026-11-01T15:00:00Z
T02911,N0109,Tripura,South Tripura,N0071,Mizoram,Champhai,Inter-state,Essential Goods,Truck,2026-10-14T08:00:00Z
T02912,N0010,Arunachal Pradesh,East Kameng,N0095,Sikkim,Gyalshing,Inter-state,Medicine,Heavy Truck,2026-11-24T07:00:00Z
T02913,N0011,Arunachal Pradesh,Namsai,N0057,Meghalaya,South West Khasi Hills,Inter-state,Food Supplies,Truck,2026-04-09T17:00:00Z
T02914,N0108,Tripura,Unakoti,N0032,Manipur,Ukhrul,Inter-state,Essential Goods,Truck,2026-12-07T13:00:00Z
T02915,N0107,Tripura,West Tripura,N0084,Nagaland,Chumoukedima,Inter-state,Agricultural Produce,Truck,2026-10-26T21:00:00Z
T02916,N0080,Nagaland,Longleng,N0039,Manipur,Thoubal,Inter-state,Medicine,Medium Goods Vehicle,2026-09-20T10:15:00Z
T02917,N0106,Tripura,West Tripura,N0070,Mizoram,Hnahthial,Inter-state,Essential Goods,Medium Goods Vehicle,2026-09-10T06:30:00Z
T02918,N0049,Meghalaya,North Garo Hills,N0095,Sikkim,Gyalshing,Inter-state,Food Supplies,Truck,2026-09-08T01:30:00Z
T02919,N0006,Arunachal Pradesh,East Kameng,N0115,Tripura,West Tripura,Inter-state,Essential Goods,Medium Goods Vehicle,2026-05-14T23:15:00Z
T02920,N0106,Tripura,West Tripura,N0090,Nagaland,Chumoukedima,Inter-state,Medicine,Medium Goods Vehicle,2026-11-18T14:15:00Z
T02921,N0102,Sikkim,Gyalshing,N0117,Tripura,Dhalai,Inter-state,Essential Goods,Medium Goods Vehicle,2026-10-12T19:00:00Z
T02922,N0061,Mizoram,Saitual,N0098,Sikkim,Namchi,Inter-state,Agricultural Produce,Truck,2026-11-06T20:45:00Z
T02923,N0090,Nagaland,Chumoukedima,N0067,Mizoram,Hnahthial,Inter-state,Essential Goods,Medium Goods Vehicle,2026-12-06T06:45:00Z
T02924,N0023,Assam,Kamrup Metropolitan,N0119,Tripura,West Tripura,Inter-state,Construction Material,Medium Goods Vehicle,2026-08-14T14:30:00Z
T02925,N0014,Arunachal Pradesh,Longding,N0004,Arunachal Pradesh,Upper Subansiri,Within-state,Essential Goods,Truck,2026-06-24T01:00:00Z
T02926,N0063,Mizoram,Serchhip,N0088,Nagaland,Longleng,Inter-state,Construction Material,Truck,2026-04-03T20:45:00Z
T02927,N0011,Arunachal Pradesh,Namsai,N0094,Sikkim,Gangtok,Inter-state,Essential Goods,Heavy Truck,2026-12-06T00:45:00Z
T02928,N0060,Meghalaya,East Garo Hills,N0086,Nagaland,Wokha,Inter-state,Medicine,Heavy Truck,2026-09-02T10:30:00Z
T02929,N0118,Tripura,Dhalai,N0091,Sikkim,Gangtok,Inter-state,Agricultural Produce,Heavy Truck,2026-02-02T13:45:00Z
T02930,N0112,Tripura,Unakoti,N0083,Nagaland,Dimapur,Inter-state,Food Supplies,Medium Goods Vehicle,2026-08-12T01:45:00Z
T02931,N0027,Assam,Tinsukia,N0111,Tripura,Dhalai,Inter-state,Medicine,Heavy Truck,2026-12-25T12:15:00Z
T02932,N0115,Tripura,West Tripura,N0024,Assam,Nagaon,Inter-state,Construction Material,Heavy Truck,2026-05-14T04:30:00Z
T02933,N0068,Mizoram,Aizawl,N0117,Tripura,Dhalai,Inter-state,Agricultural Produce,Medium Goods Vehicle,2026-08-12T00:15:00Z
T02934,N0006,Arunachal Pradesh,East Kameng,N0115,Tripura,West Tripura,Inter-state,Essential Goods,Truck,2026-10-19T09:15:00Z
T02935,N0008,Arunachal Pradesh,Tawang,N0011,Arunachal Pradesh,Namsai,Within-state,Medicine,Truck,2026-04-03T13:00:00Z
T02936,N0052,Meghalaya,East Garo Hills,N0047,Meghalaya,Eastern West Khasi Hills,Within-state,Medicine,Medium Goods Vehicle,2026-07-25T11:00:00Z
T02937,N0049,Meghalaya,North Garo Hills,N0065,Mizoram,Saitual,Inter-state,Food Supplies,Medium Goods Vehicle,2026-02-05T15:15:00Z
T02938,N0033,Manipur,Jiribam,N0112,Tripura,Unakoti,Inter-state,Medicine,Medium Goods Vehicle,2026-01-18T07:00:00Z
T02939,N0055,Meghalaya,West Jaintia Hills,N0021,Assam,Golaghat,Inter-state,Agricultural Produce,Medium Goods Vehicle,2026-09-05T18:30:00Z
T02940,N0072,Mizoram,Mamit,N0041,Manipur,Imphal East,Inter-state,Food Supplies,Truck,2026-06-10T05:30:00Z
T02941,N0103,Sikkim,Namchi,N0050,Meghalaya,East Khasi Hills,Inter-state,Medicine,Medium Goods Vehicle,2026-06-11T11:30:00Z
T02942,N0118,Tripura,Dhalai,N0054,Meghalaya,Ri-Bhoi,Inter-state,Construction Material,Truck,2026-04-20T12:30:00Z
T02943,N0033,Manipur,Jiribam,N0109,Tripura,South Tripura,Inter-state,Medicine,Truck,2026-05-12T07:45:00Z
T02944,N0084,Nagaland,Chumoukedima,N0086,Nagaland,Wokha,Within-state,Food Supplies,Heavy Truck,2026-02-14T11:30:00Z
T02945,N0063,Mizoram,Serchhip,N0071,Mizoram,Champhai,Within-state,Essential Goods,Heavy Truck,2026-07-07T07:45:00Z
T02946,N0097,Sikkim,Mangan,N0110,Tripura,Dhalai,Inter-state,Agricultural Produce,Heavy Truck,2026-10-22T04:45:00Z
T02947,N0054,Meghalaya,Ri-Bhoi,N0066,Mizoram,Aizawl,Inter-state,Agricultural Produce,Truck,2026-03-24T16:00:00Z
T02948,N0002,Arunachal Pradesh,Lower Subansiri,N0118,Tripura,Dhalai,Inter-state,Agricultural Produce,Heavy Truck,2026-12-08T10:00:00Z
T02949,N0063,Mizoram,Serchhip,N0082,Nagaland,Mon,Inter-state,Construction Material,Heavy Truck,2026-10-13T21:00:00Z
T02950,N0075,Mizoram,Serchhip,N0070,Mizoram,Hnahthial,Within-state,Essential Goods,Medium Goods Vehicle,2026-10-07T03:15:00Z
T02951,N0080,Nagaland,Longleng,N0091,Sikkim,Gangtok,Inter-state,Essential Goods,Truck,2026-08-07T17:30:00Z
T02952,N0053,Meghalaya,South West Khasi Hills,N0034,Manipur,Ukhrul,Inter-state,Medicine,Truck,2026-11-05T07:00:00Z
T02953,N0044,Manipur,Ukhrul,N0006,Arunachal Pradesh,East Kameng,Inter-state,Medicine,Heavy Truck,2026-06-09T17:30:00Z
T02954,N0035,Manipur,Ukhrul,N0057,Meghalaya,South West Khasi Hills,Inter-state,Food Supplies,Medium Goods Vehicle,2026-08-15T12:30:00Z
T02955,N0021,Assam,Golaghat,N0090,Nagaland,Chumoukedima,Inter-state,Food Supplies,Truck,2026-03-20T14:30:00Z
T02956,N0058,Meghalaya,East Khasi Hills,N0120,Tripura,Sepahijala,Inter-state,Agricultural Produce,Medium Goods Vehicle,2026-11-15T03:15:00Z
T02957,N0113,Tripura,Unakoti,N0069,Mizoram,Mamit,Inter-state,Essential Goods,Heavy Truck,2026-10-17T19:15:00Z
T02958,N0020,Assam,Dhubri,N0095,Sikkim,Gyalshing,Inter-state,Agricultural Produce,Medium Goods Vehicle,2026-08-24T13:15:00Z
T02959,N0107,Tripura,West Tripura,N0026,Assam,Kamrup,Inter-state,Essential Goods,Medium Goods Vehicle,2026-07-01T07:00:00Z
T02960,N0040,Manipur,Noney,N0114,Tripura,Sepahijala,Inter-state,Essential Goods,Truck,2026-08-08T18:15:00Z
T02961,N0054,Meghalaya,Ri-Bhoi,N0085,Nagaland,Phek,Inter-state,Medicine,Heavy Truck,2026-12-14T13:30:00Z
T02962,N0051,Meghalaya,East Garo Hills,N0068,Mizoram,Aizawl,Inter-state,Food Supplies,Truck,2026-04-20T18:00:00Z
T02963,N0091,Sikkim,Gangtok,N0066,Mizoram,Aizawl,Inter-state,Essential Goods,Truck,2026-01-10T11:30:00Z
T02964,N0079,Nagaland,Peren,N0019,Assam,Dhemaji,Inter-state,Medicine,Truck,2026-02-01T19:00:00Z
T02965,N0070,Mizoram,Hnahthial,N0065,Mizoram,Saitual,Within-state,Medicine,Truck,2026-02-28T07:45:00Z
T02966,N0065,Mizoram,Saitual,N0052,Meghalaya,East Garo Hills,Inter-state,Agricultural Produce,Heavy Truck,2026-09-16T23:15:00Z
T02967,N0055,Meghalaya,West Jaintia Hills,N0025,Assam,Tinsukia,Inter-state,Construction Material,Heavy Truck,2026-08-08T08:30:00Z
T02968,N0053,Meghalaya,South West Khasi Hills,N0099,Sikkim,Mangan,Inter-state,Agricultural Produce,Medium Goods Vehicle,2026-05-23T03:45:00Z
T02969,N0004,Arunachal Pradesh,Upper Subansiri,N0034,Manipur,Ukhrul,Inter-state,Agricultural Produce,Truck,2026-04-02T08:15:00Z
T02970,N0010,Arunachal Pradesh,East Kameng,N0023,Assam,Kamrup Metropolitan,Inter-state,Medicine,Truck,2026-10-08T10:15:00Z
T02971,N0083,Nagaland,Dimapur,N0058,Meghalaya,East Khasi Hills,Inter-state,Construction Material,Heavy Truck,2026-11-27T04:15:00Z
T02972,N0047,Meghalaya,Eastern West Khasi Hills,N0006,Arunachal Pradesh,East Kameng,Inter-state,Agricultural Produce,Truck,2026-01-18T12:00:00Z
T02973,N0074,Mizoram,Lunglei,N0060,Meghalaya,East Garo Hills,Inter-state,Medicine,Medium Goods Vehicle,2026-04-24T03:30:00Z
T02974,N0062,Mizoram,Hnahthial,N0034,Manipur,Ukhrul,Inter-state,Construction Material,Medium Goods Vehicle,2026-02-07T20:15:00Z
T02975,N0029,Assam,Barpeta,N0103,Sikkim,Namchi,Inter-state,Agricultural Produce,Heavy Truck,2026-05-19T05:15:00Z
T02976,N0071,Mizoram,Champhai,N0002,Arunachal Pradesh,Lower Subansiri,Inter-state,Construction Material,Medium Goods Vehicle,2026-09-12T23:00:00Z
T02977,N0055,Meghalaya,West Jaintia Hills,N0013,Arunachal Pradesh,Upper Subansiri,Inter-state,Construction Material,Heavy Truck,2026-03-05T17:30:00Z
T02978,N0116,Tripura,Sepahijala,N0100,Sikkim,Gyalshing,Inter-state,Agricultural Produce,Truck,2026-04-14T17:30:00Z
T02979,N0058,Meghalaya,East Khasi Hills,N0079,Nagaland,Peren,Inter-state,Construction Material,Heavy Truck,2026-08-16T07:15:00Z
T02980,N0047,Meghalaya,Eastern West Khasi Hills,N0095,Sikkim,Gyalshing,Inter-state,Food Supplies,Heavy Truck,2026-08-19T05:30:00Z
T02981,N0044,Manipur,Ukhrul,N0076,Nagaland,Kohima,Inter-state,Medicine,Heavy Truck,2026-09-15T06:00:00Z
T02982,N0098,Sikkim,Namchi,N0049,Meghalaya,North Garo Hills,Inter-state,Medicine,Heavy Truck,2026-02-22T11:15:00Z
T02983,N0007,Arunachal Pradesh,West Kameng,N0110,Tripura,Dhalai,Inter-state,Essential Goods,Heavy Truck,2026-07-21T05:00:00Z
T02984,N0110,Tripura,Dhalai,N0097,Sikkim,Mangan,Inter-state,Medicine,Truck,2026-10-01T04:15:00Z
T02985,N0025,Assam,Tinsukia,N0087,Nagaland,Kohima,Inter-state,Essential Goods,Heavy Truck,2026-11-05T09:15:00Z
T02986,N0090,Nagaland,Chumoukedima,N0069,Mizoram,Mamit,Inter-state,Construction Material,Medium Goods Vehicle,2026-08-18T04:45:00Z
T02987,N0099,Sikkim,Mangan,N0030,Assam,Dibrugarh,Inter-state,Food Supplies,Medium Goods Vehicle,2026-05-02T07:00:00Z
T02988,N0019,Assam,Dhemaji,N0079,Nagaland,Peren,Inter-state,Essential Goods,Truck,2026-11-21T23:15:00Z
T02989,N0072,Mizoram,Mamit,N0091,Sikkim,Gangtok,Inter-state,Food Supplies,Medium Goods Vehicle,2026-03-19T14:00:00Z
T02990,N0052,Meghalaya,East Garo Hills,N0106,Tripura,West Tripura,Inter-state,Essential Goods,Medium Goods Vehicle,2026-02-08T23:30:00Z
T02991,N0053,Meghalaya,South West Khasi Hills,N0109,Tripura,South Tripura,Inter-state,Agricultural Produce,Medium Goods Vehicle,2026-09-13T11:15:00Z
T02992,N0031,Manipur,Noney,N0084,Nagaland,Chumoukedima,Inter-state,Essential Goods,Truck,2026-06-28T15:15:00Z
T02993,N0108,Tripura,Unakoti,N0042,Manipur,Jiribam,Inter-state,Essential Goods,Heavy Truck,2026-07-07T15:45:00Z
T02994,N0004,Arunachal Pradesh,Upper Subansiri,N0038,Manipur,Ukhrul,Inter-state,Medicine,Heavy Truck,2026-08-20T12:15:00Z
T02995,N0029,Assam,Barpeta,N0060,Meghalaya,East Garo Hills,Inter-state,Agricultural Produce,Heavy Truck,2026-09-28T02:30:00Z
T02996,N0016,Assam,Darrang,N0080,Nagaland,Longleng,Inter-state,Medicine,Medium Goods Vehicle,2026-10-06T03:15:00Z
T02997,N0076,Nagaland,Kohima,N0052,Meghalaya,East Garo Hills,Inter-state,Food Supplies,Medium Goods Vehicle,2026-08-12T01:15:00Z
T02998,N0113,Tripura,Unakoti,N0001,Arunachal Pradesh,Tawang,Inter-state,Agricultural Produce,Medium Goods Vehicle,2026-09-06T21:30:00Z
T02999,N0065,Mizoram,Saitual,N0023,Assam,Kamrup Metropolitan,Inter-state,Essential Goods,Truck,2026-02-18T13:30:00Z
T03000,N0052,Meghalaya,East Garo Hills,N0065,Mizoram,Saitual,Inter-state,Essential Goods,Heavy Truck,2026-01-26T00:00:00Z
