road_id,state,district,road_type,observation_date,rainfall_24h_mm,rainfall_7d_mm,temperature_c,humidity_percent,slope_degree,elevation_m,river_distance_km,flood_risk,historical_landslides,historical_disruptions,road_condition_score,disrupted
R00050,Manipur,Noney,State Highway,2025-12-26,1.8,12.3,28.0,73.0,12.4,87.3,5.03,0.104,3,2,0.855,0
R00130,Sikkim,Gyalshing,Major District Road,2018-05-26,7.3,46.8,18.4,80.6,23.6,1866.8,10.55,0.106,4,5,0.518,0
R00163,Inter-state corridor,Barpeta,PMGSY Road,2017-09-27,8.7,42.9,25.6,83.1,4.5,471.2,3.37,0.158,3,2,0.905,0
R00157,Tripura,South Tripura,Major District Road,2024-12-18,2.3,24.0,28.3,69.4,1.0,420.9,8.28,0.119,2,2,0.776,0
R00006,Arunachal Pradesh,East Kameng,Rural Road,2018-11-18,6.3,26.7,23.8,74.3,21.5,1354.8,4.15,0.084,2,0,0.753,0
R00054,Manipur,Ukhrul,Border Road,2020-12-16,4.0,32.2,25.3,69.7,14.1,655.7,2.35,0.187,2,3,0.589,0
R00021,Assam,Darrang,National Highway,2020-11-14,9.6,43.1,26.9,72.0,9.4,30.0,4.42,0.18,1,1,0.648,0
R00001,Arunachal Pradesh,Tawang,State Highway,2026-12-26,2.7,19.8,18.0,73.7,16.5,1597.9,9.06,0.107,4,2,0.697,0
R00009,Arunachal Pradesh,Namsai,Major District Road,2021-02-08,4.1,16.5,22.9,69.4,20.7,921.8,9.7,0.115,4,3,0.827,0
R00100,Mizoram,Champhai,PMGSY Road,2022-09-01,68.2,182.6,19.9,75.9,10.8,1208.8,15.27,0.202,5,1,0.533,0
R00072,Meghalaya,South West Khasi Hills,State Highway,2022-03-24,8.8,25.9,21.7,70.7,20.2,1182.9,5.65,0.089,3,2,0.475,0
R00112,Nagaland,Kohima,State Highway,2016-06-07,20.7,71.7,25.9,83.6,7.7,113.9,11.94,0.141,2,1,0.377,0
R00117,Nagaland,Peren,Rural Road,2018-06-20,17.7,161.6,24.3,85.5,10.8,404.0,8.23,0.15,2,3,0.873,1
R00003,Arunachal Pradesh,Tawang,PMGSY Road,2024-01-15,1.2,29.8,18.8,72.2,22.8,1580.1,3.12,0.109,5,3,0.835,0
R00050,Manipur,Noney,State Highway,2025-12-03,6.3,37.3,23.4,76.3,12.4,87.3,15.7,0.113,1,6,0.793,0
R00162,Inter-state corridor,Kamrup,PMGSY Road,2026-12-11,2.1,28.0,27.9,71.9,10.5,521.8,5.11,0.109,4,1,0.78,0
R00123,Sikkim,Gangtok,Border Road,2017-09-26,92.2,178.7,13.9,84.0,24.9,1693.1,11.3,0.168,3,5,0.521,1
R00089,Mizoram,Mamit,National Highway,2018-10-27,17.3,60.4,19.9,83.7,13.1,1221.4,17.93,0.1,4,2,0.846,0
R00091,Mizoram,Champhai,Major District Road,2018-06-07,153.7,292.9,28.9,89.8,15.8,30.0,4.83,0.304,2,4,0.44,1
R00017,Arunachal Pradesh,Upper Subansiri,Rural Road,2017-12-10,12.9,41.5,22.0,69.7,27.7,1205.7,3.03,0.084,0,4,0.423,1
R00048,Manipur,Ukhrul,PMGSY Road,2022-06-07,59.6,283.1,23.5,90.6,16.3,421.3,2.86,0.451,3,2,0.383,1
R00108,Nagaland,Dimapur,National Highway,2026-10-23,18.9,74.1,22.9,79.9,11.8,1215.4,3.91,0.102,1,5,0.933,0
R00164,Inter-state corridor,Barpeta,Rural Road,2026-08-04,16.1,140.9,24.6,86.1,10.6,421.4,3.74,0.186,1,3,0.911,0
R00142,Tripura,West Tripura,Bridge Approach,2018-04-16,22.6,70.4,25.9,71.5,4.3,30.0,3.15,0.144,2,1,0.605,1
R00079,Meghalaya,West Jaintia Hills,Rural Road,2021-11-17,31.2,82.6,20.9,75.3,21.5,1175.8,6.83,0.102,3,0,0.854,0
R00083,Mizoram,Serchhip,PMGSY Road,2016-10-03,25.3,72.8,23.2,75.3,11.7,461.2,8.8,0.1,2,3,0.668,1
R00027,Assam,Barpeta,Bridge Approach,2017-07-04,31.1,145.5,24.9,91.2,1.0,30.0,4.27,0.286,4,0,0.372,1
R00051,Manipur,Imphal East,Border Road,2024-07-04,18.2,83.3,24.5,97.2,16.2,548.7,5.58,0.118,2,3,0.696,0
R00016,Arunachal Pradesh,Tawang,Rural Road,2022-09-14,92.0,260.3,20.8,89.9,12.0,1318.6,1.16,0.479,4,5,0.536,1
R00138,Sikkim,Mangan,Rural Road,2018-08-10,95.0,157.1,20.8,90.4,17.4,1622.9,5.17,0.16,4,3,0.822,1
R00041,Manipur,Noney,PMGSY Road,2017-06-05,224.4,334.6,21.5,89.5,12.6,617.1,9.14,0.384,4,3,0.796,1
R00142,Tripura,West Tripura,Bridge Approach,2017-09-06,16.1,53.5,23.2,85.3,4.3,30.0,4.08,0.14,4,3,0.604,1
R00123,Sikkim,Gangtok,Border Road,2017-01-06,8.7,28.1,19.3,64.7,24.9,1693.1,8.47,0.086,4,3,0.606,1
R00152,Tripura,Dhalai,State Highway,2025-12-12,4.4,36.0,27.2,66.0,1.0,311.1,2.83,0.272,2,2,0.468,0
R00160,Tripura,Dhalai,PMGSY Road,2023-10-07,28.2,142.8,24.9,81.2,8.2,374.2,3.56,0.18,5,4,0.645,1
R00103,Nagaland,Niuland,State Highway,2018-12-14,4.5,33.9,26.5,70.8,13.1,126.1,8.35,0.104,2,3,0.985,0
R00043,Manipur,Jiribam,National Highway,2025-09-10,63.8,165.8,21.1,86.9,4.7,742.1,4.41,0.177,4,5,0.799,0
R00081,Mizoram,Saitual,PMGSY Road,2020-09-21,31.5,92.7,25.1,88.2,13.2,630.9,4.4,0.154,3,2,1.0,1
R00064,Meghalaya,North Garo Hills,State Highway,2018-10-27,12.1,97.5,22.2,77.4,19.2,1410.0,12.19,0.167,4,3,0.941,1
R00056,Manipur,Noney,Bridge Approach,2023-06-20,39.1,91.8,26.2,84.8,9.2,30.0,7.82,0.161,3,2,0.749,0
R00005,Arunachal Pradesh,Upper Subansiri,State Highway,2025-12-09,4.0,14.4,20.2,67.5,25.1,1549.7,4.82,0.071,1,3,0.18,1
R00134,Sikkim,Mangan,Rural Road,2023-01-09,2.5,13.8,18.3,71.0,18.4,1467.2,11.71,0.088,4,1,0.577,0
R00097,Mizoram,Hnahthial,National Highway,2018-05-04,39.1,81.7,25.9,83.5,13.7,305.6,9.46,0.147,4,2,0.68,1
R00068,Meghalaya,South West Khasi Hills,State Highway,2018-07-03,22.6,68.1,21.7,91.4,10.4,1032.6,3.13,0.178,2,4,0.784,1
R00079,Meghalaya,West Jaintia Hills,Rural Road,2017-09-05,19.4,51.0,20.8,91.6,21.5,1175.8,6.64,0.09,3,3,0.872,1
R00090,Mizoram,Hnahthial,State Highway,2022-03-13,27.0,77.0,21.6,66.4,18.9,726.1,3.27,0.106,1,3,0.815,0
R00081,Mizoram,Saitual,PMGSY Road,2022-07-27,120.7,194.0,24.5,91.7,13.2,630.9,20.77,0.256,4,2,0.919,1
R00032,Assam,Tinsukia,National Highway,2017-03-16,6.0,38.0,23.4,62.8,10.6,598.5,3.87,0.108,3,4,0.587,1
R00051,Manipur,Imphal East,Border Road,2017-05-21,16.3,65.5,26.1,74.1,16.2,548.7,7.39,0.109,3,0,0.809,1
R00137,Sikkim,Gangtok,Border Road,2024-03-25,14.2,51.1,19.4,74.2,30.8,1740.6,4.19,0.062,5,3,0.919,0
R00128,Sikkim,Namchi,National Highway,2019-05-27,30.2,161.0,22.3,79.0,25.6,1459.3,3.94,0.145,4,0,0.798,1
R00121,Sikkim,Gangtok,Border Road,2022-07-28,115.8,270.1,15.0,89.5,13.2,1998.3,8.31,0.245,5,3,0.684,1
R00146,Tripura,Dhalai,PMGSY Road,2018-12-13,8.7,25.0,23.5,73.8,3.4,420.8,6.7,0.104,4,1,0.858,0
R00054,Manipur,Ukhrul,Border Road,2021-07-18,22.7,132.5,23.6,94.1,14.1,655.7,15.27,0.196,2,2,0.666,1
R00012,Arunachal Pradesh,West Siang,Border Road,2016-05-09,100.5,179.3,19.3,83.5,18.2,1398.0,10.07,0.184,5,2,0.629,1
R00143,Tripura,Unakoti,State Highway,2020-11-05,6.3,21.4,27.4,74.2,1.6,332.9,6.37,0.098,1,1,0.902,0
R00068,Meghalaya,South West Khasi Hills,State Highway,2018-12-12,13.6,37.9,21.4,78.2,10.4,1032.6,7.76,0.09,2,0,0.687,0
R00054,Manipur,Ukhrul,Border Road,2024-12-19,8.9,23.3,24.1,71.7,14.1,655.7,7.03,0.101,2,2,0.668,1
R00024,Assam,Dhemaji,Rural Road,2024-08-01,98.2,214.9,19.4,96.1,1.0,764.6,4.55,0.274,3,3,0.981,1
R00156,Tripura,West Tripura,PMGSY Road,2024-04-02,9.8,34.4,24.6,72.1,8.7,30.0,5.13,0.113,4,0,1.0,0
R00034,Assam,Barpeta,State Highway,2023-08-16,26.0,112.3,26.1,92.7,5.6,722.8,7.1,0.145,4,3,0.532,1
R00052,Manipur,Jiribam,Major District Road,2019-08-14,43.4,239.6,23.8,91.8,1.2,176.8,4.82,0.299,4,2,0.861,0
R00126,Sikkim,Pakyong,State Highway,2026-09-10,64.7,293.0,18.3,84.9,19.5,1584.8,6.42,0.353,4,3,0.849,1
R00142,Tripura,West Tripura,Bridge Approach,2021-10-15,25.1,86.0,26.8,74.8,4.3,30.0,14.01,0.162,2,1,0.581,0
R00095,Mizoram,Serchhip,PMGSY Road,2017-07-15,20.9,177.7,23.1,94.5,12.7,567.8,3.17,0.193,4,3,0.918,1
R00102,Nagaland,Zunheboto,Rural Road,2025-07-16,59.2,191.1,27.3,99.0,14.8,590.1,3.75,0.221,0,3,0.798,0
R00104,Nagaland,Peren,PMGSY Road,2022-05-05,12.3,42.3,23.4,74.8,13.4,551.6,6.73,0.111,1,3,0.771,0
R00045,Manipur,Ukhrul,State Highway,2018-10-18,28.6,57.3,23.0,83.8,10.7,893.2,4.67,0.082,4,1,0.868,0
R00046,Manipur,Ukhrul,Major District Road,2016-06-01,68.2,196.7,23.4,87.9,16.6,599.0,9.09,0.279,1,2,0.742,1
R00106,Nagaland,Chumoukedima,Rural Road,2018-10-19,16.0,89.9,21.6,78.1,13.6,1186.3,5.4,0.108,0,2,0.732,0
R00007,Arunachal Pradesh,West Kameng,PMGSY Road,2020-04-27,11.0,68.3,20.8,74.0,15.5,1648.2,11.31,0.064,3,3,0.791,0
R00040,Assam,Lakhimpur,National Highway,2017-08-06,64.9,142.2,21.4,85.6,9.5,583.6,5.67,0.174,4,2,0.783,1
R00085,Mizoram,Saitual,Rural Road,2020-02-19,5.9,20.3,21.1,67.1,17.4,913.5,9.25,0.133,3,2,0.491,0
R00089,Mizoram,Mamit,National Highway,2022-01-07,11.8,18.2,24.1,66.7,13.1,1221.4,4.24,0.067,3,4,0.745,1
R00033,Assam,Lakhimpur,Border Road,2022-12-20,14.7,31.9,29.3,71.1,5.7,30.0,7.32,0.131,2,5,0.733,0
R00085,Mizoram,Saitual,Rural Road,2020-05-07,80.1,152.8,20.4,77.1,17.4,913.5,1.99,0.293,3,2,0.366,1
R00071,Meghalaya,East Garo Hills,National Highway,2021-06-04,88.6,307.4,23.8,90.1,14.9,469.7,4.63,0.297,3,2,0.743,1
R00135,Sikkim,Mangan,National Highway,2017-06-09,24.7,138.7,21.7,83.9,17.7,1240.5,12.35,0.183,4,4,0.778,1
R00127,Sikkim,Mangan,PMGSY Road,2016-01-23,7.1,16.2,24.7,66.2,14.7,1378.1,4.72,0.079,2,2,0.852,0
R00102,Nagaland,Zunheboto,Rural Road,2016-05-22,37.6,142.9,23.9,75.1,14.8,590.1,4.91,0.177,3,4,0.733,1
R00130,Sikkim,Gyalshing,Major District Road,2022-05-17,37.5,130.5,17.6,81.8,23.6,1866.8,6.45,0.152,2,3,0.57,1
R00052,Manipur,Jiribam,Major District Road,2018-06-26,2.4,88.3,27.9,88.5,1.2,176.8,11.87,0.145,1,2,0.862,1
R00045,Manipur,Ukhrul,State Highway,2025-08-10,134.0,268.0,21.4,95.9,10.7,893.2,4.89,0.239,2,0,0.783,1
R00013,Arunachal Pradesh,Upper Subansiri,Border Road,2020-08-04,93.0,211.0,18.7,93.1,21.4,1130.4,5.73,0.21,4,1,0.887,1
R00007,Arunachal Pradesh,West Kameng,PMGSY Road,2024-10-27,14.8,95.6,17.8,73.2,15.5,1648.2,2.14,0.282,5,3,0.777,1
R00002,Arunachal Pradesh,Lower Subansiri,Major District Road,2017-06-27,19.4,129.9,20.3,89.2,20.7,1684.9,7.76,0.103,4,0,0.974,1
R00006,Arunachal Pradesh,East Kameng,Rural Road,2022-08-16,15.8,85.4,19.7,85.9,21.5,1354.8,6.71,0.083,3,3,0.794,1
R00107,Nagaland,Mon,Bridge Approach,2017-06-09,38.5,167.9,21.1,86.9,12.4,1337.8,6.32,0.178,3,2,0.877,1
R00015,Arunachal Pradesh,Tirap,Major District Road,2023-05-03,25.8,133.5,23.8,80.1,27.6,1221.6,2.78,0.342,3,3,0.794,1
R00131,Sikkim,Namchi,Bridge Approach,2018-05-27,25.1,126.7,18.9,79.5,17.9,1430.7,6.01,0.143,5,2,0.639,1
R00002,Arunachal Pradesh,Lower Subansiri,Major District Road,2023-11-21,16.7,69.6,18.0,69.8,20.7,1684.9,2.54,0.221,4,2,0.96,0
R00044,Manipur,Ukhrul,State Highway,2025-12-20,19.3,49.7,21.4,70.4,9.8,111.7,6.06,0.123,3,1,0.919,1
R00091,Mizoram,Champhai,Major District Road,2018-09-01,26.0,97.1,28.3,80.1,15.8,30.0,31.5,0.121,1,6,0.618,1
R00094,Mizoram,Lunglei,Major District Road,2020-04-13,18.9,73.7,19.5,79.1,13.5,1205.9,7.64,0.116,1,2,0.921,0
R00029,Assam,Nagaon,Rural Road,2026-03-11,2.5,22.6,22.5,71.0,11.5,1011.8,8.08,0.115,2,2,0.704,1
R00109,Nagaland,Chumoukedima,Border Road,2026-05-17,10.5,68.6,21.1,77.4,4.6,698.8,11.6,0.138,2,1,0.708,0
R00131,Sikkim,Namchi,Bridge Approach,2018-04-25,6.4,56.9,21.9,74.8,17.9,1430.7,12.55,0.086,3,2,0.668,1
R00151,Tripura,Sepahijala,Border Road,2020-04-16,10.5,44.3,26.7,78.6,4.5,30.0,4.9,0.12,2,3,0.813,0
R00037,Assam,Dhemaji,Border Road,2018-10-05,19.0,58.4,27.5,78.3,7.0,30.0,4.73,0.203,1,0,0.867,0
R00009,Arunachal Pradesh,Namsai,Major District Road,2019-10-05,31.6,110.1,23.8,77.5,20.7,921.8,4.82,0.179,3,1,0.82,1
R00059,Manipur,Noney,Rural Road,2024-07-14,29.4,114.4,23.2,90.3,3.2,291.1,4.06,0.199,3,0,0.711,0
R00124,Sikkim,Gangtok,National Highway,2024-11-22,6.6,26.5,19.8,75.0,20.4,1201.9,4.75,0.088,3,2,0.589,1
R00106,Nagaland,Chumoukedima,Rural Road,2018-10-24,10.9,45.7,20.6,77.8,13.6,1186.3,31.56,0.094,3,4,0.719,1
R00005,Arunachal Pradesh,Upper Subansiri,State Highway,2020-04-09,22.0,95.6,19.6,82.0,25.1,1549.7,4.19,0.13,3,2,0.19,1
R00087,Mizoram,Hnahthial,Border Road,2016-11-06,7.5,49.7,26.1,70.4,13.7,261.3,9.88,0.094,4,1,0.858,0
R00140,Sikkim,Namchi,Rural Road,2026-06-27,143.2,185.7,20.2,89.9,23.6,1635.2,3.47,0.124,4,2,0.486,1
R00026,Assam,Golaghat,National Highway,2026-03-11,15.8,25.5,28.5,75.6,12.4,58.3,6.35,0.114,4,0,0.524,0
R00153,Tripura,Dhalai,Border Road,2026-04-24,12.9,55.0,26.9,73.2,5.5,100.6,5.73,0.162,1,0,0.788,0
R00044,Manipur,Ukhrul,State Highway,2019-07-19,84.7,176.7,26.5,92.9,9.8,111.7,7.31,0.196,4,4,0.904,1
R00151,Tripura,Sepahijala,Border Road,2016-02-07,5.3,31.2,28.1,73.8,4.5,30.0,16.67,0.106,2,2,0.812,0
R00060,Manipur,Noney,National Highway,2023-07-05,28.8,144.2,27.9,89.1,5.5,69.4,4.67,0.259,3,0,0.599,0
R00156,Tripura,West Tripura,PMGSY Road,2018-03-09,7.1,20.4,24.3,69.3,8.7,30.0,24.82,0.12,4,3,0.916,1
R00019,Arunachal Pradesh,East Kameng,Rural Road,2020-05-26,25.6,126.6,17.8,80.1,19.4,1646.1,4.19,0.131,2,1,0.764,0
R00024,Assam,Dhemaji,Rural Road,2025-05-18,21.2,64.2,25.0,82.0,1.0,764.6,5.95,0.131,4,4,0.991,1
R00078,Meghalaya,East Garo Hills,PMGSY Road,2016-03-03,20.1,41.2,21.5,69.4,8.6,1098.8,3.0,0.143,3,4,0.844,1
R00027,Assam,Barpeta,Bridge Approach,2022-06-08,59.0,90.7,29.9,82.8,1.0,30.0,4.96,0.156,0,4,0.435,0
R00113,Nagaland,Longleng,PMGSY Road,2018-11-11,28.8,151.4,23.7,73.4,23.6,793.0,6.73,0.186,3,2,0.472,0
R00111,Nagaland,Wokha,State Highway,2022-07-13,78.6,122.8,32.3,97.9,17.2,88.6,5.08,0.168,0,3,0.794,1
R00080,Meghalaya,East Khasi Hills,State Highway,2018-08-08,60.5,153.6,23.7,87.8,15.6,902.8,9.49,0.185,2,2,0.861,1
R00039,Assam,Tinsukia,Border Road,2026-04-23,12.6,41.9,26.2,70.0,15.3,137.6,11.93,0.095,2,3,0.809,1
R00139,Sikkim,Gyalshing,State Highway,2023-10-02,30.8,99.9,15.7,74.5,14.6,2279.0,2.71,0.172,4,1,0.504,1
R00129,Sikkim,Mangan,Major District Road,2017-05-09,17.0,110.1,16.9,79.1,21.1,1669.5,6.6,0.119,4,4,0.578,1
R00086,Mizoram,Aizawl,State Highway,2022-11-21,13.7,24.2,21.0,66.9,14.9,1222.8,4.85,0.072,1,2,0.793,0
R00166,Inter-state corridor,Darrang,Major District Road,2023-01-05,15.4,25.4,22.4,66.5,7.0,830.6,5.4,0.099,2,1,0.785,0
R00103,Nagaland,Niuland,State Highway,2018-03-22,6.3,36.7,25.4,76.0,13.1,126.1,2.73,0.161,2,0,0.951,0
R00034,Assam,Barpeta,State Highway,2019-06-13,36.9,136.3,22.9,89.5,5.6,722.8,15.11,0.202,4,3,0.532,0
R00159,Tripura,West Tripura,PMGSY Road,2018-11-25,12.3,62.4,31.7,69.1,7.6,122.9,8.55,0.174,2,1,0.858,0
R00116,Nagaland,Kohima,Rural Road,2019-08-28,93.1,290.7,23.9,90.6,11.7,823.9,16.32,0.395,3,2,0.751,1
R00089,Mizoram,Mamit,National Highway,2025-03-27,2.5,17.9,21.2,74.3,13.1,1221.4,2.58,0.134,2,1,0.885,0
R00114,Nagaland,Longleng,Rural Road,2023-01-20,10.5,31.4,23.1,67.2,12.0,809.2,7.98,0.071,3,2,0.978,0
R00045,Manipur,Ukhrul,State Highway,2024-01-01,1.8,19.2,19.3,67.8,10.7,893.2,1.53,0.15,3,2,0.815,1
R00150,Tripura,West Tripura,State Highway,2018-08-09,35.1,91.7,26.6,93.8,8.6,30.0,4.01,0.147,0,2,0.818,1
R00107,Nagaland,Mon,Bridge Approach,2022-09-06,71.2,117.7,17.8,95.9,12.4,1337.8,12.12,0.198,4,2,0.889,1
R00019,Arunachal Pradesh,East Kameng,Rural Road,2016-09-24,53.4,174.1,20.9,80.1,19.4,1646.1,9.1,0.193,3,5,0.726,0
R00083,Mizoram,Serchhip,PMGSY Road,2021-09-20,51.8,209.9,26.1,83.7,11.7,461.2,3.62,0.21,1,3,0.722,0
R00132,Sikkim,Gyalshing,State Highway,2026-07-12,104.5,333.3,18.6,95.1,13.0,1847.6,8.05,0.329,2,3,0.978,1
R00075,Meghalaya,East Garo Hills,National Highway,2020-03-28,7.0,50.3,18.6,67.7,19.5,1308.3,7.8,0.088,4,1,0.904,0
R00154,Tripura,West Tripura,Border Road,2019-07-09,16.4,135.1,27.4,93.7,3.4,57.7,6.72,0.132,2,0,1.0,0
R00094,Mizoram,Lunglei,Major District Road,2024-06-28,56.2,171.3,20.0,87.4,13.5,1205.9,3.44,0.156,4,1,0.957,0
R00012,Arunachal Pradesh,West Siang,Border Road,2025-12-08,9.2,43.1,19.7,70.3,18.2,1398.0,7.38,0.071,4,1,0.623,1
R00013,Arunachal Pradesh,Upper Subansiri,Border Road,2026-06-09,43.2,226.2,21.8,88.9,21.4,1130.4,9.19,0.201,3,4,0.899,1
R00027,Assam,Barpeta,Bridge Approach,2025-05-12,13.5,41.3,27.3,79.3,1.0,30.0,16.1,0.099,1,5,0.4,0
R00070,Meghalaya,West Jaintia Hills,Rural Road,2020-03-25,8.6,42.7,21.6,73.0,24.2,1031.4,5.2,0.095,2,3,0.656,0
R00062,Meghalaya,Eastern West Khasi Hills,State Highway,2025-12-20,8.8,20.6,22.0,68.4,16.2,1056.9,31.33,0.085,3,3,0.769,0
R00167,Inter-state corridor,Barpeta,Rural Road,2020-06-14,24.3,143.8,24.6,86.7,22.3,835.8,6.84,0.195,3,4,0.824,1
R00034,Assam,Barpeta,State Highway,2021-03-07,11.3,26.5,22.2,78.2,5.6,722.8,7.27,0.125,4,3,0.537,0
R00025,Assam,Dhubri,Rural Road,2016-09-18,23.0,55.8,24.1,84.9,5.3,30.0,12.27,0.104,3,3,0.611,1
R00108,Nagaland,Dimapur,National Highway,2023-06-14,37.3,97.8,22.0,84.1,11.8,1215.4,9.29,0.142,2,2,0.823,1
R00069,Meghalaya,Ri-Bhoi,PMGSY Road,2023-02-08,9.2,33.3,23.8,70.1,13.1,484.0,2.77,0.203,1,3,0.801,0
R00009,Arunachal Pradesh,Namsai,Major District Road,2023-11-06,4.7,48.4,18.1,69.1,20.7,921.8,6.73,0.093,2,1,0.706,1
R00073,Meghalaya,East Khasi Hills,National Highway,2022-05-11,6.6,102.0,18.8,77.9,12.8,614.0,11.45,0.161,2,3,0.731,1
R00057,Manipur,Ukhrul,National Highway,2021-09-18,168.0,381.9,25.2,91.6,13.0,225.6,2.92,0.619,0,3,0.528,1
R00043,Manipur,Jiribam,National Highway,2024-02-09,5.3,18.3,22.9,71.9,4.7,742.1,5.73,0.114,1,0,0.76,0
R00121,Sikkim,Gangtok,Border Road,2019-08-10,74.9,276.7,17.3,91.2,13.2,1998.3,9.75,0.151,4,1,0.689,1
R00113,Nagaland,Longleng,PMGSY Road,2022-01-19,2.8,23.5,27.1,73.4,23.6,793.0,5.96,0.073,2,4,0.6,1
R00022,Assam,Dhubri,Major District Road,2022-11-01,6.0,56.8,21.6,73.0,8.6,30.0,6.2,0.151,2,3,0.438,1
R00053,Manipur,Noney,Rural Road,2025-07-10,67.0,173.5,25.3,95.8,8.3,299.8,10.57,0.202,1,4,0.435,1
R00059,Manipur,Noney,Rural Road,2019-06-10,37.4,156.3,27.6,81.7,3.2,291.1,9.02,0.228,1,2,0.643,1
R00115,Nagaland,Chumoukedima,National Highway,2018-04-04,17.1,49.7,20.7,73.1,19.3,1006.3,6.33,0.083,4,4,0.804,1
R00149,Tripura,Sepahijala,State Highway,2017-02-07,4.0,9.1,28.9,71.7,9.6,30.0,6.19,0.088,0,3,0.759,0
R00054,Manipur,Ukhrul,Border Road,2017-03-08,12.1,25.4,23.7,69.0,14.1,655.7,5.45,0.106,3,1,0.662,1
R00030,Assam,Tinsukia,Major District Road,2018-10-07,24.5,90.1,28.1,73.3,11.0,32.6,1.1,0.226,2,2,0.933,0
R00099,Mizoram,Hnahthial,Major District Road,2019-07-02,105.6,248.2,18.9,91.3,17.1,1261.7,19.88,0.218,2,2,0.527,1
R00166,Inter-state corridor,Darrang,Major District Road,2024-09-09,90.5,139.7,22.4,88.6,7.0,830.6,6.39,0.167,3,1,0.862,1
R00029,Assam,Nagaon,Rural Road,2018-06-14,49.0,145.0,20.1,87.1,11.5,1011.8,15.41,0.148,2,2,0.677,0
R00079,Meghalaya,West Jaintia Hills,Rural Road,2024-06-28,61.0,268.0,17.8,87.7,21.5,1175.8,3.61,0.268,1,1,0.889,1
R00002,Arunachal Pradesh,Lower Subansiri,Major District Road,2023-03-04,19.8,66.9,17.4,74.4,20.7,1684.9,1.13,0.185,4,0,0.989,0
R00123,Sikkim,Gangtok,Border Road,2016-11-11,26.6,58.7,16.2,74.5,24.9,1693.1,7.22,0.081,8,5,0.597,1
R00126,Sikkim,Pakyong,State Highway,2018-01-24,18.2,55.2,20.9,68.3,19.5,1584.8,4.45,0.083,2,3,0.816,1
R00116,Nagaland,Kohima,Rural Road,2023-08-12,62.2,293.2,25.0,92.2,11.7,823.9,7.95,0.288,2,4,0.76,0
R00123,Sikkim,Gangtok,Border Road,2020-01-25,5.4,27.7,19.9,68.7,24.9,1693.1,5.96,0.113,6,4,0.534,0
R00044,Manipur,Ukhrul,State Highway,2023-10-08,19.6,62.0,26.4,74.3,9.8,111.7,3.47,0.124,0,0,0.871,0
R00042,Manipur,Ukhrul,Rural Road,2019-09-07,64.3,234.7,25.2,91.2,11.9,312.5,11.05,0.303,2,1,0.738,1
R00058,Manipur,Tamenglong,State Highway,2016-10-28,28.1,91.0,25.9,75.6,8.9,263.0,4.78,0.106,3,4,0.685,0
R00132,Sikkim,Gyalshing,State Highway,2020-09-02,46.7,86.6,15.6,86.3,13.0,1847.6,11.99,0.088,1,1,0.967,1
R00036,Assam,Darrang,National Highway,2022-01-07,1.7,10.0,23.6,70.1,2.4,165.6,13.77,0.129,1,2,0.541,0
R00134,Sikkim,Mangan,Rural Road,2021-10-01,93.8,184.5,21.0,74.4,18.4,1467.2,4.81,0.177,3,1,0.553,1
R00041,Manipur,Noney,PMGSY Road,2022-08-20,31.2,274.9,24.0,86.1,12.6,617.1,22.42,0.315,3,0,0.966,0
R00041,Manipur,Noney,PMGSY Road,2018-12-24,12.2,25.6,24.4,68.4,12.6,617.1,8.04,0.085,3,1,0.992,0
R00005,Arunachal Pradesh,Upper Subansiri,State Highway,2020-09-03,85.9,221.7,17.4,79.6,25.1,1549.7,7.85,0.189,4,3,0.18,1
R00152,Tripura,Dhalai,State Highway,2021-06-08,32.3,155.4,26.1,90.3,1.0,311.1,7.07,0.253,0,3,0.457,1
R00155,Tripura,Sepahijala,Major District Road,2018-05-26,2.8,118.6,24.5,80.1,1.9,567.5,9.11,0.202,2,4,0.706,0
R00045,Manipur,Ukhrul,State Highway,2026-08-28,32.6,158.7,21.6,87.7,10.7,893.2,5.0,0.161,2,2,0.778,1
R00067,Meghalaya,East Garo Hills,State Highway,2019-12-25,4.6,16.1,21.8,72.1,11.1,686.2,8.94,0.082,3,3,0.679,0
R00077,Meghalaya,North Garo Hills,National Highway,2024-06-17,67.2,137.7,21.8,92.9,13.7,427.3,3.64,0.186,4,2,0.614,1
R00034,Assam,Barpeta,State Highway,2022-04-20,24.8,32.9,26.9,71.4,5.6,722.8,2.52,0.229,1,3,0.525,0
R00084,Mizoram,Hnahthial,Major District Road,2020-11-13,27.9,79.7,22.2,72.3,8.3,469.4,3.64,0.105,3,2,0.894,0
R00025,Assam,Dhubri,Rural Road,2023-07-25,44.3,118.8,26.9,98.5,5.3,30.0,8.29,0.213,1,1,0.6,1
R00035,Assam,Dibrugarh,Major District Road,2021-10-21,13.2,71.7,26.2,82.6,7.2,655.2,3.39,0.15,3,2,0.787,1
R00052,Manipur,Jiribam,Major District Road,2017-04-15,21.3,42.4,26.7,76.1,1.2,176.8,12.43,0.143,0,4,0.853,0
R00028,Assam,Kamrup Metropolitan,Rural Road,2025-04-01,7.7,69.5,25.5,76.9,1.0,1155.4,5.49,0.146,2,2,0.845,0
R00058,Manipur,Tamenglong,State Highway,2023-11-11,27.9,54.1,27.2,75.6,8.9,263.0,7.83,0.113,0,2,0.758,0
R00116,Nagaland,Kohima,Rural Road,2019-10-22,7.5,125.7,21.9,81.3,11.7,823.9,8.65,0.15,2,2,0.727,0
R00155,Tripura,Sepahijala,Major District Road,2026-05-21,23.8,79.9,24.6,72.8,1.9,567.5,13.87,0.154,1,3,0.731,0
R00070,Meghalaya,West Jaintia Hills,Rural Road,2026-05-03,12.4,42.2,19.8,85.3,24.2,1031.4,3.2,0.066,3,3,0.653,0
R00100,Mizoram,Champhai,PMGSY Road,2017-07-27,35.3,233.6,18.0,93.5,10.8,1208.8,10.2,0.218,5,2,0.553,1
R00019,Arunachal Pradesh,East Kameng,Rural Road,2021-05-01,31.3,81.1,17.6,81.5,19.4,1646.1,2.85,0.238,2,2,0.731,0
R00118,Nagaland,Mon,State Highway,2017-11-21,4.0,68.3,23.2,77.7,13.7,734.2,7.86,0.149,2,4,0.902,1
R00001,Arunachal Pradesh,Tawang,State Highway,2020-10-07,39.3,151.0,19.9,75.2,16.5,1597.9,5.11,0.133,3,3,0.68,1
R00069,Meghalaya,Ri-Bhoi,PMGSY Road,2021-01-08,6.8,45.7,24.0,60.2,13.1,484.0,3.03,0.098,3,1,0.942,1
R00011,Arunachal Pradesh,Namsai,Rural Road,2020-04-02,53.5,90.5,21.5,76.0,21.2,1663.5,3.38,0.133,5,5,0.799,1
R00055,Manipur,Senapati,State Highway,2023-10-26,7.4,155.6,22.7,76.2,10.7,593.7,8.22,0.146,3,1,0.718,0
R00054,Manipur,Ukhrul,Border Road,2024-10-22,26.1,120.9,23.3,78.3,14.1,655.7,10.13,0.139,5,4,0.582,0
R00033,Assam,Lakhimpur,Border Road,2023-10-21,17.6,44.5,27.3,76.6,5.7,30.0,2.89,0.2,2,1,0.781,0
R00031,Assam,Kamrup,State Highway,2019-02-04,3.0,12.6,23.6,66.4,9.8,756.2,4.16,0.124,1,2,0.417,0
R00039,Assam,Tinsukia,Border Road,2017-09-20,62.3,205.9,25.6,87.4,15.3,137.6,4.81,0.246,3,4,0.764,1
R00013,Arunachal Pradesh,Upper Subansiri,Border Road,2023-09-03,10.8,245.6,22.1,86.8,21.4,1130.4,5.48,0.295,4,2,0.942,0
R00101,Nagaland,Kohima,State Highway,2018-12-11,4.1,24.6,22.9,68.5,8.8,1093.4,2.34,0.142,1,2,0.849,0
R00038,Assam,Barpeta,Rural Road,2025-09-19,29.3,178.1,23.3,87.4,11.7,427.5,12.13,0.206,2,2,0.928,1
R00155,Tripura,Sepahijala,Major District Road,2020-10-12,3.0,61.6,25.9,78.0,1.9,567.5,7.81,0.152,2,2,0.731,0
R00041,Manipur,Noney,PMGSY Road,2021-08-19,153.4,206.4,25.8,93.8,12.6,617.1,6.21,0.205,2,3,0.875,1
R00025,Assam,Dhubri,Rural Road,2017-10-06,6.3,41.1,28.6,74.6,5.3,30.0,4.66,0.162,2,3,0.579,0
R00046,Manipur,Ukhrul,Major District Road,2024-07-04,21.3,103.8,24.5,96.5,16.6,599.0,3.86,0.135,4,2,0.661,1
R00012,Arunachal Pradesh,West Siang,Border Road,2018-11-08,25.5,72.7,15.7,71.2,18.2,1398.0,8.69,0.116,4,1,0.596,0
R00017,Arunachal Pradesh,Upper Subansiri,Rural Road,2018-02-25,1.3,18.3,18.0,66.2,27.7,1205.7,14.34,0.078,7,2,0.449,1
R00060,Manipur,Noney,National Highway,2018-05-23,36.0,81.2,26.9,83.8,5.5,69.4,3.82,0.161,3,1,0.706,0
R00002,Arunachal Pradesh,Lower Subansiri,Major District Road,2021-02-24,20.6,92.3,19.4,69.8,20.7,1684.9,16.64,0.095,5,0,0.902,1
R00112,Nagaland,Kohima,State Highway,2026-06-08,18.7,86.9,26.5,86.6,7.7,113.9,10.78,0.184,4,2,0.485,1
R00078,Meghalaya,East Garo Hills,PMGSY Road,2016-02-20,1.2,12.4,19.6,70.3,8.6,1098.8,9.95,0.1,3,2,0.87,1
R00111,Nagaland,Wokha,State Highway,2018-07-02,80.4,165.0,28.9,87.2,17.2,88.6,5.16,0.237,5,0,0.697,1
R00155,Tripura,Sepahijala,Major District Road,2026-05-19,32.2,108.7,24.3,81.4,1.9,567.5,10.88,0.186,2,2,0.708,1
R00107,Nagaland,Mon,Bridge Approach,2018-10-11,8.3,56.9,18.9,81.1,12.4,1337.8,13.54,0.106,3,2,0.919,0
R00062,Meghalaya,Eastern West Khasi Hills,State Highway,2024-06-09,80.1,290.4,22.7,86.2,16.2,1056.9,13.16,0.31,4,3,0.641,1
R00149,Tripura,Sepahijala,State Highway,2017-09-23,39.3,236.0,27.3,83.3,9.6,30.0,16.03,0.225,4,2,0.898,1
R00106,Nagaland,Chumoukedima,Rural Road,2022-06-28,6.0,75.0,19.6,87.3,13.6,1186.3,11.78,0.145,2,1,0.741,0
R00010,Arunachal Pradesh,East Kameng,National Highway,2016-02-20,4.9,12.0,17.2,67.2,17.1,1980.2,15.19,0.083,4,1,0.815,0
R00125,Sikkim,Gyalshing,Border Road,2026-01-03,12.9,23.5,22.2,68.6,20.3,1270.2,14.7,0.094,4,5,0.523,1
R00163,Inter-state corridor,Barpeta,PMGSY Road,2018-09-16,34.3,107.7,26.0,85.3,4.5,471.2,2.92,0.355,1,4,0.9,0
R00139,Sikkim,Gyalshing,State Highway,2023-04-19,26.8,116.4,16.5,75.5,14.6,2279.0,4.05,0.107,6,1,0.655,1
R00073,Meghalaya,East Khasi Hills,National Highway,2024-02-08,1.0,23.1,24.5,68.2,12.8,614.0,7.65,0.08,3,3,0.732,0
R00011,Arunachal Pradesh,Namsai,Rural Road,2016-09-16,78.2,322.8,15.2,80.3,21.2,1663.5,6.74,0.407,4,4,0.755,1
R00014,Arunachal Pradesh,Longding,National Highway,2019-07-04,52.4,194.1,22.8,93.2,23.6,874.4,14.33,0.235,1,3,0.636,0
R00083,Mizoram,Serchhip,PMGSY Road,2021-09-27,36.2,195.1,25.0,85.3,11.7,461.2,4.87,0.231,2,2,0.779,1
R00093,Mizoram,Champhai,National Highway,2022-03-17,9.6,53.1,27.8,74.7,13.8,195.0,3.77,0.084,2,4,0.606,1
R00061,Meghalaya,South Garo Hills,PMGSY Road,2019-09-05,36.9,214.4,26.8,90.1,16.6,321.0,11.85,0.24,2,3,0.973,0
R00021,Assam,Darrang,National Highway,2020-01-23,6.1,19.1,24.2,69.2,9.4,30.0,6.16,0.123,0,2,0.602,0
R00042,Manipur,Ukhrul,Rural Road,2019-09-22,79.6,208.8,24.4,83.8,11.9,312.5,8.44,0.217,0,1,0.807,1
R00032,Assam,Tinsukia,National Highway,2025-12-03,10.2,30.2,24.2,70.8,10.6,598.5,2.87,0.157,3,4,0.56,0
R00134,Sikkim,Mangan,Rural Road,2020-02-23,5.9,53.1,20.0,74.0,18.4,1467.2,6.11,0.115,4,4,0.663,1
R00061,Meghalaya,South Garo Hills,PMGSY Road,2026-09-11,14.3,163.7,24.7,85.7,16.6,321.0,5.33,0.213,1,2,0.821,1
R00127,Sikkim,Mangan,PMGSY Road,2019-05-21,64.0,230.6,21.7,81.0,14.7,1378.1,6.76,0.206,3,3,0.889,1
R00157,Tripura,South Tripura,Major District Road,2026-04-26,41.2,117.2,24.8,74.0,1.0,420.9,15.61,0.205,1,2,0.852,0
R00051,Manipur,Imphal East,Border Road,2019-09-05,65.7,117.5,23.2,82.9,16.2,548.7,4.36,0.188,2,4,0.741,1
R00031,Assam,Kamrup,State Highway,2025-10-06,6.6,65.6,24.9,71.8,9.8,756.2,3.78,0.112,1,1,0.374,1
R00096,Mizoram,Saitual,State Highway,2018-04-04,12.1,42.4,23.1,71.5,15.7,655.0,7.47,0.122,2,5,0.39,1
R00142,Tripura,West Tripura,Bridge Approach,2025-12-05,0.8,22.4,29.0,66.5,4.3,30.0,14.98,0.129,3,2,0.701,0
R00059,Manipur,Noney,Rural Road,2016-07-01,41.5,215.3,27.2,92.3,3.2,291.1,2.74,0.399,2,0,0.633,1
R00033,Assam,Lakhimpur,Border Road,2021-02-26,12.3,29.4,25.7,73.0,5.7,30.0,9.43,0.116,2,3,0.738,0
R00161,Inter-state corridor,Dhubri,Border Road,2021-05-07,49.1,66.8,26.3,82.7,11.5,332.3,16.26,0.118,1,0,0.733,0
R00073,Meghalaya,East Khasi Hills,National Highway,2022-10-01,19.3,64.0,25.0,76.9,12.8,614.0,3.41,0.148,3,4,0.734,0
R00144,Tripura,South Tripura,Border Road,2016-08-24,7.3,131.6,26.6,84.7,1.0,363.4,3.73,0.195,0,2,0.487,0
R00112,Nagaland,Kohima,State Highway,2019-03-05,14.6,54.4,25.6,73.1,7.7,113.9,6.28,0.143,1,2,0.536,0
R00028,Assam,Kamrup Metropolitan,Rural Road,2026-01-14,4.6,21.0,18.5,68.5,1.0,1155.4,5.49,0.154,2,0,0.813,0
R00035,Assam,Dibrugarh,Major District Road,2021-02-01,8.6,25.4,22.9,69.3,7.2,655.2,12.8,0.113,4,1,0.809,0
R00074,Meghalaya,West Khasi Hills,Rural Road,2016-01-04,6.9,12.9,16.5,67.1,8.6,1585.4,3.43,0.071,4,4,0.53,1
R00053,Manipur,Noney,Rural Road,2016-07-22,5.6,108.1,26.3,88.7,8.3,299.8,7.97,0.169,1,2,0.497,0
R00141,Tripura,West Tripura,Major District Road,2021-12-24,4.1,24.6,26.1,74.1,1.0,49.5,5.11,0.095,0,4,0.952,0
R00128,Sikkim,Namchi,National Highway,2026-10-12,19.5,115.2,17.2,80.5,25.6,1459.3,8.69,0.11,5,2,0.838,1
R00121,Sikkim,Gangtok,Border Road,2017-05-03,21.4,109.9,19.2,78.8,13.2,1998.3,3.9,0.111,3,3,0.784,1
R00012,Arunachal Pradesh,West Siang,Border Road,2019-02-26,13.3,24.5,17.5,68.5,18.2,1398.0,9.63,0.09,3,3,0.696,0
R00161,Inter-state corridor,Dhubri,Border Road,2023-11-08,30.5,49.1,25.6,74.1,11.5,332.3,1.44,0.168,3,0,0.668,0
R00026,Assam,Golaghat,National Highway,2018-09-24,35.0,178.1,24.7,89.4,12.4,58.3,3.93,0.177,2,4,0.398,1
R00009,Arunachal Pradesh,Namsai,Major District Road,2022-02-09,10.0,14.8,23.5,67.2,20.7,921.8,6.25,0.083,3,4,0.738,0
R00003,Arunachal Pradesh,Tawang,PMGSY Road,2025-02-11,3.8,18.8,16.1,69.0,22.8,1580.1,4.77,0.095,3,0,0.915,0
R00051,Manipur,Imphal East,Border Road,2016-01-13,1.5,12.9,23.5,69.0,16.2,548.7,16.73,0.107,2,2,0.781,0
R00032,Assam,Tinsukia,National Highway,2017-07-09,61.3,212.7,23.9,90.3,10.6,598.5,3.91,0.219,2,2,0.592,1
R00084,Mizoram,Hnahthial,Major District Road,2018-11-24,11.6,56.0,22.7,73.8,8.3,469.4,8.79,0.111,2,2,0.8,1
R00086,Mizoram,Aizawl,State Highway,2025-11-07,11.2,78.7,18.4,73.7,14.9,1222.8,4.56,0.107,4,2,0.744,0
R00034,Assam,Barpeta,State Highway,2021-12-01,14.4,23.8,21.2,63.2,5.6,722.8,2.84,0.217,1,0,0.604,0
R00154,Tripura,West Tripura,Border Road,2026-01-23,8.8,20.0,23.5,75.2,3.4,57.7,3.22,0.146,2,3,0.939,0
R00021,Assam,Darrang,National Highway,2018-10-17,46.1,91.9,25.7,78.6,9.4,30.0,4.77,0.143,3,1,0.702,0
R00166,Inter-state corridor,Darrang,Major District Road,2018-02-26,0.5,32.2,21.3,74.4,7.0,830.6,4.3,0.151,1,5,0.829,1
R00087,Mizoram,Hnahthial,Border Road,2020-01-27,4.4,12.2,27.0,75.5,13.7,261.3,4.91,0.08,3,2,0.851,0
R00092,Mizoram,Mamit,Major District Road,2021-09-24,51.5,85.6,18.8,86.7,22.4,1158.3,6.22,0.109,3,4,0.516,1
R00023,Assam,Darrang,PMGSY Road,2022-06-21,57.2,120.5,28.3,89.7,3.1,70.7,6.92,0.163,4,0,0.746,0
R00142,Tripura,West Tripura,Bridge Approach,2021-04-03,11.4,48.6,23.6,84.3,4.3,30.0,2.64,0.236,0,3,0.661,0
R00022,Assam,Dhubri,Major District Road,2016-04-08,23.2,83.8,27.7,69.5,8.6,30.0,4.21,0.152,0,4,0.523,1
R00034,Assam,Barpeta,State Highway,2016-03-16,13.0,29.4,23.5,76.0,5.6,722.8,4.01,0.106,5,3,0.623,1
R00095,Mizoram,Serchhip,PMGSY Road,2023-02-24,6.7,28.7,22.6,66.5,12.7,567.8,3.32,0.098,2,1,0.999,1
R00137,Sikkim,Gangtok,Border Road,2024-10-26,33.9,104.3,21.0,76.9,30.8,1740.6,4.28,0.079,3,2,0.843,1
R00118,Nagaland,Mon,State Highway,2022-03-14,17.1,29.0,23.1,69.5,13.7,734.2,5.9,0.087,4,1,0.849,0
R00118,Nagaland,Mon,State Highway,2020-05-26,8.7,51.8,25.2,73.7,13.7,734.2,4.7,0.133,3,1,0.857,1
R00145,Tripura,Dhalai,Rural Road,2019-11-13,14.9,70.5,24.1,71.8,1.0,211.0,6.94,0.133,2,1,0.861,0
R00109,Nagaland,Chumoukedima,Border Road,2021-12-04,6.2,31.9,21.6,65.6,4.6,698.8,19.58,0.106,4,0,0.761,0
R00091,Mizoram,Champhai,Major District Road,2016-05-06,33.8,138.8,25.7,78.5,15.8,30.0,4.89,0.157,1,5,0.623,1
R00031,Assam,Kamrup,State Highway,2026-02-04,4.0,17.3,24.8,63.8,9.8,756.2,14.56,0.089,2,3,0.326,1
R00057,Manipur,Ukhrul,National Highway,2024-04-13,32.8,90.8,24.0,73.0,13.0,225.6,5.54,0.137,4,2,0.516,1
R00127,Sikkim,Mangan,PMGSY Road,2016-06-21,16.6,144.3,19.2,85.5,14.7,1378.1,6.23,0.131,4,5,0.886,1
R00004,Arunachal Pradesh,Upper Subansiri,State Highway,2026-11-11,9.8,53.0,18.6,70.5,16.8,1320.8,1.06,0.221,2,0,0.572,0
R00153,Tripura,Dhalai,Border Road,2018-02-17,7.0,28.5,22.6,75.6,5.5,100.6,6.96,0.138,2,0,0.837,0
R00055,Manipur,Senapati,State Highway,2020-07-28,20.3,167.4,24.1,91.2,10.7,593.7,8.11,0.151,3,3,0.719,1
R00046,Manipur,Ukhrul,Major District Road,2026-09-03,25.8,247.0,25.2,83.6,16.6,599.0,6.19,0.231,3,5,0.746,1
R00151,Tripura,Sepahijala,Border Road,2025-05-08,44.7,169.7,27.1,80.7,4.5,30.0,8.16,0.255,2,0,0.821,0
R00109,Nagaland,Chumoukedima,Border Road,2025-04-08,23.1,45.8,25.8,73.1,4.6,698.8,6.47,0.094,2,2,0.801,1
R00030,Assam,Tinsukia,Major District Road,2020-12-24,8.1,15.9,24.2,72.0,11.0,32.6,5.57,0.118,2,0,0.869,0
R00073,Meghalaya,East Khasi Hills,National Highway,2023-01-17,11.0,30.9,22.0,66.0,12.8,614.0,6.52,0.122,3,2,0.684,0
R00101,Nagaland,Kohima,State Highway,2024-01-05,5.6,34.9,19.2,67.3,8.8,1093.4,3.88,0.088,2,3,0.804,0
R00149,Tripura,Sepahijala,State Highway,2016-05-02,7.9,86.7,27.5,80.0,9.6,30.0,6.97,0.13,2,2,0.763,0
R00095,Mizoram,Serchhip,PMGSY Road,2026-07-07,21.2,128.7,24.4,85.1,12.7,567.8,11.5,0.158,4,3,0.937,1
R00156,Tripura,West Tripura,PMGSY Road,2025-10-10,17.4,62.3,27.2,80.8,8.7,30.0,16.41,0.164,4,0,0.934,0
R00136,Sikkim,Gangtok,Rural Road,2021-10-08,35.0,82.8,15.4,75.3,18.6,2156.7,6.94,0.111,5,4,0.682,0
R00167,Inter-state corridor,Barpeta,Rural Road,2021-10-20,22.4,98.5,23.2,79.5,22.3,835.8,13.45,0.145,1,2,0.792,0
R00043,Manipur,Jiribam,National Highway,2017-06-20,43.4,162.2,25.0,82.1,4.7,742.1,16.76,0.171,3,1,0.754,0
R00057,Manipur,Ukhrul,National Highway,2019-02-24,3.9,21.0,28.5,70.0,13.0,225.6,8.7,0.123,2,3,0.551,0
R00028,Assam,Kamrup Metropolitan,Rural Road,2024-11-14,20.8,36.2,20.9,74.8,1.0,1155.4,15.92,0.104,2,1,0.856,0
R00041,Manipur,Noney,PMGSY Road,2016-12-12,1.7,6.3,25.7,69.0,12.6,617.1,6.75,0.089,3,2,0.948,0
R00006,Arunachal Pradesh,East Kameng,Rural Road,2021-02-20,8.2,45.8,20.6,66.9,21.5,1354.8,1.04,0.17,2,3,0.855,0
R00129,Sikkim,Mangan,Major District Road,2020-02-19,9.3,30.5,21.1,74.3,21.1,1669.5,10.08,0.105,3,2,0.62,0
R00137,Sikkim,Gangtok,Border Road,2026-07-22,130.6,218.1,19.3,93.5,30.8,1740.6,8.68,0.186,5,4,0.826,1
R00113,Nagaland,Longleng,PMGSY Road,2020-05-04,52.8,145.2,26.6,78.7,23.6,793.0,14.68,0.157,3,4,0.495,1
R00103,Nagaland,Niuland,State Highway,2020-06-13,97.7,192.5,25.8,78.7,13.1,126.1,7.06,0.231,1,1,0.894,1
R00131,Sikkim,Namchi,Bridge Approach,2016-11-11,6.8,25.5,20.2,74.7,17.9,1430.7,2.53,0.156,5,5,0.628,1
R00022,Assam,Dhubri,Major District Road,2025-01-01,3.9,10.2,25.8,73.6,8.6,30.0,11.94,0.102,1,0,0.525,0
R00080,Meghalaya,East Khasi Hills,State Highway,2016-12-02,2.9,35.2,21.6,72.0,15.6,902.8,3.96,0.121,3,6,0.731,1
R00080,Meghalaya,East Khasi Hills,State Highway,2017-07-08,65.4,250.2,22.5,87.1,15.6,902.8,12.85,0.223,4,2,0.738,1
R00077,Meghalaya,North Garo Hills,National Highway,2022-07-09,54.0,229.1,25.7,95.7,13.7,427.3,4.41,0.249,0,3,0.689,0
R00046,Manipur,Ukhrul,Major District Road,2026-04-18,15.3,66.1,23.1,75.9,16.6,599.0,9.19,0.11,3,2,0.745,0
R00154,Tripura,West Tripura,Border Road,2020-12-13,6.5,20.6,23.6,66.9,3.4,57.7,2.55,0.243,0,1,0.891,0
R00117,Nagaland,Peren,Rural Road,2023-08-24,21.1,168.3,24.2,91.0,10.8,404.0,5.44,0.113,2,1,0.921,0
R00117,Nagaland,Peren,Rural Road,2022-02-22,5.8,16.4,22.5,70.3,10.8,404.0,5.52,0.081,4,1,0.889,0
R00140,Sikkim,Namchi,Rural Road,2020-06-02,11.4,208.8,20.1,88.3,23.6,1635.2,10.85,0.188,3,4,0.449,0
R00115,Nagaland,Chumoukedima,National Highway,2024-05-15,47.7,158.0,21.5,85.0,19.3,1006.3,6.93,0.179,1,5,0.821,0
R00015,Arunachal Pradesh,Tirap,Major District Road,2019-03-19,3.0,29.9,21.6,68.2,27.6,1221.6,11.04,0.1,3,3,0.719,0
R00066,Meghalaya,East Garo Hills,Rural Road,2026-04-01,5.9,64.2,20.1,76.1,17.5,1357.5,5.79,0.104,4,2,0.707,1
R00040,Assam,Lakhimpur,National Highway,2017-02-17,6.4,27.6,24.3,67.2,9.5,583.6,3.53,0.108,2,3,0.874,0
R00100,Mizoram,Champhai,PMGSY Road,2024-11-16,5.7,31.9,22.6,74.2,10.8,1208.8,3.33,0.087,3,2,0.57,1
R00155,Tripura,Sepahijala,Major District Road,2020-09-27,16.5,70.9,22.6,80.1,1.9,567.5,5.0,0.15,3,3,0.752,1
R00137,Sikkim,Gangtok,Border Road,2021-04-26,7.7,35.0,19.0,75.5,30.8,1740.6,3.04,0.114,6,3,0.838,1
R00048,Manipur,Ukhrul,PMGSY Road,2023-08-21,56.1,129.9,25.2,88.7,16.3,421.3,7.88,0.139,2,1,0.355,1
R00066,Meghalaya,East Garo Hills,Rural Road,2016-03-05,40.0,43.4,21.4,72.6,17.5,1357.5,6.03,0.087,4,1,0.657,1
R00066,Meghalaya,East Garo Hills,Rural Road,2026-08-13,93.4,206.9,20.9,99.0,17.5,1357.5,3.12,0.249,3,3,0.693,1
R00018,Arunachal Pradesh,West Kameng,State Highway,2021-09-03,106.3,196.2,16.1,86.0,20.8,1771.2,12.54,0.182,3,6,0.719,1
R00090,Mizoram,Hnahthial,State Highway,2024-12-23,6.3,28.2,24.1,67.6,18.9,726.1,10.04,0.092,3,4,0.82,1
R00071,Meghalaya,East Garo Hills,National Highway,2022-03-04,8.6,33.4,24.4,73.6,14.9,469.7,15.76,0.085,4,3,0.8,1
R00097,Mizoram,Hnahthial,National Highway,2020-04-04,10.9,51.8,24.4,78.9,13.7,305.6,6.02,0.125,4,1,0.695,0
R00053,Manipur,Noney,Rural Road,2021-10-04,35.8,133.8,25.9,76.7,8.3,299.8,6.56,0.134,5,1,0.533,1
R00051,Manipur,Imphal East,Border Road,2020-07-12,60.1,182.9,22.7,87.1,16.2,548.7,6.09,0.211,4,2,0.791,0
R00013,Arunachal Pradesh,Upper Subansiri,Border Road,2016-11-02,23.0,54.2,22.9,75.1,21.4,1130.4,3.89,0.083,4,2,0.868,1
R00162,Inter-state corridor,Kamrup,PMGSY Road,2018-07-18,14.2,138.7,29.6,93.0,10.5,521.8,10.0,0.15,3,0,0.667,0
R00053,Manipur,Noney,Rural Road,2021-03-16,16.8,22.1,23.4,69.6,8.3,299.8,4.73,0.058,1,3,0.454,0
R00064,Meghalaya,North Garo Hills,State Highway,2024-07-12,68.4,157.4,21.2,90.6,19.2,1410.0,4.3,0.124,4,3,0.972,1
R00103,Nagaland,Niuland,State Highway,2023-10-16,104.6,208.3,23.9,78.8,13.1,126.1,3.14,0.221,1,1,0.886,1
R00038,Assam,Barpeta,Rural Road,2026-05-20,14.7,94.6,24.7,85.6,11.7,427.5,6.74,0.159,3,2,0.948,0
R00060,Manipur,Noney,National Highway,2024-04-03,8.6,52.6,26.4,77.9,5.5,69.4,4.25,0.197,1,2,0.714,0
R00037,Assam,Dhemaji,Border Road,2017-10-13,8.6,175.2,24.9,76.4,7.0,30.0,12.05,0.317,3,2,0.894,0
R00103,Nagaland,Niuland,State Highway,2018-01-15,1.9,39.3,27.8,59.8,13.1,126.1,3.72,0.097,4,3,0.968,0
R00091,Mizoram,Champhai,Major District Road,2026-09-10,33.5,203.8,26.5,85.1,15.8,30.0,8.15,0.193,4,1,0.492,1
R00136,Sikkim,Gangtok,Rural Road,2018-04-22,69.6,108.3,16.7,81.8,18.6,2156.7,6.77,0.102,2,1,0.691,1
R00057,Manipur,Ukhrul,National Highway,2021-12-08,5.9,33.3,26.4,69.5,13.0,225.6,9.59,0.12,2,4,0.6,0
R00167,Inter-state corridor,Barpeta,Rural Road,2021-12-22,4.9,29.1,22.3,69.0,22.3,835.8,3.19,0.075,3,1,0.798,1
R00067,Meghalaya,East Garo Hills,State Highway,2019-01-08,10.5,23.4,24.2,68.9,11.1,686.2,5.96,0.098,3,0,0.56,1
R00072,Meghalaya,South West Khasi Hills,State Highway,2022-09-06,24.6,91.9,21.0,85.8,20.2,1182.9,7.41,0.158,3,2,0.487,0
R00122,Sikkim,Namchi,National Highway,2021-03-04,10.6,116.5,19.2,75.2,23.1,1644.1,9.97,0.127,4,5,0.522,1
R00115,Nagaland,Chumoukedima,National Highway,2020-07-18,13.2,239.2,22.4,90.3,19.3,1006.3,5.76,0.248,6,2,0.892,1
R00074,Meghalaya,West Khasi Hills,Rural Road,2017-05-13,30.8,142.7,18.4,75.7,8.6,1585.4,15.32,0.155,2,3,0.49,0
R00096,Mizoram,Saitual,State Highway,2024-04-25,29.0,55.7,19.8,77.1,15.7,655.0,7.71,0.094,3,5,0.247,1
R00065,Meghalaya,East Khasi Hills,Bridge Approach,2019-08-01,69.2,348.6,22.9,88.7,15.5,756.3,10.42,0.391,5,5,0.862,1
R00063,Meghalaya,West Garo Hills,State Highway,2022-03-19,11.2,17.0,22.5,74.7,15.4,831.3,4.99,0.091,2,1,0.793,0
R00088,Mizoram,Aizawl,State Highway,2019-09-13,76.5,160.2,25.4,86.1,15.6,1093.4,4.37,0.165,1,4,0.808,1
R00160,Tripura,Dhalai,PMGSY Road,2020-08-22,37.7,211.0,24.5,90.7,8.2,374.2,4.87,0.219,0,1,0.645,0
R00065,Meghalaya,East Khasi Hills,Bridge Approach,2026-12-23,5.5,35.2,21.0,66.8,15.5,756.3,6.27,0.126,4,5,0.832,1
R00106,Nagaland,Chumoukedima,Rural Road,2023-08-26,76.0,266.7,21.0,93.7,13.6,1186.3,21.43,0.276,4,2,0.745,1
R00122,Sikkim,Namchi,National Highway,2018-02-23,12.7,61.1,20.6,64.9,23.1,1644.1,8.39,0.087,4,4,0.46,1
R00042,Manipur,Ukhrul,Rural Road,2016-12-18,5.3,12.4,26.5,70.7,11.9,312.5,4.49,0.109,1,3,0.762,0
R00154,Tripura,West Tripura,Border Road,2021-06-05,33.8,162.3,26.7,90.0,3.4,57.7,3.55,0.266,1,1,0.853,0
R00073,Meghalaya,East Khasi Hills,National Highway,2024-03-16,12.0,68.7,24.4,71.5,12.8,614.0,17.38,0.145,3,1,0.638,1
R00033,Assam,Lakhimpur,Border Road,2019-11-15,9.2,26.8,28.2,71.6,5.7,30.0,4.55,0.151,1,3,0.73,0
R00087,Mizoram,Hnahthial,Border Road,2017-08-05,1.5,309.3,25.5,87.6,13.7,261.3,11.33,0.319,5,1,0.823,1
R00098,Mizoram,Hnahthial,PMGSY Road,2022-01-19,3.2,27.8,26.2,68.1,16.3,345.3,10.77,0.084,3,3,0.595,1
R00122,Sikkim,Namchi,National Highway,2022-07-01,41.4,150.1,22.0,93.2,23.1,1644.1,7.28,0.139,3,5,0.454,1
R00032,Assam,Tinsukia,National Highway,2017-06-11,12.6,102.3,25.1,85.9,10.6,598.5,15.21,0.156,2,4,0.642,1
R00028,Assam,Kamrup Metropolitan,Rural Road,2025-02-20,4.3,8.7,22.5,66.2,1.0,1155.4,6.27,0.105,2,3,0.874,0
R00097,Mizoram,Hnahthial,National Highway,2017-07-22,82.5,193.9,29.0,93.5,13.7,305.6,2.4,0.36,1,5,0.688,1
R00005,Arunachal Pradesh,Upper Subansiri,State Highway,2026-12-28,18.6,32.7,20.2,72.0,25.1,1549.7,3.93,0.085,6,6,0.191,0
R00014,Arunachal Pradesh,Longding,National Highway,2019-08-21,40.5,224.5,24.2,92.7,23.6,874.4,8.42,0.215,4,4,0.623,1
R00027,Assam,Barpeta,Bridge Approach,2023-06-14,64.5,265.3,25.3,92.9,1.0,30.0,9.42,0.287,0,2,0.461,1
R00141,Tripura,West Tripura,Major District Road,2019-03-22,5.8,24.8,27.8,72.4,1.0,49.5,5.36,0.135,0,2,0.889,0
R00150,Tripura,West Tripura,State Highway,2025-08-06,14.8,124.7,26.1,87.0,8.6,30.0,7.71,0.158,2,1,0.962,1
R00020,Arunachal Pradesh,Upper Subansiri,Border Road,2017-11-15,5.0,33.6,20.1,68.5,17.4,1417.7,5.36,0.065,4,6,0.562,1
R00021,Assam,Darrang,National Highway,2019-10-16,9.9,92.6,26.5,72.4,9.4,30.0,5.9,0.157,3,2,0.727,0
R00119,Nagaland,Phek,Rural Road,2018-07-22,73.3,173.2,20.0,95.6,5.5,554.5,7.69,0.17,2,2,0.548,1
R00049,Manipur,Thoubal,Border Road,2016-03-03,18.8,37.2,26.8,70.9,7.7,229.1,5.01,0.171,3,2,0.891,0
R00141,Tripura,West Tripura,Major District Road,2026-01-21,5.1,10.1,23.9,69.4,1.0,49.5,8.26,0.122,1,3,0.885,0
R00093,Mizoram,Champhai,National Highway,2019-03-05,2.7,52.6,23.2,70.5,13.8,195.0,3.14,0.086,3,0,0.683,1
R00153,Tripura,Dhalai,Border Road,2019-12-03,3.0,22.5,26.9,74.8,5.5,100.6,3.31,0.113,0,6,0.781,0
R00146,Tripura,Dhalai,PMGSY Road,2025-08-19,59.4,160.1,21.9,92.9,3.4,420.8,6.31,0.172,1,1,0.835,0
R00111,Nagaland,Wokha,State Highway,2019-07-01,19.7,323.6,27.5,88.4,17.2,88.6,9.97,0.429,2,0,0.748,1
R00020,Arunachal Pradesh,Upper Subansiri,Border Road,2026-07-11,165.0,214.6,18.2,89.9,17.4,1417.7,9.49,0.214,5,3,0.408,1
R00084,Mizoram,Hnahthial,Major District Road,2016-08-14,156.9,236.7,26.6,96.2,8.3,469.4,8.88,0.234,2,2,0.688,1
R00133,Sikkim,Namchi,Major District Road,2019-02-18,9.3,55.1,21.1,70.1,22.0,454.7,2.84,0.161,2,2,0.789,1
R00083,Mizoram,Serchhip,PMGSY Road,2021-03-20,9.4,41.8,24.2,75.8,11.7,461.2,5.16,0.141,1,3,0.731,1
R00100,Mizoram,Champhai,PMGSY Road,2023-05-19,29.1,133.9,18.9,79.6,10.8,1208.8,6.99,0.134,4,5,0.564,1
R00132,Sikkim,Gyalshing,State Highway,2016-09-05,65.2,168.1,19.6,78.6,13.0,1847.6,9.4,0.171,1,1,0.932,0
R00002,Arunachal Pradesh,Lower Subansiri,Major District Road,2024-07-15,36.2,168.1,21.3,92.9,20.7,1684.9,10.28,0.198,2,1,0.92,1
R00076,Meghalaya,South Garo Hills,PMGSY Road,2026-09-17,21.6,74.9,20.5,84.2,12.0,1230.0,6.6,0.101,3,1,0.964,0
R00056,Manipur,Noney,Bridge Approach,2021-11-24,11.1,61.9,26.6,71.6,9.2,30.0,2.93,0.273,2,2,0.76,0
R00065,Meghalaya,East Khasi Hills,Bridge Approach,2018-08-09,22.2,356.5,24.2,92.0,15.5,756.3,5.84,0.343,4,1,0.822,1
R00103,Nagaland,Niuland,State Highway,2024-04-10,4.4,65.7,29.1,76.9,13.1,126.1,11.37,0.139,2,1,0.922,0
R00049,Manipur,Thoubal,Border Road,2024-09-05,21.0,92.8,27.5,88.8,7.7,229.1,17.57,0.156,3,3,0.94,1
R00011,Arunachal Pradesh,Namsai,Rural Road,2020-05-03,13.1,49.4,19.3,81.8,21.2,1663.5,21.5,0.085,2,3,0.777,0
R00161,Inter-state corridor,Dhubri,Border Road,2022-09-28,37.3,193.6,22.5,77.0,11.5,332.3,9.13,0.234,3,1,0.687,1
R00116,Nagaland,Kohima,Rural Road,2024-02-26,2.3,15.0,25.4,69.8,11.7,823.9,7.35,0.079,4,0,0.729,1
R00152,Tripura,Dhalai,State Highway,2020-07-23,17.2,156.3,23.2,94.8,1.0,311.1,8.92,0.284,3,2,0.407,0
R00048,Manipur,Ukhrul,PMGSY Road,2025-01-01,6.6,26.0,25.6,70.3,16.3,421.3,5.05,0.108,3,5,0.554,0
R00129,Sikkim,Mangan,Major District Road,2024-03-04,20.4,38.7,20.3,71.1,21.1,1669.5,4.39,0.106,3,1,0.545,1
R00019,Arunachal Pradesh,East Kameng,Rural Road,2019-10-28,20.9,68.0,20.6,81.2,19.4,1646.1,9.92,0.116,3,2,0.795,1
R00166,Inter-state corridor,Darrang,Major District Road,2025-05-02,15.6,29.6,20.5,83.2,7.0,830.6,4.4,0.135,1,1,0.901,0
R00131,Sikkim,Namchi,Bridge Approach,2016-01-10,9.9,16.5,20.5,71.6,17.9,1430.7,9.48,0.073,4,4,0.682,0
R00053,Manipur,Noney,Rural Road,2016-04-02,10.1,29.6,26.6,72.4,8.3,299.8,3.28,0.083,1,0,0.546,0
R00070,Meghalaya,West Jaintia Hills,Rural Road,2025-04-12,38.3,110.4,21.8,79.1,24.2,1031.4,15.28,0.133,4,4,0.685,0
R00165,Inter-state corridor,Dibrugarh,PMGSY Road,2024-06-21,13.9,179.7,21.6,90.9,8.7,1060.9,7.72,0.187,0,2,0.574,1
R00143,Tripura,Unakoti,State Highway,2020-07-20,39.0,104.7,23.6,90.5,1.6,332.9,6.89,0.238,2,1,0.923,0
R00154,Tripura,West Tripura,Border Road,2024-08-20,36.6,282.3,28.3,92.7,3.4,57.7,4.42,0.35,0,2,0.793,0
R00063,Meghalaya,West Garo Hills,State Highway,2016-06-03,47.4,261.0,22.0,94.0,15.4,831.3,1.36,0.465,4,2,0.722,1
R00099,Mizoram,Hnahthial,Major District Road,2019-10-08,1.7,134.3,16.0,72.5,17.1,1261.7,7.65,0.147,2,3,0.476,1
R00065,Meghalaya,East Khasi Hills,Bridge Approach,2021-08-20,65.9,183.5,22.6,90.9,15.5,756.3,6.0,0.187,4,2,0.788,1
R00127,Sikkim,Mangan,PMGSY Road,2018-07-22,57.9,130.1,20.2,96.5,14.7,1378.1,5.18,0.149,2,4,0.815,1
R00041,Manipur,Noney,PMGSY Road,2023-10-21,21.3,75.0,24.5,79.0,12.6,617.1,7.81,0.11,1,1,0.957,0
R00001,Arunachal Pradesh,Tawang,State Highway,2017-05-13,61.1,139.3,21.5,77.9,16.5,1597.9,15.77,0.149,4,2,0.593,1
R00031,Assam,Kamrup,State Highway,2020-10-05,13.6,104.3,22.3,70.8,9.8,756.2,3.85,0.179,3,5,0.436,0
R00078,Meghalaya,East Garo Hills,PMGSY Road,2025-03-01,22.1,101.2,23.2,71.1,8.6,1098.8,9.08,0.107,3,3,0.906,0
R00033,Assam,Lakhimpur,Border Road,2021-04-27,16.1,83.8,26.6,76.4,5.7,30.0,3.44,0.175,2,2,0.696,0
R00072,Meghalaya,South West Khasi Hills,State Highway,2023-07-17,31.0,236.9,23.4,99.0,20.2,1182.9,11.84,0.233,5,4,0.383,1
R00132,Sikkim,Gyalshing,State Highway,2018-05-06,22.9,151.7,15.6,78.6,13.0,1847.6,4.14,0.131,1,1,0.908,0
R00019,Arunachal Pradesh,East Kameng,Rural Road,2016-08-12,88.5,283.6,18.2,88.4,19.4,1646.1,2.37,0.446,3,5,0.8,1
R00148,Tripura,Unakoti,State Highway,2018-06-07,34.0,187.4,25.7,87.9,5.9,314.1,8.3,0.234,2,0,0.695,0
R00012,Arunachal Pradesh,West Siang,Border Road,2019-07-22,65.4,278.2,18.9,90.3,18.2,1398.0,4.62,0.244,4,2,0.607,1
R00064,Meghalaya,North Garo Hills,State Highway,2024-11-28,3.9,52.1,18.8,75.2,19.2,1410.0,2.47,0.186,5,0,1.0,1
R00144,Tripura,South Tripura,Border Road,2024-05-25,31.0,127.9,23.8,78.2,1.0,363.4,12.23,0.213,3,0,0.48,0
R00094,Mizoram,Lunglei,Major District Road,2022-01-12,13.5,24.5,21.1,66.5,13.5,1205.9,7.45,0.096,3,1,0.831,0
R00039,Assam,Tinsukia,Border Road,2019-10-03,40.9,125.6,26.2,75.5,15.3,137.6,4.63,0.18,3,2,0.824,0
R00109,Nagaland,Chumoukedima,Border Road,2018-10-17,17.6,55.7,22.5,76.8,4.6,698.8,6.73,0.119,1,3,0.798,0
R00037,Assam,Dhemaji,Border Road,2018-05-04,9.9,123.8,25.0,79.5,7.0,30.0,25.2,0.21,3,2,0.894,0
R00156,Tripura,West Tripura,PMGSY Road,2017-03-21,14.0,37.5,27.8,79.8,8.7,30.0,5.99,0.127,2,1,0.993,1
R00161,Inter-state corridor,Dhubri,Border Road,2025-09-24,17.4,217.0,25.5,88.2,11.5,332.3,12.3,0.248,1,3,0.685,1
R00043,Manipur,Jiribam,National Highway,2021-10-25,13.0,34.0,24.7,73.4,4.7,742.1,12.95,0.128,2,1,0.714,0
R00146,Tripura,Dhalai,PMGSY Road,2023-03-27,13.6,39.9,23.7,70.0,3.4,420.8,2.63,0.237,2,3,0.774,1
R00146,Tripura,Dhalai,PMGSY Road,2020-03-11,11.6,19.5,24.8,68.6,3.4,420.8,4.81,0.109,2,0,0.806,0
R00033,Assam,Lakhimpur,Border Road,2021-02-26,2.8,27.0,30.2,72.1,5.7,30.0,5.54,0.126,0,3,0.734,0
R00104,Nagaland,Peren,PMGSY Road,2016-09-26,53.2,228.1,24.1,80.4,13.4,551.6,4.27,0.239,3,3,0.716,1
R00163,Inter-state corridor,Barpeta,PMGSY Road,2020-09-05,19.4,53.9,23.3,86.1,4.5,471.2,8.46,0.115,3,2,0.871,0
R00101,Nagaland,Kohima,State Highway,2021-06-02,34.4,117.7,21.9,86.6,8.8,1093.4,6.51,0.139,2,3,0.661,0
R00080,Meghalaya,East Khasi Hills,State Highway,2017-07-05,47.2,138.3,24.0,89.5,15.6,902.8,4.41,0.159,3,4,0.79,1
R00047,Manipur,Tamenglong,Rural Road,2021-06-17,15.8,71.8,26.2,81.7,7.2,30.0,6.79,0.16,4,1,0.736,0
R00047,Manipur,Tamenglong,Rural Road,2024-08-02,112.1,190.1,28.5,87.9,7.2,30.0,10.55,0.293,2,1,0.671,1
R00001,Arunachal Pradesh,Tawang,State Highway,2024-02-02,3.9,29.5,16.3,64.8,16.5,1597.9,6.94,0.079,4,2,0.623,0
R00078,Meghalaya,East Garo Hills,PMGSY Road,2025-09-17,28.4,163.5,23.6,89.0,8.6,1098.8,9.06,0.137,4,2,0.84,1
R00108,Nagaland,Dimapur,National Highway,2018-08-27,60.4,343.8,22.3,89.1,11.8,1215.4,9.15,0.341,2,3,0.829,1
R00089,Mizoram,Mamit,National Highway,2020-10-06,34.2,119.2,19.1,70.1,13.1,1221.4,7.73,0.144,3,0,0.808,0
R00082,Mizoram,Hnahthial,Bridge Approach,2025-12-14,9.5,28.0,24.0,67.1,10.4,703.7,6.52,0.097,4,4,0.421,0
R00086,Mizoram,Aizawl,State Highway,2017-06-19,69.1,130.7,22.1,83.6,14.9,1222.8,5.46,0.155,4,3,0.725,1
R00090,Mizoram,Hnahthial,State Highway,2024-08-12,4.6,186.6,23.9,87.8,18.9,726.1,27.54,0.209,3,1,0.894,1
R00128,Sikkim,Namchi,National Highway,2016-11-21,8.0,81.2,20.5,73.3,25.6,1459.3,6.69,0.12,6,1,0.876,0
R00160,Tripura,Dhalai,PMGSY Road,2023-04-07,8.5,46.8,25.9,71.9,8.2,374.2,2.82,0.215,3,3,0.598,0
R00066,Meghalaya,East Garo Hills,Rural Road,2020-08-14,31.1,163.9,21.7,92.4,17.5,1357.5,3.69,0.19,3,4,0.728,1
R00092,Mizoram,Mamit,Major District Road,2018-08-17,133.9,314.6,20.1,92.8,22.4,1158.3,4.02,0.309,4,4,0.455,1
R00035,Assam,Dibrugarh,Major District Road,2023-12-19,2.9,5.0,23.1,72.1,7.2,655.2,11.33,0.118,4,0,0.878,0
R00077,Meghalaya,North Garo Hills,National Highway,2026-01-03,7.0,32.3,24.6,73.8,13.7,427.3,2.26,0.174,3,4,0.731,1
R00015,Arunachal Pradesh,Tirap,Major District Road,2018-01-23,3.4,33.9,22.6,73.4,27.6,1221.6,4.92,0.085,3,2,0.747,1
R00157,Tripura,South Tripura,Major District Road,2026-11-13,15.6,49.6,25.5,69.3,1.0,420.9,4.02,0.114,2,2,0.787,0
R00103,Nagaland,Niuland,State Highway,2026-06-09,32.7,152.5,25.3,85.4,13.1,126.1,4.64,0.187,3,0,0.99,0
R00026,Assam,Golaghat,National Highway,2018-09-09,27.4,89.8,24.6,82.9,12.4,58.3,3.69,0.129,1,3,0.478,1
R00144,Tripura,South Tripura,Border Road,2021-03-12,11.5,32.5,27.5,69.8,1.0,363.4,4.06,0.134,2,0,0.514,0
R00140,Sikkim,Namchi,Rural Road,2020-03-21,7.2,33.1,18.6,75.3,23.6,1635.2,21.83,0.114,4,4,0.499,1
R00145,Tripura,Dhalai,Rural Road,2020-05-21,74.2,159.8,23.4,80.8,1.0,211.0,5.94,0.219,2,4,0.885,0
R00011,Arunachal Pradesh,Namsai,Rural Road,2023-12-12,5.8,24.0,13.1,70.3,21.2,1663.5,7.56,0.084,2,3,0.759,0
R00008,Arunachal Pradesh,Tawang,PMGSY Road,2019-02-19,12.1,39.6,17.9,68.3,18.7,1976.0,11.19,0.069,5,3,0.867,1
R00130,Sikkim,Gyalshing,Major District Road,2022-11-19,26.4,50.1,18.1,71.1,23.6,1866.8,21.09,0.123,5,1,0.623,1
R00117,Nagaland,Peren,Rural Road,2020-07-27,12.8,171.1,26.1,95.7,10.8,404.0,3.6,0.208,6,1,0.896,1
R00104,Nagaland,Peren,PMGSY Road,2020-11-04,9.9,24.6,22.6,79.2,13.4,551.6,26.83,0.082,0,3,0.836,0
R00001,Arunachal Pradesh,Tawang,State Highway,2021-04-13,15.1,67.1,17.7,71.7,16.5,1597.9,5.73,0.132,4,1,0.689,0
R00026,Assam,Golaghat,National Highway,2026-03-12,18.9,55.1,25.7,67.4,12.4,58.3,5.76,0.131,3,4,0.498,1
R00052,Manipur,Jiribam,Major District Road,2019-03-09,18.6,31.8,28.4,66.0,1.2,176.8,3.67,0.11,1,2,0.916,0
R00104,Nagaland,Peren,PMGSY Road,2019-11-14,13.4,111.9,23.6,74.6,13.4,551.6,6.62,0.127,3,3,0.704,0
R00007,Arunachal Pradesh,West Kameng,PMGSY Road,2023-02-07,8.9,28.0,16.3,69.7,15.5,1648.2,10.79,0.103,6,3,0.76,0
R00121,Sikkim,Gangtok,Border Road,2016-11-15,12.4,59.3,16.5,70.8,13.2,1998.3,3.65,0.095,3,3,0.695,1
R00035,Assam,Dibrugarh,Major District Road,2018-11-14,5.6,22.0,25.8,69.8,7.2,655.2,9.89,0.1,2,2,0.782,0
R00147,Tripura,Unakoti,Border Road,2022-10-10,14.8,54.1,27.7,75.9,6.1,30.0,20.97,0.139,1,2,0.785,0
R00036,Assam,Darrang,National Highway,2025-07-26,21.2,258.5,25.5,89.0,2.4,165.6,6.19,0.349,4,2,0.556,1
R00120,Nagaland,Longleng,State Highway,2021-12-11,15.6,33.8,21.8,66.0,14.2,940.7,7.43,0.098,1,3,0.369,0
R00107,Nagaland,Mon,Bridge Approach,2016-08-14,45.3,182.7,21.6,83.8,12.4,1337.8,22.45,0.19,1,1,0.834,0
R00140,Sikkim,Namchi,Rural Road,2023-10-23,36.7,73.5,21.0,77.6,23.6,1635.2,5.53,0.102,6,6,0.551,1
R00124,Sikkim,Gangtok,National Highway,2019-09-25,16.7,110.1,20.3,85.6,20.4,1201.9,7.73,0.129,5,2,0.655,1
R00031,Assam,Kamrup,State Highway,2023-08-10,164.2,275.9,24.3,88.0,9.8,756.2,3.67,0.359,3,1,0.432,1
R00038,Assam,Barpeta,Rural Road,2021-12-04,14.9,25.7,27.1,71.5,11.7,427.5,4.01,0.096,3,0,1.0,0
R00138,Sikkim,Mangan,Rural Road,2026-04-04,13.9,90.5,15.1,73.3,17.4,1622.9,3.34,0.112,3,1,0.788,0
R00086,Mizoram,Aizawl,State Highway,2022-06-01,62.9,147.5,21.9,82.0,14.9,1222.8,2.88,0.22,3,5,0.752,0
R00047,Manipur,Tamenglong,Rural Road,2020-11-28,8.6,46.6,24.5,73.6,7.2,30.0,8.89,0.157,1,3,0.78,1
R00049,Manipur,Thoubal,Border Road,2025-05-24,22.0,55.1,28.5,83.4,7.7,229.1,3.5,0.162,4,2,0.878,1
R00108,Nagaland,Dimapur,National Highway,2023-09-01,61.3,226.9,18.6,85.1,11.8,1215.4,4.94,0.249,4,3,0.917,1
R00052,Manipur,Jiribam,Major District Road,2025-05-13,11.1,81.3,24.7,80.3,1.2,176.8,7.82,0.205,1,1,0.996,1
R00147,Tripura,Unakoti,Border Road,2024-11-13,5.9,52.9,27.0,76.9,6.1,30.0,4.8,0.142,0,2,0.793,0
R00067,Meghalaya,East Garo Hills,State Highway,2017-10-22,77.3,151.4,23.8,79.4,11.1,686.2,5.1,0.184,2,4,0.644,1
R00102,Nagaland,Zunheboto,Rural Road,2019-10-07,30.6,127.6,22.8,74.0,14.8,590.1,1.98,0.346,4,2,0.802,0
R00136,Sikkim,Gangtok,Rural Road,2017-04-03,9.8,48.8,16.5,76.2,18.6,2156.7,4.72,0.101,4,4,0.632,1
R00167,Inter-state corridor,Barpeta,Rural Road,2025-06-18,28.0,103.4,24.2,85.6,22.3,835.8,9.97,0.161,3,2,0.83,1
R00015,Arunachal Pradesh,Tirap,Major District Road,2016-06-21,38.2,109.8,23.5,95.5,27.6,1221.6,8.14,0.133,4,1,0.787,1
R00121,Sikkim,Gangtok,Border Road,2016-07-19,107.4,305.6,17.0,88.8,13.2,1998.3,1.82,0.421,3,5,0.745,1
R00017,Arunachal Pradesh,Upper Subansiri,Rural Road,2022-01-15,2.7,19.0,20.6,69.2,27.7,1205.7,5.02,0.071,4,4,0.465,0
R00059,Manipur,Noney,Rural Road,2021-12-15,10.2,44.8,25.2,70.9,3.2,291.1,3.4,0.129,0,3,0.571,0
R00151,Tripura,Sepahijala,Border Road,2024-03-19,10.4,39.4,28.4,70.3,4.5,30.0,4.39,0.118,3,2,0.804,1
R00160,Tripura,Dhalai,PMGSY Road,2019-01-03,5.6,23.8,26.4,70.3,8.2,374.2,5.88,0.11,5,3,0.722,1
R00023,Assam,Darrang,PMGSY Road,2022-09-18,52.0,119.5,25.3,88.2,3.1,70.7,4.42,0.19,0,3,0.863,0
R00032,Assam,Tinsukia,National Highway,2023-12-19,1.5,27.4,25.0,64.1,10.6,598.5,9.42,0.093,3,1,0.614,0
R00149,Tripura,Sepahijala,State Highway,2020-01-24,4.0,12.8,29.0,67.6,9.6,30.0,5.75,0.083,4,2,0.817,1
R00107,Nagaland,Mon,Bridge Approach,2019-10-18,8.4,83.9,18.3,75.3,12.4,1337.8,6.78,0.14,3,3,0.763,0
R00106,Nagaland,Chumoukedima,Rural Road,2025-09-02,36.7,143.1,20.3,86.0,13.6,1186.3,2.62,0.245,4,0,0.76,0
R00023,Assam,Darrang,PMGSY Road,2022-08-06,124.3,356.7,26.0,84.9,3.1,70.7,4.58,0.491,1,3,0.764,1
R00157,Tripura,South Tripura,Major District Road,2023-04-07,18.1,42.0,27.1,72.1,1.0,420.9,6.98,0.153,1,4,0.853,0
R00150,Tripura,West Tripura,State Highway,2018-08-03,9.1,163.9,27.8,93.2,8.6,30.0,7.02,0.271,2,2,0.902,1
R00018,Arunachal Pradesh,West Kameng,State Highway,2024-01-23,14.9,30.3,15.9,65.5,20.8,1771.2,3.41,0.068,3,5,0.699,1
R00052,Manipur,Jiribam,Major District Road,2019-04-10,20.9,63.9,28.8,78.5,1.2,176.8,6.8,0.114,1,1,0.897,0
R00096,Mizoram,Saitual,State Highway,2022-10-08,13.1,48.3,21.2,75.0,15.7,655.0,2.64,0.267,3,4,0.34,1
R00128,Sikkim,Namchi,National Highway,2020-11-08,31.5,52.4,20.8,74.3,25.6,1459.3,3.84,0.096,3,3,0.846,0
R00112,Nagaland,Kohima,State Highway,2018-05-06,50.1,176.7,23.8,78.2,7.7,113.9,4.47,0.309,2,2,0.455,1
R00129,Sikkim,Mangan,Major District Road,2020-12-19,7.3,59.7,20.5,65.5,21.1,1669.5,6.87,0.098,4,0,0.594,0
R00118,Nagaland,Mon,State Highway,2019-03-05,17.4,52.2,22.5,74.9,13.7,734.2,8.27,0.134,1,1,0.827,0
R00118,Nagaland,Mon,State Highway,2026-12-10,9.2,17.5,17.6,73.3,13.7,734.2,4.65,0.094,2,0,0.796,1
R00019,Arunachal Pradesh,East Kameng,Rural Road,2021-05-19,33.4,207.1,20.3,75.0,19.4,1646.1,7.02,0.207,4,2,0.865,1
R00035,Assam,Dibrugarh,Major District Road,2023-10-07,30.5,78.4,27.1,84.9,7.2,655.2,9.65,0.118,2,1,0.75,1
R00157,Tripura,South Tripura,Major District Road,2018-05-17,48.8,107.4,24.6,83.6,1.0,420.9,10.06,0.216,2,2,0.84,0
R00108,Nagaland,Dimapur,National Highway,2019-04-07,38.1,124.9,19.5,73.7,11.8,1215.4,6.36,0.127,1,0,1.0,0
R00030,Assam,Tinsukia,Major District Road,2023-05-22,19.5,112.3,27.0,79.8,11.0,32.6,9.4,0.143,3,1,0.877,0
R00036,Assam,Darrang,National Highway,2022-10-25,10.0,46.8,25.8,78.8,2.4,165.6,5.04,0.143,3,3,0.607,0
R00002,Arunachal Pradesh,Lower Subansiri,Major District Road,2020-06-14,33.7,100.9,17.8,86.5,20.7,1684.9,3.33,0.118,5,1,0.96,1
R00111,Nagaland,Wokha,State Highway,2024-01-04,10.8,34.7,28.0,70.9,17.2,88.6,3.99,0.107,1,3,0.729,0
R00131,Sikkim,Namchi,Bridge Approach,2021-11-11,14.0,37.2,20.4,63.0,17.9,1430.7,28.04,0.083,3,2,0.695,0
R00092,Mizoram,Mamit,Major District Road,2020-05-10,45.4,148.5,21.6,78.5,22.4,1158.3,5.06,0.175,4,3,0.452,1
R00044,Manipur,Ukhrul,State Highway,2022-10-25,24.0,44.3,26.4,79.1,9.8,111.7,8.9,0.135,1,0,0.827,0
R00141,Tripura,West Tripura,Major District Road,2022-01-07,2.7,19.6,27.2,71.8,1.0,49.5,9.56,0.151,2,0,0.894,0
R00003,Arunachal Pradesh,Tawang,PMGSY Road,2019-09-05,123.3,242.6,17.3,88.6,22.8,1580.1,6.76,0.159,4,4,0.911,0
R00031,Assam,Kamrup,State Highway,2021-12-11,3.3,46.6,25.1,70.5,9.8,756.2,10.05,0.086,4,2,0.379,0
R00033,Assam,Lakhimpur,Border Road,2025-06-05,9.7,130.2,27.5,88.2,5.7,30.0,6.96,0.25,1,3,0.744,0
R00036,Assam,Darrang,National Highway,2024-04-28,39.1,70.0,25.4,74.7,2.4,165.6,4.5,0.152,3,4,0.599,0
R00143,Tripura,Unakoti,State Highway,2020-06-22,22.4,48.1,27.8,84.2,1.6,332.9,3.72,0.155,4,2,0.863,0
R00160,Tripura,Dhalai,PMGSY Road,2024-10-27,17.4,75.4,26.1,72.0,8.2,374.2,8.56,0.143,1,1,0.722,0
R00092,Mizoram,Mamit,Major District Road,2022-10-24,30.0,100.3,21.0,77.8,22.4,1158.3,7.15,0.154,5,3,0.418,1
R00119,Nagaland,Phek,Rural Road,2016-06-10,65.3,186.6,20.8,82.7,5.5,554.5,19.21,0.243,4,4,0.703,1
R00167,Inter-state corridor,Barpeta,Rural Road,2018-08-26,19.0,88.1,19.9,86.6,22.3,835.8,7.08,0.14,1,3,0.869,0
R00133,Sikkim,Namchi,Major District Road,2025-09-04,23.1,209.5,25.2,80.6,22.0,454.7,2.83,0.385,4,3,0.834,1
R00054,Manipur,Ukhrul,Border Road,2024-10-22,37.1,124.7,24.6,75.8,14.1,655.7,12.68,0.131,3,2,0.608,0
R00017,Arunachal Pradesh,Upper Subansiri,Rural Road,2021-04-09,28.5,79.8,20.9,78.7,27.7,1205.7,3.64,0.091,0,6,0.542,1
R00125,Sikkim,Gyalshing,Border Road,2023-04-23,14.0,43.9,21.6,73.9,20.3,1270.2,10.82,0.082,1,4,0.519,0
R00112,Nagaland,Kohima,State Highway,2026-05-28,23.8,89.4,27.3,79.1,7.7,113.9,5.01,0.188,3,3,0.43,0
R00134,Sikkim,Mangan,Rural Road,2024-10-26,49.3,100.7,18.4,80.7,18.4,1467.2,4.06,0.122,4,1,0.568,1
R00062,Meghalaya,Eastern West Khasi Hills,State Highway,2016-04-11,1.1,114.8,21.5,74.4,16.2,1056.9,3.97,0.123,3,3,0.726,0
R00147,Tripura,Unakoti,Border Road,2023-11-13,11.5,67.3,22.4,74.2,6.1,30.0,2.29,0.279,3,1,0.803,1
R00003,Arunachal Pradesh,Tawang,PMGSY Road,2020-03-10,18.0,79.4,21.9,69.9,22.8,1580.1,4.3,0.117,2,3,0.908,1
R00040,Assam,Lakhimpur,National Highway,2018-04-07,23.2,55.6,25.1,69.5,9.5,583.6,4.8,0.138,4,4,0.87,1
R00167,Inter-state corridor,Barpeta,Rural Road,2018-11-07,11.8,37.1,22.1,78.5,22.3,835.8,6.28,0.088,3,5,0.847,1
R00113,Nagaland,Longleng,PMGSY Road,2026-10-22,39.6,75.3,23.0,77.3,23.6,793.0,6.71,0.091,5,4,0.596,1
R00011,Arunachal Pradesh,Namsai,Rural Road,2026-07-24,16.0,149.3,18.8,95.8,21.2,1663.5,8.91,0.149,4,2,0.846,0
R00046,Manipur,Ukhrul,Major District Road,2022-04-16,11.7,46.9,22.2,76.0,16.6,599.0,4.62,0.096,5,4,0.786,0
R00049,Manipur,Thoubal,Border Road,2022-05-11,43.5,139.1,24.5,78.8,7.7,229.1,6.95,0.178,2,0,0.85,0
R00075,Meghalaya,East Garo Hills,National Highway,2019-04-03,7.2,62.8,21.8,81.1,19.5,1308.3,6.86,0.087,2,0,0.882,0
R00120,Nagaland,Longleng,State Highway,2021-12-01,14.8,19.3,26.1,74.4,14.2,940.7,2.23,0.182,3,2,0.484,0
R00005,Arunachal Pradesh,Upper Subansiri,State Highway,2017-04-21,10.9,69.1,21.4,67.3,25.1,1549.7,8.14,0.117,5,3,0.218,1
R00093,Mizoram,Champhai,National Highway,2022-04-24,10.8,53.8,28.6,73.8,13.8,195.0,9.27,0.151,4,0,0.736,0
R00158,Tripura,Unakoti,Rural Road,2016-05-19,33.4,135.9,25.9,78.3,1.3,136.1,8.29,0.191,0,0,0.771,0
R00027,Assam,Barpeta,Bridge Approach,2019-10-09,11.2,75.8,26.1,80.9,1.0,30.0,25.13,0.161,2,2,0.516,0
R00158,Tripura,Unakoti,Rural Road,2024-10-11,42.7,96.1,27.1,75.4,1.3,136.1,3.18,0.184,1,1,0.795,0
R00121,Sikkim,Gangtok,Border Road,2020-11-14,5.2,46.6,15.8,69.9,13.2,1998.3,3.38,0.093,3,0,0.661,1
R00134,Sikkim,Mangan,Rural Road,2016-09-20,40.7,162.9,21.6,90.5,18.4,1467.2,14.64,0.169,2,2,0.717,1
R00023,Assam,Darrang,PMGSY Road,2020-09-18,23.3,111.6,28.2,81.6,3.1,70.7,11.17,0.248,2,1,0.89,0
R00040,Assam,Lakhimpur,National Highway,2026-10-01,53.6,74.0,22.0,82.6,9.5,583.6,13.39,0.17,2,1,0.809,0
R00043,Manipur,Jiribam,National Highway,2025-08-03,60.5,182.5,22.9,87.6,4.7,742.1,4.88,0.276,1,0,0.722,1
R00047,Manipur,Tamenglong,Rural Road,2024-12-07,5.7,13.8,30.3,65.7,7.2,30.0,28.46,0.098,3,4,0.757,0
R00137,Sikkim,Gangtok,Border Road,2022-08-13,46.8,167.2,18.5,96.0,30.8,1740.6,2.56,0.242,6,3,0.775,1
R00003,Arunachal Pradesh,Tawang,PMGSY Road,2024-10-15,52.6,117.8,21.6,78.7,22.8,1580.1,4.48,0.135,4,0,0.981,1
R00145,Tripura,Dhalai,Rural Road,2025-08-14,39.7,107.7,23.1,95.1,1.0,211.0,2.2,0.314,1,1,0.935,0
R00006,Arunachal Pradesh,East Kameng,Rural Road,2025-02-02,3.5,32.8,23.7,71.6,21.5,1354.8,5.18,0.079,2,3,0.845,0
R00029,Assam,Nagaon,Rural Road,2026-07-06,28.8,111.5,21.3,90.8,11.5,1011.8,6.39,0.135,2,2,0.758,1
R00053,Manipur,Noney,Rural Road,2019-05-09,10.1,134.6,26.2,81.9,8.3,299.8,3.39,0.139,1,4,0.449,1
R00111,Nagaland,Wokha,State Highway,2016-03-06,4.9,33.1,29.3,67.5,17.2,88.6,8.76,0.084,0,2,0.811,0
R00137,Sikkim,Gangtok,Border Road,2021-09-04,36.5,134.7,22.3,92.3,30.8,1740.6,8.87,0.144,4,5,0.806,1
R00129,Sikkim,Mangan,Major District Road,2025-04-07,41.3,68.2,19.3,78.3,21.1,1669.5,3.5,0.113,2,1,0.587,0
R00039,Assam,Tinsukia,Border Road,2024-06-14,50.9,209.5,27.4,93.5,15.3,137.6,9.75,0.291,3,2,0.849,1
R00061,Meghalaya,South Garo Hills,PMGSY Road,2023-03-11,4.6,18.3,26.4,68.5,16.6,321.0,8.06,0.071,4,2,0.957,0
R00087,Mizoram,Hnahthial,Border Road,2016-11-17,7.8,37.9,26.7,74.9,13.7,261.3,11.54,0.122,1,3,0.913,0
R00126,Sikkim,Pakyong,State Highway,2025-05-26,24.4,51.5,21.6,79.8,19.5,1584.8,12.52,0.075,2,2,0.854,0
R00143,Tripura,Unakoti,State Highway,2021-02-09,10.4,24.1,24.8,64.6,1.6,332.9,5.09,0.112,2,4,0.911,0
R00151,Tripura,Sepahijala,Border Road,2023-02-20,4.6,19.8,27.8,77.7,4.5,30.0,12.39,0.111,5,0,0.819,0
R00076,Meghalaya,South Garo Hills,PMGSY Road,2018-08-10,66.7,222.2,22.1,91.4,12.0,1230.0,6.36,0.234,2,0,0.869,1
R00065,Meghalaya,East Khasi Hills,Bridge Approach,2019-01-17,1.8,9.5,23.5,70.1,15.5,756.3,11.12,0.105,4,3,0.921,0
R00022,Assam,Dhubri,Major District Road,2020-07-28,49.7,243.7,28.1,91.3,8.6,30.0,17.08,0.273,2,2,0.481,0
R00075,Meghalaya,East Garo Hills,National Highway,2017-03-25,3.3,43.6,21.1,73.2,19.5,1308.3,7.33,0.089,3,4,1.0,1
R00049,Manipur,Thoubal,Border Road,2026-03-16,5.8,23.5,22.7,69.5,7.7,229.1,4.69,0.132,4,0,1.0,0
R00071,Meghalaya,East Garo Hills,National Highway,2018-07-17,76.1,152.3,25.6,94.5,14.9,469.7,17.53,0.254,3,1,0.976,0
R00133,Sikkim,Namchi,Major District Road,2022-08-15,42.0,121.3,25.8,89.7,22.0,454.7,4.84,0.119,3,5,0.889,0
R00040,Assam,Lakhimpur,National Highway,2018-05-18,13.6,259.4,25.7,79.0,9.5,583.6,10.07,0.205,0,2,0.765,0
R00109,Nagaland,Chumoukedima,Border Road,2019-07-10,27.6,105.5,21.8,90.2,4.6,698.8,3.61,0.188,4,1,0.698,0
R00056,Manipur,Noney,Bridge Approach,2024-03-20,11.1,43.7,26.2,66.0,9.2,30.0,14.7,0.136,2,1,0.882,1
R00157,Tripura,South Tripura,Major District Road,2022-07-12,82.2,306.9,24.4,91.3,1.0,420.9,9.81,0.405,1,0,0.814,0
R00160,Tripura,Dhalai,PMGSY Road,2022-01-27,10.0,14.5,24.6,78.3,8.2,374.2,3.04,0.07,2,5,0.671,1
R00076,Meghalaya,South Garo Hills,PMGSY Road,2023-12-23,7.9,47.6,20.4,69.9,12.0,1230.0,5.02,0.104,4,0,0.893,0
R00110,Nagaland,Phek,Major District Road,2022-05-26,34.2,64.0,23.0,79.4,20.9,902.1,3.91,0.104,3,3,0.698,1
R00152,Tripura,Dhalai,State Highway,2018-10-05,11.3,96.5,22.6,81.2,1.0,311.1,3.79,0.126,2,1,0.449,1
R00088,Mizoram,Aizawl,State Highway,2024-04-04,3.3,42.5,19.4,76.9,15.6,1093.4,4.39,0.114,4,3,0.862,0
R00061,Meghalaya,South Garo Hills,PMGSY Road,2019-07-17,25.3,217.6,25.5,97.6,16.6,321.0,8.33,0.266,2,0,0.938,0
R00071,Meghalaya,East Garo Hills,National Highway,2024-02-07,6.1,23.9,22.2,70.5,14.9,469.7,9.36,0.102,4,3,0.835,0
R00158,Tripura,Unakoti,Rural Road,2017-01-08,4.6,9.1,26.0,67.8,1.3,136.1,15.12,0.148,2,0,0.768,0
R00009,Arunachal Pradesh,Namsai,Major District Road,2018-10-14,43.8,190.7,23.8,74.3,20.7,921.8,10.1,0.169,4,1,0.73,1
R00163,Inter-state corridor,Barpeta,PMGSY Road,2017-10-14,19.3,68.4,21.5,82.1,4.5,471.2,8.86,0.156,0,4,0.838,0
R00026,Assam,Golaghat,National Highway,2022-08-27,26.4,228.0,23.7,87.8,12.4,58.3,16.34,0.279,1,1,0.491,1
R00081,Mizoram,Saitual,PMGSY Road,2026-05-24,71.4,150.5,23.6,81.3,13.2,630.9,4.83,0.184,5,0,0.916,1
R00081,Mizoram,Saitual,PMGSY Road,2017-05-09,44.5,97.6,26.7,80.0,13.2,630.9,12.71,0.109,3,1,1.0,1
R00166,Inter-state corridor,Darrang,Major District Road,2016-09-14,11.6,92.6,21.6,82.8,7.0,830.6,5.91,0.179,2,2,0.861,0
R00148,Tripura,Unakoti,State Highway,2017-06-20,41.6,179.5,28.2,85.8,5.9,314.1,5.29,0.232,1,2,0.618,1
R00037,Assam,Dhemaji,Border Road,2023-09-23,10.5,101.9,25.8,94.0,7.0,30.0,4.0,0.188,0,1,0.837,0
R00135,Sikkim,Mangan,National Highway,2016-03-03,43.5,67.6,21.5,71.6,17.7,1240.5,12.2,0.127,4,4,0.799,0
R00162,Inter-state corridor,Kamrup,PMGSY Road,2022-07-25,66.2,379.0,22.5,89.0,10.5,521.8,8.24,0.491,2,2,0.778,1
R00159,Tripura,West Tripura,PMGSY Road,2017-10-17,31.8,164.5,26.4,79.4,7.6,122.9,5.27,0.25,3,2,0.804,1
R00164,Inter-state corridor,Barpeta,Rural Road,2026-06-01,39.0,88.0,26.2,88.5,10.6,421.4,8.76,0.149,2,2,0.859,0
R00080,Meghalaya,East Khasi Hills,State Highway,2025-02-06,3.3,15.5,23.4,69.6,15.6,902.8,3.78,0.1,3,4,0.789,0
R00144,Tripura,South Tripura,Border Road,2019-02-24,8.2,17.8,26.3,68.4,1.0,363.4,15.21,0.104,3,3,0.545,1
R00154,Tripura,West Tripura,Border Road,2025-05-28,32.0,59.0,26.5,82.8,3.4,57.7,10.89,0.172,2,1,0.893,0
R00060,Manipur,Noney,National Highway,2026-06-09,60.3,91.4,26.0,88.2,5.5,69.4,9.17,0.163,4,0,0.727,0
R00006,Arunachal Pradesh,East Kameng,Rural Road,2016-10-02,18.1,33.1,22.9,78.7,21.5,1354.8,6.82,0.069,3,2,0.845,0
R00017,Arunachal Pradesh,Upper Subansiri,Rural Road,2022-09-24,31.2,199.1,19.2,87.2,27.7,1205.7,10.65,0.165,2,4,0.449,1
R00130,Sikkim,Gyalshing,Major District Road,2022-09-14,37.1,102.9,16.5,83.9,23.6,1866.8,10.37,0.122,5,5,0.646,1
R00093,Mizoram,Champhai,National Highway,2021-12-13,8.2,34.2,25.7,65.1,13.8,195.0,5.36,0.097,3,3,0.598,0
R00051,Manipur,Imphal East,Border Road,2024-04-01,7.6,22.6,27.1,72.2,16.2,548.7,4.89,0.104,2,3,0.824,0
R00056,Manipur,Noney,Bridge Approach,2019-01-21,10.0,15.5,24.7,71.4,9.2,30.0,11.3,0.09,1,1,0.816,0
R00147,Tripura,Unakoti,Border Road,2026-03-26,5.0,36.1,29.3,70.1,6.1,30.0,7.46,0.124,2,1,0.71,0
R00165,Inter-state corridor,Dibrugarh,PMGSY Road,2026-08-16,48.1,113.0,22.3,93.7,8.7,1060.9,5.62,0.156,2,2,0.597,1
R00036,Assam,Darrang,National Highway,2026-03-01,16.4,56.5,24.3,70.4,2.4,165.6,3.98,0.126,1,2,0.584,0
R00049,Manipur,Thoubal,Border Road,2016-06-01,35.0,167.0,23.7,90.3,7.7,229.1,11.88,0.284,1,2,0.9,0
R00047,Manipur,Tamenglong,Rural Road,2026-06-07,28.9,156.6,25.3,90.9,7.2,30.0,2.8,0.389,2,3,0.686,1
R00165,Inter-state corridor,Dibrugarh,PMGSY Road,2022-10-08,35.2,47.4,20.7,83.7,8.7,1060.9,2.95,0.168,3,1,0.662,0
R00063,Meghalaya,West Garo Hills,State Highway,2022-01-26,4.5,14.3,21.1,64.9,15.4,831.3,4.49,0.101,2,2,0.777,1
R00055,Manipur,Senapati,State Highway,2026-06-12,21.8,161.1,23.4,89.2,10.7,593.7,8.88,0.222,3,3,0.634,1
R00152,Tripura,Dhalai,State Highway,2024-05-06,31.9,85.9,25.2,74.9,1.0,311.1,7.82,0.199,1,2,0.491,1
R00134,Sikkim,Mangan,Rural Road,2021-03-03,12.2,41.0,20.9,69.0,18.4,1467.2,6.41,0.1,5,2,0.636,0
R00090,Mizoram,Hnahthial,State Highway,2024-02-26,9.9,23.5,24.4,73.3,18.9,726.1,3.9,0.094,4,0,0.887,0
R00109,Nagaland,Chumoukedima,Border Road,2021-10-18,41.9,71.8,26.9,80.7,4.6,698.8,6.28,0.17,1,2,0.852,0
R00164,Inter-state corridor,Barpeta,Rural Road,2023-07-03,60.3,292.9,27.1,96.7,10.6,421.4,8.84,0.421,2,3,0.929,1
R00078,Meghalaya,East Garo Hills,PMGSY Road,2017-11-01,4.0,52.0,19.7,76.0,8.6,1098.8,3.15,0.082,2,2,0.931,0
R00111,Nagaland,Wokha,State Highway,2025-11-01,7.7,29.0,28.8,77.4,17.2,88.6,4.92,0.136,2,0,0.744,1
R00063,Meghalaya,West Garo Hills,State Highway,2019-07-25,104.7,446.6,22.4,99.0,15.4,831.3,6.98,0.5,5,0,0.786,1
R00027,Assam,Barpeta,Bridge Approach,2024-10-05,53.0,95.4,25.8,78.8,1.0,30.0,3.37,0.184,1,3,0.44,1
R00042,Manipur,Ukhrul,Rural Road,2020-05-04,2.9,50.9,27.8,86.1,11.9,312.5,4.64,0.123,0,2,0.833,0
R00037,Assam,Dhemaji,Border Road,2020-03-03,13.9,37.7,26.6,71.2,7.0,30.0,4.16,0.114,2,0,0.892,0
R00124,Sikkim,Gangtok,National Highway,2023-06-27,22.1,213.7,20.1,90.1,20.4,1201.9,11.41,0.254,5,1,0.614,1
R00141,Tripura,West Tripura,Major District Road,2024-05-12,46.3,112.5,29.3,81.1,1.0,49.5,2.57,0.329,1,4,0.883,1
R00066,Meghalaya,East Garo Hills,Rural Road,2022-11-18,14.8,70.8,20.1,67.9,17.5,1357.5,5.65,0.083,3,4,0.713,1
R00114,Nagaland,Longleng,Rural Road,2021-03-16,2.6,57.1,22.4,79.1,12.0,809.2,10.25,0.129,0,1,0.889,0
R00155,Tripura,Sepahijala,Major District Road,2016-01-12,11.6,23.3,26.6,75.0,1.9,567.5,4.98,0.119,5,4,0.737,0
R00054,Manipur,Ukhrul,Border Road,2017-09-08,33.9,90.8,22.9,90.7,14.1,655.7,5.9,0.155,1,2,0.498,0
R00015,Arunachal Pradesh,Tirap,Major District Road,2020-10-15,11.7,56.8,20.4,80.7,27.6,1221.6,3.02,0.095,3,7,0.646,0
R00019,Arunachal Pradesh,East Kameng,Rural Road,2022-01-09,16.6,34.7,19.7,74.1,19.4,1646.1,8.37,0.075,2,4,0.795,0
R00167,Inter-state corridor,Barpeta,Rural Road,2024-12-25,7.5,77.8,21.5,67.6,22.3,835.8,2.73,0.216,2,2,0.834,1
R00111,Nagaland,Wokha,State Highway,2018-10-08,15.1,64.3,24.9,72.9,17.2,88.6,9.62,0.097,2,2,0.815,0
R00022,Assam,Dhubri,Major District Road,2022-07-15,81.6,218.6,27.1,93.2,8.6,30.0,6.02,0.251,3,1,0.395,1
R00059,Manipur,Noney,Rural Road,2026-07-14,32.6,199.6,23.8,89.7,3.2,291.1,3.7,0.379,2,1,0.653,1
R00133,Sikkim,Namchi,Major District Road,2016-09-15,74.1,203.4,25.3,84.6,22.0,454.7,3.25,0.242,2,1,0.849,1
R00001,Arunachal Pradesh,Tawang,State Highway,2026-01-27,8.0,23.4,17.0,68.1,16.5,1597.9,7.2,0.088,3,5,0.711,1
R00068,Meghalaya,South West Khasi Hills,State Highway,2017-12-10,4.2,20.4,22.4,72.0,10.4,1032.6,7.86,0.095,3,0,0.74,0
R00122,Sikkim,Namchi,National Highway,2023-04-24,22.2,50.1,20.5,75.6,23.1,1644.1,7.83,0.107,4,2,0.485,0
R00138,Sikkim,Mangan,Rural Road,2021-12-06,9.1,38.2,19.7,67.4,17.4,1622.9,5.39,0.096,5,2,0.825,0
R00078,Meghalaya,East Garo Hills,PMGSY Road,2020-03-21,4.0,23.0,23.1,65.7,8.6,1098.8,6.75,0.085,3,2,0.878,1
R00125,Sikkim,Gyalshing,Border Road,2024-07-01,68.5,221.4,19.7,91.8,20.3,1270.2,11.46,0.26,1,3,0.446,1
R00084,Mizoram,Hnahthial,Major District Road,2025-02-27,1.9,33.5,24.2,78.1,8.3,469.4,9.0,0.098,1,1,0.779,0
R00098,Mizoram,Hnahthial,PMGSY Road,2022-02-21,5.4,29.0,25.9,70.0,16.3,345.3,9.75,0.106,1,0,0.638,0
R00113,Nagaland,Longleng,PMGSY Road,2020-11-12,18.7,147.4,22.0,75.4,23.6,793.0,10.7,0.173,4,5,0.531,1
R00105,Nagaland,Longleng,Major District Road,2019-12-17,8.2,15.9,24.5,69.9,19.1,404.1,4.12,0.082,4,5,0.735,1
R00124,Sikkim,Gangtok,National Highway,2020-06-02,26.6,128.5,19.5,91.7,20.4,1201.9,8.4,0.116,5,3,0.628,1
R00044,Manipur,Ukhrul,State Highway,2021-12-11,9.3,33.9,25.1,73.9,9.8,111.7,2.73,0.201,3,2,0.881,0
R00114,Nagaland,Longleng,Rural Road,2019-02-11,9.3,14.9,24.4,67.3,12.0,809.2,6.23,0.112,1,1,0.911,0
R00150,Tripura,West Tripura,State Highway,2023-05-21,11.6,78.5,26.3,77.3,8.6,30.0,9.11,0.115,2,2,0.75,0
R00086,Mizoram,Aizawl,State Highway,2019-03-24,15.0,52.5,22.4,69.6,14.9,1222.8,12.52,0.07,6,0,0.734,0
R00163,Inter-state corridor,Barpeta,PMGSY Road,2023-01-04,0.8,12.3,21.9,65.0,4.5,471.2,1.83,0.224,2,2,0.934,0
R00034,Assam,Barpeta,State Highway,2021-08-24,98.3,174.1,24.5,95.9,5.6,722.8,7.61,0.201,3,3,0.474,1
R00049,Manipur,Thoubal,Border Road,2022-08-27,109.8,278.5,27.1,90.2,7.7,229.1,8.26,0.354,3,3,0.925,1
R00081,Mizoram,Saitual,PMGSY Road,2026-10-15,11.6,82.3,27.0,76.7,13.2,630.9,6.27,0.134,4,3,0.981,0
R00099,Mizoram,Hnahthial,Major District Road,2017-05-19,49.8,74.1,20.9,82.8,17.1,1261.7,8.59,0.113,2,4,0.552,1
R00109,Nagaland,Chumoukedima,Border Road,2026-12-06,21.3,51.7,20.8,64.1,4.6,698.8,9.39,0.137,3,2,0.706,0
R00014,Arunachal Pradesh,Longding,National Highway,2024-05-08,30.1,171.9,22.0,86.7,23.6,874.4,11.11,0.177,2,4,0.672,0
R00014,Arunachal Pradesh,Longding,National Highway,2019-07-10,49.7,146.1,22.7,95.4,23.6,874.4,6.53,0.159,5,2,0.596,1
R00074,Meghalaya,West Khasi Hills,Rural Road,2017-07-07,44.6,156.8,19.5,91.6,8.6,1585.4,11.03,0.145,4,2,0.397,1
R00014,Arunachal Pradesh,Longding,National Highway,2023-05-04,39.6,130.6,23.7,82.9,23.6,874.4,3.42,0.161,2,4,0.659,1
R00052,Manipur,Jiribam,Major District Road,2024-06-23,25.8,75.4,25.3,79.4,1.2,176.8,7.78,0.141,1,3,0.87,1
R00029,Assam,Nagaon,Rural Road,2023-05-14,10.2,57.9,22.9,79.7,11.5,1011.8,5.64,0.106,2,2,0.713,1
R00084,Mizoram,Hnahthial,Major District Road,2026-11-11,5.3,18.3,26.8,71.1,8.3,469.4,4.9,0.089,2,1,0.768,0
R00099,Mizoram,Hnahthial,Major District Road,2024-02-17,22.5,47.6,21.8,67.6,17.1,1261.7,15.93,0.077,4,2,0.545,1
R00092,Mizoram,Mamit,Major District Road,2017-08-26,45.7,83.0,17.5,92.8,22.4,1158.3,7.31,0.156,4,3,0.412,1
R00106,Nagaland,Chumoukedima,Rural Road,2026-11-06,19.1,53.0,17.2,72.4,13.6,1186.3,5.5,0.105,5,5,0.752,1
R00151,Tripura,Sepahijala,Border Road,2021-12-15,6.5,16.5,23.6,73.3,4.5,30.0,16.27,0.118,1,2,0.757,1
R00088,Mizoram,Aizawl,State Highway,2018-08-08,22.3,155.6,24.3,91.5,15.6,1093.4,13.14,0.133,2,1,0.776,1
R00095,Mizoram,Serchhip,PMGSY Road,2020-08-05,70.3,442.2,24.8,97.5,12.7,567.8,5.29,0.434,1,3,1.0,1
R00020,Arunachal Pradesh,Upper Subansiri,Border Road,2020-03-07,20.6,60.3,19.9,70.7,17.4,1417.7,13.07,0.089,5,2,0.453,1
R00142,Tripura,West Tripura,Bridge Approach,2018-09-13,26.2,87.8,26.2,87.4,4.3,30.0,5.57,0.193,0,2,0.631,0
R00071,Meghalaya,East Garo Hills,National Highway,2017-06-02,34.2,325.0,26.8,93.1,14.9,469.7,7.92,0.377,2,2,0.79,0
R00162,Inter-state corridor,Kamrup,PMGSY Road,2019-03-16,5.8,43.0,22.1,74.2,10.5,521.8,8.65,0.1,2,4,0.733,0
R00069,Meghalaya,Ri-Bhoi,PMGSY Road,2017-08-09,71.1,142.9,25.5,87.7,13.1,484.0,6.47,0.224,3,3,0.934,1
R00035,Assam,Dibrugarh,Major District Road,2023-08-07,17.2,105.1,21.4,92.3,7.2,655.2,10.42,0.158,1,2,0.814,1
R00096,Mizoram,Saitual,State Highway,2025-12-12,5.1,24.9,25.2,67.7,15.7,655.0,5.47,0.096,4,4,0.343,0
R00013,Arunachal Pradesh,Upper Subansiri,Border Road,2026-11-03,46.1,87.2,21.2,70.7,21.4,1130.4,8.47,0.14,4,3,0.904,0
R00116,Nagaland,Kohima,Rural Road,2017-09-26,3.5,105.5,22.6,87.8,11.7,823.9,7.42,0.155,3,4,0.84,0
R00072,Meghalaya,South West Khasi Hills,State Highway,2017-02-09,13.8,33.4,22.5,69.3,20.2,1182.9,3.85,0.087,2,6,0.404,1
R00079,Meghalaya,West Jaintia Hills,Rural Road,2017-01-28,9.7,22.3,18.2,64.9,21.5,1175.8,5.75,0.082,5,4,0.88,1
R00099,Mizoram,Hnahthial,Major District Road,2020-09-18,116.7,256.9,22.6,80.4,17.1,1261.7,3.46,0.265,3,5,0.556,1
R00095,Mizoram,Serchhip,PMGSY Road,2024-03-20,10.6,35.8,25.4,74.5,12.7,567.8,10.7,0.089,3,3,0.938,0
R00036,Assam,Darrang,National Highway,2017-05-08,51.6,110.0,26.6,79.2,2.4,165.6,7.14,0.202,4,1,0.532,1
R00043,Manipur,Jiribam,National Highway,2025-04-19,16.4,52.7,21.5,74.4,4.7,742.1,3.69,0.199,2,1,0.74,0
R00065,Meghalaya,East Khasi Hills,Bridge Approach,2022-02-14,4.1,37.0,23.3,73.1,15.5,756.3,8.98,0.143,4,2,0.908,0
R00030,Assam,Tinsukia,Major District Road,2019-06-04,44.0,71.9,29.5,87.7,11.0,32.6,6.72,0.113,1,2,0.853,0
R00099,Mizoram,Hnahthial,Major District Road,2022-09-18,103.9,179.4,22.0,82.6,17.1,1261.7,5.72,0.179,4,2,0.502,1
R00144,Tripura,South Tripura,Border Road,2025-02-02,3.9,15.8,24.4,65.5,1.0,363.4,6.02,0.105,3,2,0.566,0
R00158,Tripura,Unakoti,Rural Road,2023-07-19,85.9,161.5,25.2,89.6,1.3,136.1,7.72,0.194,2,1,0.726,0
R00069,Meghalaya,Ri-Bhoi,PMGSY Road,2023-09-09,59.8,204.3,26.4,81.0,13.1,484.0,8.8,0.235,4,1,0.873,1
R00120,Nagaland,Longleng,State Highway,2020-02-19,1.1,13.7,21.8,67.2,14.2,940.7,18.68,0.103,5,2,0.415,1
R00016,Arunachal Pradesh,Tawang,Rural Road,2024-10-27,29.9,100.4,16.8,73.3,12.0,1318.6,5.71,0.132,4,3,0.698,1
R00104,Nagaland,Peren,PMGSY Road,2025-02-08,7.7,43.4,25.7,70.0,13.4,551.6,2.75,0.186,3,5,0.717,0
R00132,Sikkim,Gyalshing,State Highway,2018-10-06,27.3,95.5,15.8,77.1,13.0,1847.6,9.01,0.103,5,4,1.0,1
R00128,Sikkim,Namchi,National Highway,2021-09-26,46.5,297.6,15.9,83.5,25.6,1459.3,6.91,0.278,5,2,0.888,0
R00025,Assam,Dhubri,Rural Road,2019-05-28,33.5,63.5,26.3,78.3,5.3,30.0,13.34,0.14,0,4,0.598,0
R00009,Arunachal Pradesh,Namsai,Major District Road,2023-08-25,50.0,177.4,23.3,90.1,20.7,921.8,7.79,0.188,2,0,0.799,1
R00131,Sikkim,Namchi,Bridge Approach,2020-10-22,25.1,106.3,20.1,73.3,17.9,1430.7,2.58,0.208,3,0,0.672,1
R00007,Arunachal Pradesh,West Kameng,PMGSY Road,2020-06-19,24.5,211.5,19.5,92.8,15.5,1648.2,21.94,0.196,3,4,0.763,1
R00045,Manipur,Ukhrul,State Highway,2021-08-11,101.0,191.3,24.4,92.4,10.7,893.2,7.15,0.257,3,5,0.715,1
R00118,Nagaland,Mon,State Highway,2016-10-28,12.4,88.0,19.6,75.4,13.7,734.2,2.98,0.209,0,2,0.633,1
R00014,Arunachal Pradesh,Longding,National Highway,2019-07-03,84.0,306.4,21.6,92.1,23.6,874.4,37.31,0.269,4,5,0.596,0
R00126,Sikkim,Pakyong,State Highway,2026-04-03,14.5,88.5,18.2,70.1,19.5,1584.8,5.59,0.119,2,4,0.828,1
R00004,Arunachal Pradesh,Upper Subansiri,State Highway,2023-09-25,27.1,296.9,19.6,81.9,16.8,1320.8,8.37,0.294,4,3,0.596,1
R00008,Arunachal Pradesh,Tawang,PMGSY Road,2019-02-08,5.9,44.1,14.7,69.3,18.7,1976.0,5.74,0.095,4,0,0.878,0
R00136,Sikkim,Gangtok,Rural Road,2023-02-24,24.8,47.7,14.1,74.4,18.6,2156.7,12.82,0.07,6,5,0.675,1
R00008,Arunachal Pradesh,Tawang,PMGSY Road,2018-02-07,5.4,42.8,18.6,62.2,18.7,1976.0,6.43,0.068,5,3,0.781,1
R00001,Arunachal Pradesh,Tawang,State Highway,2023-11-06,31.8,62.8,18.9,77.3,16.5,1597.9,7.92,0.074,4,4,0.658,1
R00066,Meghalaya,East Garo Hills,Rural Road,2020-06-20,52.9,159.2,21.5,84.6,17.5,1357.5,6.28,0.177,1,2,0.701,0
R00063,Meghalaya,West Garo Hills,State Highway,2024-08-21,27.3,98.9,23.6,92.5,15.4,831.3,14.51,0.127,2,4,0.817,0
R00154,Tripura,West Tripura,Border Road,2024-02-12,18.2,50.6,24.4,68.1,3.4,57.7,4.41,0.155,1,1,0.944,0
R00060,Manipur,Noney,National Highway,2022-09-13,23.5,77.1,23.5,87.0,5.5,69.4,3.53,0.146,0,5,0.688,1
R00013,Arunachal Pradesh,Upper Subansiri,Border Road,2023-04-13,5.8,52.0,21.7,71.1,21.4,1130.4,5.57,0.083,4,1,0.977,0
R00113,Nagaland,Longleng,PMGSY Road,2021-10-06,10.6,70.3,25.7,77.6,23.6,793.0,4.88,0.115,4,1,0.61,0
R00098,Mizoram,Hnahthial,PMGSY Road,2024-04-05,16.1,33.9,25.3,70.8,16.3,345.3,3.14,0.069,1,3,0.803,1
R00126,Sikkim,Pakyong,State Highway,2023-01-21,7.0,19.6,17.5,69.9,19.5,1584.8,14.41,0.061,3,2,0.816,0
R00059,Manipur,Noney,Rural Road,2022-06-24,39.0,182.0,25.6,85.8,3.2,291.1,4.56,0.177,3,0,0.583,1
R00068,Meghalaya,South West Khasi Hills,State Highway,2016-01-11,3.7,30.6,20.2,68.6,10.4,1032.6,9.44,0.08,0,2,0.696,0
R00127,Sikkim,Mangan,PMGSY Road,2017-09-08,106.6,181.4,23.8,87.6,14.7,1378.1,7.87,0.213,4,2,0.84,1
R00114,Nagaland,Longleng,Rural Road,2016-11-08,28.0,63.4,24.8,76.0,12.0,809.2,6.76,0.102,2,2,0.949,0
R00073,Meghalaya,East Khasi Hills,National Highway,2017-01-03,9.1,19.8,26.6,70.9,12.8,614.0,3.17,0.091,2,2,0.697,1
R00074,Meghalaya,West Khasi Hills,Rural Road,2017-02-21,10.9,38.8,17.0,60.9,8.6,1585.4,10.71,0.098,2,4,0.525,1
R00161,Inter-state corridor,Dhubri,Border Road,2020-09-27,69.5,137.1,26.6,89.0,11.5,332.3,3.71,0.139,5,1,0.747,1
R00124,Sikkim,Gangtok,National Highway,2017-01-22,6.8,20.4,19.7,72.7,20.4,1201.9,10.9,0.105,4,2,0.719,1
R00022,Assam,Dhubri,Major District Road,2016-03-25,1.9,26.4,27.5,75.9,8.6,30.0,19.3,0.119,1,0,0.464,0
R00058,Manipur,Tamenglong,State Highway,2017-08-11,32.7,147.5,27.8,98.0,8.9,263.0,6.33,0.225,3,4,0.671,1
R00087,Mizoram,Hnahthial,Border Road,2018-12-08,4.5,19.4,28.1,71.7,13.7,261.3,4.89,0.079,4,1,0.851,0
R00004,Arunachal Pradesh,Upper Subansiri,State Highway,2023-07-14,142.2,222.5,19.1,88.7,16.8,1320.8,6.44,0.221,7,3,0.54,1
R00067,Meghalaya,East Garo Hills,State Highway,2025-09-04,58.6,129.6,26.0,88.2,11.1,686.2,4.33,0.172,5,2,0.584,1
R00119,Nagaland,Phek,Rural Road,2018-01-12,22.2,56.2,22.3,69.9,5.5,554.5,14.16,0.145,0,0,0.723,0
R00165,Inter-state corridor,Dibrugarh,PMGSY Road,2019-02-02,7.1,19.6,17.7,72.2,8.7,1060.9,6.53,0.083,2,4,0.618,1
R00055,Manipur,Senapati,State Highway,2019-01-18,14.7,31.3,22.0,70.6,10.7,593.7,10.65,0.089,1,4,0.739,0
R00090,Mizoram,Hnahthial,State Highway,2022-12-12,6.8,28.7,22.5,64.8,18.9,726.1,4.89,0.098,2,3,0.878,0
R00065,Meghalaya,East Khasi Hills,Bridge Approach,2022-10-11,53.6,123.4,21.9,79.6,15.5,756.3,5.27,0.137,2,4,0.814,1
R00062,Meghalaya,Eastern West Khasi Hills,State Highway,2020-04-13,30.9,53.0,24.0,78.0,16.2,1056.9,6.38,0.111,3,1,0.827,0
R00009,Arunachal Pradesh,Namsai,Major District Road,2019-06-09,37.3,265.7,22.7,86.8,20.7,921.8,3.12,0.246,5,1,0.702,1
R00138,Sikkim,Mangan,Rural Road,2025-08-13,155.6,334.2,21.1,89.9,17.4,1622.9,13.36,0.301,5,3,0.678,0
R00084,Mizoram,Hnahthial,Major District Road,2022-07-27,66.4,236.8,26.7,95.9,8.3,469.4,7.5,0.28,3,4,0.764,1
R00115,Nagaland,Chumoukedima,National Highway,2019-02-02,3.0,24.8,22.7,64.8,19.3,1006.3,17.62,0.129,0,2,0.796,0
R00155,Tripura,Sepahijala,Major District Road,2024-11-06,12.2,27.4,22.7,70.3,1.9,567.5,22.91,0.127,1,1,0.741,0
R00002,Arunachal Pradesh,Lower Subansiri,Major District Road,2022-04-02,25.7,89.8,20.8,75.0,20.7,1684.9,4.61,0.1,4,2,0.969,0
R00143,Tripura,Unakoti,State Highway,2017-04-23,16.8,62.3,24.0,81.0,1.6,332.9,8.33,0.145,1,3,0.964,0
R00036,Assam,Darrang,National Highway,2022-05-24,26.0,80.1,26.5,77.2,2.4,165.6,7.96,0.178,2,3,0.569,0
R00133,Sikkim,Namchi,Major District Road,2024-12-07,8.9,23.2,24.8,69.7,22.0,454.7,2.59,0.151,2,4,0.868,0
R00162,Inter-state corridor,Kamrup,PMGSY Road,2019-06-25,146.5,302.7,26.5,83.9,10.5,521.8,3.93,0.324,3,2,0.703,1
R00166,Inter-state corridor,Darrang,Major District Road,2018-02-14,4.8,32.2,21.3,68.1,7.0,830.6,4.01,0.083,2,5,0.886,0
R00153,Tripura,Dhalai,Border Road,2016-12-20,9.3,32.3,27.0,78.2,5.5,100.6,14.75,0.147,3,3,0.779,0
R00051,Manipur,Imphal East,Border Road,2023-01-19,3.0,20.3,24.7,71.0,16.2,548.7,4.87,0.101,0,3,0.73,0
R00025,Assam,Dhubri,Rural Road,2022-06-02,20.1,150.4,24.2,92.5,5.3,30.0,5.31,0.297,0,4,0.642,0
R00091,Mizoram,Champhai,Major District Road,2024-04-26,14.2,68.2,26.5,73.6,15.8,30.0,5.75,0.17,3,1,0.55,1
R00032,Assam,Tinsukia,National Highway,2018-12-19,14.6,25.9,27.2,65.7,10.6,598.5,6.58,0.099,3,1,0.658,1
R00056,Manipur,Noney,Bridge Approach,2018-03-11,5.6,43.3,26.9,75.7,9.2,30.0,9.15,0.095,2,0,0.743,0
R00117,Nagaland,Peren,Rural Road,2022-05-26,39.8,130.8,23.7,79.1,10.8,404.0,7.41,0.166,1,2,0.904,1
R00037,Assam,Dhemaji,Border Road,2019-11-03,5.4,58.2,26.1,71.2,7.0,30.0,14.67,0.164,0,3,0.811,0
R00042,Manipur,Ukhrul,Rural Road,2019-07-05,31.4,162.6,27.0,90.8,11.9,312.5,7.48,0.133,1,1,0.761,0
R00088,Mizoram,Aizawl,State Highway,2017-07-22,102.5,226.2,23.0,89.3,15.6,1093.4,2.81,0.379,3,5,0.746,1
R00165,Inter-state corridor,Dibrugarh,PMGSY Road,2026-01-06,10.9,27.2,23.0,66.1,8.7,1060.9,11.45,0.121,4,4,0.697,0
R00063,Meghalaya,West Garo Hills,State Highway,2018-07-16,38.3,240.6,24.9,91.1,15.4,831.3,13.51,0.239,0,1,0.8,0
R00020,Arunachal Pradesh,Upper Subansiri,Border Road,2024-01-11,9.2,31.4,21.8,65.4,17.4,1417.7,3.86,0.105,4,0,0.516,1
R00037,Assam,Dhemaji,Border Road,2024-01-06,1.8,14.3,27.1,69.0,7.0,30.0,2.48,0.244,2,2,0.881,1
R00005,Arunachal Pradesh,Upper Subansiri,State Highway,2020-12-21,4.5,12.0,17.4,67.8,25.1,1549.7,5.43,0.091,3,4,0.221,0
R00056,Manipur,Noney,Bridge Approach,2021-02-11,8.9,32.2,27.4,70.1,9.2,30.0,8.58,0.098,2,2,0.832,0
R00085,Mizoram,Saitual,Rural Road,2020-01-04,3.2,26.2,22.1,67.4,17.4,913.5,8.31,0.093,1,3,0.328,0
R00050,Manipur,Noney,State Highway,2019-05-26,58.7,188.4,24.2,79.1,12.4,87.3,12.7,0.244,0,0,0.819,0
R00114,Nagaland,Longleng,Rural Road,2017-04-14,46.6,75.2,25.7,74.6,12.0,809.2,5.88,0.136,2,0,0.879,1
R00102,Nagaland,Zunheboto,Rural Road,2018-12-10,15.6,26.7,23.7,72.9,14.8,590.1,6.37,0.13,1,3,0.836,1
R00020,Arunachal Pradesh,Upper Subansiri,Border Road,2019-08-12,38.5,86.0,15.9,92.6,17.4,1417.7,13.18,0.118,0,0,0.513,0
R00139,Sikkim,Gyalshing,State Highway,2020-12-01,18.5,36.0,13.7,68.3,14.6,2279.0,3.92,0.106,5,3,0.665,1
R00079,Meghalaya,West Jaintia Hills,Rural Road,2025-12-13,2.6,19.6,22.1,67.6,21.5,1175.8,9.15,0.093,3,0,0.908,0
R00042,Manipur,Ukhrul,Rural Road,2018-10-17,15.2,78.6,24.9,82.6,11.9,312.5,4.84,0.154,4,4,0.796,1
R00094,Mizoram,Lunglei,Major District Road,2024-02-24,8.0,39.8,21.0,64.4,13.5,1205.9,2.82,0.207,3,1,0.889,0
R00007,Arunachal Pradesh,West Kameng,PMGSY Road,2023-01-27,3.9,15.7,18.9,69.5,15.5,1648.2,6.11,0.077,5,6,0.777,0
R00028,Assam,Kamrup Metropolitan,Rural Road,2022-09-02,74.4,187.1,22.2,83.1,1.0,1155.4,11.7,0.219,3,1,0.782,0
R00078,Meghalaya,East Garo Hills,PMGSY Road,2020-08-26,110.9,309.9,20.6,93.3,8.6,1098.8,5.78,0.384,4,0,0.87,1
R00166,Inter-state corridor,Darrang,Major District Road,2021-03-08,5.9,23.4,25.1,71.8,7.0,830.6,4.39,0.128,1,1,0.914,0
R00069,Meghalaya,Ri-Bhoi,PMGSY Road,2023-06-12,37.0,189.2,25.1,79.7,13.1,484.0,10.37,0.223,1,1,0.857,0
R00120,Nagaland,Longleng,State Highway,2018-02-05,20.5,29.5,20.5,67.1,14.2,940.7,4.62,0.085,2,3,0.41,0
R00115,Nagaland,Chumoukedima,National Highway,2017-08-02,82.8,218.3,22.1,95.9,19.3,1006.3,3.09,0.216,4,3,0.79,1
R00091,Mizoram,Champhai,Major District Road,2025-04-07,9.3,54.5,24.8,75.7,15.8,30.0,16.24,0.1,3,2,0.492,1
R00159,Tripura,West Tripura,PMGSY Road,2024-03-28,2.0,33.5,29.4,68.2,7.6,122.9,14.86,0.142,4,2,0.898,0
R00070,Meghalaya,West Jaintia Hills,Rural Road,2026-08-06,70.6,368.3,20.7,90.1,24.2,1031.4,11.69,0.401,4,3,0.557,1
R00061,Meghalaya,South Garo Hills,PMGSY Road,2026-11-28,6.2,109.8,27.4,73.8,16.6,321.0,4.35,0.122,5,3,0.928,1
R00042,Manipur,Ukhrul,Rural Road,2023-02-25,5.3,15.4,25.0,71.9,11.9,312.5,18.43,0.079,0,2,0.779,1
R00076,Meghalaya,South Garo Hills,PMGSY Road,2016-11-20,16.8,39.4,21.0,71.4,12.0,1230.0,11.18,0.085,3,1,0.951,0
R00067,Meghalaya,East Garo Hills,State Highway,2018-08-15,41.0,144.6,22.7,97.1,11.1,686.2,5.43,0.182,3,0,0.669,0
R00075,Meghalaya,East Garo Hills,National Highway,2017-07-27,20.3,126.5,18.8,91.5,19.5,1308.3,1.29,0.258,2,0,1.0,1
R00050,Manipur,Noney,State Highway,2017-03-21,10.6,30.1,24.5,70.5,12.4,87.3,7.04,0.097,2,2,0.956,0
R00094,Mizoram,Lunglei,Major District Road,2020-12-16,6.7,27.9,21.0,64.1,13.5,1205.9,10.1,0.065,2,1,0.877,1
R00158,Tripura,Unakoti,Rural Road,2026-05-21,38.0,100.8,27.1,80.8,1.3,136.1,9.25,0.172,0,0,0.759,0
R00006,Arunachal Pradesh,East Kameng,Rural Road,2025-08-27,28.9,170.1,18.8,88.2,21.5,1354.8,3.04,0.186,4,2,0.727,1
R00043,Manipur,Jiribam,National Highway,2018-10-23,18.6,47.1,25.9,76.9,4.7,742.1,6.42,0.127,3,0,0.833,1
R00106,Nagaland,Chumoukedima,Rural Road,2026-01-18,3.4,21.9,18.9,71.1,13.6,1186.3,2.89,0.119,2,3,0.745,0
R00067,Meghalaya,East Garo Hills,State Highway,2025-02-23,1.2,24.9,24.2,70.5,11.1,686.2,2.65,0.12,1,4,0.648,0
R00159,Tripura,West Tripura,PMGSY Road,2025-03-18,10.8,31.2,29.2,67.6,7.6,122.9,19.32,0.162,2,3,0.877,0
R00152,Tripura,Dhalai,State Highway,2020-09-03,64.3,191.7,27.3,84.8,1.0,311.1,4.72,0.213,1,2,0.43,1
R00126,Sikkim,Pakyong,State Highway,2018-03-06,20.3,35.0,21.1,68.9,19.5,1584.8,6.12,0.077,6,1,0.849,1
R00018,Arunachal Pradesh,West Kameng,State Highway,2019-07-26,90.8,224.0,16.2,94.4,20.8,1771.2,10.07,0.236,2,3,0.692,1
R00008,Arunachal Pradesh,Tawang,PMGSY Road,2023-07-14,124.2,344.4,17.6,97.9,18.7,1976.0,7.01,0.345,5,3,0.807,1
R00097,Mizoram,Hnahthial,National Highway,2024-04-22,26.1,89.6,27.9,82.5,13.7,305.6,3.68,0.143,2,2,0.759,0
R00060,Manipur,Noney,National Highway,2017-06-04,54.9,162.3,26.6,87.1,5.5,69.4,13.01,0.206,1,2,0.69,1
R00148,Tripura,Unakoti,State Highway,2026-10-09,35.7,73.4,23.0,83.2,5.9,314.1,6.32,0.184,3,2,0.731,0
R00062,Meghalaya,Eastern West Khasi Hills,State Highway,2017-09-01,16.6,83.2,23.9,84.1,16.2,1056.9,5.59,0.128,3,1,0.715,1
R00102,Nagaland,Zunheboto,Rural Road,2026-09-01,59.2,226.8,21.9,84.8,14.8,590.1,7.29,0.225,3,0,0.837,0
R00039,Assam,Tinsukia,Border Road,2020-06-28,124.2,435.8,27.2,87.8,15.3,137.6,3.48,0.559,0,0,0.863,1
R00120,Nagaland,Longleng,State Highway,2017-04-09,32.0,95.9,21.9,72.3,14.2,940.7,7.56,0.134,2,1,0.449,0
R00108,Nagaland,Dimapur,National Highway,2026-02-26,2.7,7.6,18.2,73.1,11.8,1215.4,17.97,0.103,2,3,0.85,0
R00121,Sikkim,Gangtok,Border Road,2025-07-03,81.1,149.0,17.2,91.9,13.2,1998.3,9.89,0.163,3,1,0.676,1
R00089,Mizoram,Mamit,National Highway,2018-02-11,3.6,22.4,22.5,69.3,13.1,1221.4,6.57,0.111,2,1,0.815,0
R00026,Assam,Golaghat,National Highway,2016-10-15,29.2,92.4,22.5,72.5,12.4,58.3,11.66,0.128,2,3,0.493,0
R00063,Meghalaya,West Garo Hills,State Highway,2022-10-25,13.8,89.0,20.7,73.0,15.4,831.3,7.26,0.125,2,0,0.836,1
R00068,Meghalaya,South West Khasi Hills,State Highway,2020-03-14,12.1,22.2,21.5,74.7,10.4,1032.6,6.6,0.073,3,3,0.769,0
R00110,Nagaland,Phek,Major District Road,2017-06-27,19.8,95.1,23.6,87.6,20.9,902.1,5.86,0.17,4,3,0.813,1
R00090,Mizoram,Hnahthial,State Highway,2023-05-01,24.9,75.4,24.1,84.7,18.9,726.1,5.51,0.144,1,1,0.896,0
R00088,Mizoram,Aizawl,State Highway,2016-12-02,11.3,32.1,23.7,63.3,15.6,1093.4,3.08,0.074,2,3,0.725,0
R00021,Assam,Darrang,National Highway,2018-02-28,8.5,24.4,27.2,67.6,9.4,30.0,6.63,0.102,2,4,0.692,0
R00123,Sikkim,Gangtok,Border Road,2021-04-11,7.6,108.7,17.9,77.1,24.9,1693.1,4.87,0.108,4,3,0.651,1
R00153,Tripura,Dhalai,Border Road,2025-12-22,3.1,17.2,26.0,62.7,5.5,100.6,17.61,0.142,2,4,0.818,0
R00096,Mizoram,Saitual,State Highway,2026-11-16,19.5,61.9,23.3,68.1,15.7,655.0,9.01,0.135,4,5,0.315,1
R00143,Tripura,Unakoti,State Highway,2023-08-17,31.4,104.1,24.5,90.6,1.6,332.9,5.51,0.201,2,3,0.861,0
R00014,Arunachal Pradesh,Longding,National Highway,2018-10-07,3.3,66.1,25.5,81.3,23.6,874.4,5.2,0.106,2,3,0.599,1
R00119,Nagaland,Phek,Rural Road,2026-12-22,2.1,22.3,25.2,68.9,5.5,554.5,4.8,0.184,1,3,0.689,1
R00051,Manipur,Imphal East,Border Road,2016-06-06,52.8,323.7,24.8,91.2,16.2,548.7,12.55,0.346,4,7,0.794,0
R00147,Tripura,Unakoti,Border Road,2025-03-19,8.7,27.5,28.2,69.8,6.1,30.0,4.97,0.145,1,3,0.769,0
R00079,Meghalaya,West Jaintia Hills,Rural Road,2025-12-15,20.4,48.8,22.0,70.3,21.5,1175.8,6.88,0.095,2,1,0.91,1
R00030,Assam,Tinsukia,Major District Road,2020-05-14,23.0,151.5,25.2,76.7,11.0,32.6,11.32,0.15,5,0,0.903,0
R00048,Manipur,Ukhrul,PMGSY Road,2018-02-07,8.2,16.7,25.8,75.3,16.3,421.3,8.3,0.088,2,3,0.472,1
R00153,Tripura,Dhalai,Border Road,2026-05-22,14.3,99.0,27.0,83.1,5.5,100.6,5.75,0.136,2,0,0.744,0
R00161,Inter-state corridor,Dhubri,Border Road,2024-02-28,1.9,15.1,25.8,70.3,11.5,332.3,7.32,0.098,3,2,0.706,0
R00096,Mizoram,Saitual,State Highway,2017-03-12,12.8,30.7,24.2,75.3,15.7,655.0,4.81,0.14,3,5,0.496,1
R00135,Sikkim,Mangan,National Highway,2022-08-22,123.8,568.3,21.8,93.5,17.7,1240.5,9.75,0.667,4,2,0.756,1
R00148,Tripura,Unakoti,State Highway,2019-10-04,33.9,87.9,26.0,81.2,5.9,314.1,5.17,0.175,3,3,0.617,1
R00151,Tripura,Sepahijala,Border Road,2023-09-23,28.8,73.4,29.0,89.5,4.5,30.0,0.92,0.289,2,0,0.696,0
R00046,Manipur,Ukhrul,Major District Road,2026-01-26,3.3,6.2,21.2,73.2,16.6,599.0,8.74,0.071,0,2,0.721,0
R00050,Manipur,Noney,State Highway,2021-02-24,3.6,17.4,26.0,68.1,12.4,87.3,16.18,0.088,2,0,0.807,0
R00082,Mizoram,Hnahthial,Bridge Approach,2019-06-18,12.7,71.5,23.2,86.9,10.4,703.7,7.71,0.104,3,1,0.393,1
R00088,Mizoram,Aizawl,State Highway,2026-11-02,8.3,28.9,21.6,67.5,15.6,1093.4,13.15,0.107,0,1,0.729,0
R00064,Meghalaya,North Garo Hills,State Highway,2016-04-18,25.7,73.0,19.3,77.8,19.2,1410.0,13.05,0.127,2,3,0.804,0
R00164,Inter-state corridor,Barpeta,Rural Road,2018-12-05,6.3,14.6,24.7,64.3,10.6,421.4,7.2,0.083,1,3,0.921,0
R00145,Tripura,Dhalai,Rural Road,2022-05-11,7.2,102.8,30.1,86.0,1.0,211.0,13.23,0.169,2,2,0.829,0
R00139,Sikkim,Gyalshing,State Highway,2021-07-02,56.5,253.1,14.5,92.8,14.6,2279.0,18.17,0.236,6,0,0.661,1
R00147,Tripura,Unakoti,Border Road,2026-12-13,5.7,17.0,26.8,71.4,6.1,30.0,6.7,0.154,2,3,0.756,0
R00146,Tripura,Dhalai,PMGSY Road,2022-11-26,13.3,33.4,28.0,72.7,3.4,420.8,2.51,0.251,1,1,0.883,0
R00070,Meghalaya,West Jaintia Hills,Rural Road,2026-12-18,11.5,39.5,21.8,74.3,24.2,1031.4,7.13,0.107,2,2,0.663,0
R00003,Arunachal Pradesh,Tawang,PMGSY Road,2026-10-19,22.5,95.8,15.9,69.8,22.8,1580.1,11.37,0.165,3,2,0.829,0
R00045,Manipur,Ukhrul,State Highway,2020-05-08,24.0,56.5,23.6,84.0,10.7,893.2,7.88,0.117,3,3,0.782,0
R00105,Nagaland,Longleng,Major District Road,2021-01-10,12.0,39.2,29.6,68.4,19.1,404.1,5.37,0.08,4,0,0.746,1
R00028,Assam,Kamrup Metropolitan,Rural Road,2021-11-13,5.2,39.3,20.6,81.6,1.0,1155.4,4.83,0.102,3,2,0.876,0
R00138,Sikkim,Mangan,Rural Road,2019-11-25,6.1,46.0,22.0,75.6,17.4,1622.9,2.45,0.165,3,1,0.798,1
R00092,Mizoram,Mamit,Major District Road,2020-07-15,31.7,118.5,22.8,92.5,22.4,1158.3,6.08,0.129,3,4,0.473,1
R00165,Inter-state corridor,Dibrugarh,PMGSY Road,2017-04-19,27.6,41.9,23.7,72.8,8.7,1060.9,6.42,0.079,1,2,0.634,0
R00023,Assam,Darrang,PMGSY Road,2019-07-21,75.0,163.3,27.6,90.9,3.1,70.7,10.04,0.241,0,2,0.736,0
R00104,Nagaland,Peren,PMGSY Road,2018-06-11,38.1,144.1,24.4,84.0,13.4,551.6,23.34,0.166,4,2,0.711,1
R00125,Sikkim,Gyalshing,Border Road,2024-08-03,65.1,215.7,21.9,96.8,20.3,1270.2,6.27,0.198,3,2,0.555,0
R00166,Inter-state corridor,Darrang,Major District Road,2017-10-15,49.2,69.3,22.6,78.0,7.0,830.6,13.18,0.147,3,1,0.884,0
R00115,Nagaland,Chumoukedima,National Highway,2023-01-19,5.7,17.7,21.4,66.8,19.3,1006.3,3.01,0.077,3,1,0.828,0
R00106,Nagaland,Chumoukedima,Rural Road,2025-08-26,93.1,395.8,22.0,91.4,13.6,1186.3,5.1,0.396,5,3,0.683,1
R00063,Meghalaya,West Garo Hills,State Highway,2025-03-03,4.1,18.8,23.1,73.8,15.4,831.3,6.45,0.083,2,5,0.75,0
R00140,Sikkim,Namchi,Rural Road,2025-05-05,32.6,74.1,18.6,82.8,23.6,1635.2,28.77,0.093,3,3,0.47,0
R00064,Meghalaya,North Garo Hills,State Highway,2023-03-02,24.1,44.6,21.4,67.5,19.2,1410.0,12.68,0.078,4,4,0.948,1
R00134,Sikkim,Mangan,Rural Road,2026-04-20,27.8,110.3,22.0,78.1,18.4,1467.2,7.24,0.123,4,2,0.597,1
R00159,Tripura,West Tripura,PMGSY Road,2021-05-28,34.1,87.5,24.0,78.0,7.6,122.9,3.26,0.142,2,0,0.862,1
R00047,Manipur,Tamenglong,Rural Road,2019-04-14,26.9,104.4,27.2,73.4,7.2,30.0,5.59,0.226,3,3,0.727,1
R00055,Manipur,Senapati,State Highway,2021-06-03,84.6,180.2,25.4,86.5,10.7,593.7,5.66,0.23,0,5,0.649,0
R00019,Arunachal Pradesh,East Kameng,Rural Road,2017-06-21,39.4,138.1,20.0,85.6,19.4,1646.1,19.7,0.142,4,1,0.882,0
R00093,Mizoram,Champhai,National Highway,2016-04-22,9.6,53.0,26.8,70.3,13.8,195.0,3.76,0.16,2,2,0.662,0
R00132,Sikkim,Gyalshing,State Highway,2022-08-17,98.6,281.8,18.3,94.1,13.0,1847.6,6.43,0.248,2,3,0.967,1
R00098,Mizoram,Hnahthial,PMGSY Road,2022-06-10,62.4,225.3,23.2,86.6,16.3,345.3,3.2,0.259,2,2,0.647,1
R00143,Tripura,Unakoti,State Highway,2017-04-07,25.7,70.1,26.8,72.7,1.6,332.9,1.83,0.243,2,0,0.886,0
R00012,Arunachal Pradesh,West Siang,Border Road,2024-06-09,34.0,322.8,18.7,89.4,18.2,1398.0,8.25,0.259,2,3,0.659,1
R00114,Nagaland,Longleng,Rural Road,2024-12-17,15.4,31.7,23.9,69.7,12.0,809.2,17.82,0.105,2,1,0.943,0
R00105,Nagaland,Longleng,Major District Road,2021-02-09,4.7,10.3,24.9,67.6,19.1,404.1,2.55,0.173,1,1,0.566,1
R00090,Mizoram,Hnahthial,State Highway,2023-11-19,28.1,79.6,25.2,71.8,18.9,726.1,6.93,0.157,3,5,0.939,1
R00062,Meghalaya,Eastern West Khasi Hills,State Highway,2023-04-17,20.4,29.6,20.7,77.2,16.2,1056.9,8.75,0.086,2,1,0.765,0
R00015,Arunachal Pradesh,Tirap,Major District Road,2018-09-27,158.2,241.7,21.0,89.2,27.6,1221.6,5.27,0.166,4,1,0.732,1
R00011,Arunachal Pradesh,Namsai,Rural Road,2024-12-11,5.2,32.6,19.2,65.6,21.2,1663.5,4.62,0.078,5,1,0.789,1
R00047,Manipur,Tamenglong,Rural Road,2024-08-13,76.7,216.6,25.4,89.0,7.2,30.0,4.67,0.283,2,1,0.767,1
R00159,Tripura,West Tripura,PMGSY Road,2021-12-01,4.8,6.9,26.8,66.9,7.6,122.9,12.16,0.11,0,2,0.841,0
R00091,Mizoram,Champhai,Major District Road,2024-10-17,19.6,72.1,29.0,80.6,15.8,30.0,6.39,0.12,2,2,0.506,1
R00102,Nagaland,Zunheboto,Rural Road,2025-11-18,12.6,47.4,23.1,70.7,14.8,590.1,3.18,0.129,3,4,0.819,0
R00101,Nagaland,Kohima,State Highway,2020-09-26,15.4,100.0,22.1,84.9,8.8,1093.4,5.65,0.141,3,2,0.707,0
R00107,Nagaland,Mon,Bridge Approach,2024-05-14,48.8,154.7,23.0,78.6,12.4,1337.8,8.53,0.17,2,3,0.742,0
R00097,Mizoram,Hnahthial,National Highway,2017-06-04,38.6,206.4,22.6,85.4,13.7,305.6,6.83,0.206,2,0,0.661,0
R00076,Meghalaya,South Garo Hills,PMGSY Road,2026-04-12,16.0,58.2,18.8,75.6,12.0,1230.0,8.63,0.107,3,1,0.975,0
R00015,Arunachal Pradesh,Tirap,Major District Road,2017-08-04,89.7,250.9,23.1,89.7,27.6,1221.6,6.28,0.2,4,3,0.642,1
R00102,Nagaland,Zunheboto,Rural Road,2025-01-21,9.7,26.9,22.8,70.2,14.8,590.1,8.31,0.108,2,3,0.727,0
R00155,Tripura,Sepahijala,Major District Road,2018-11-24,12.1,30.0,24.3,68.9,1.9,567.5,2.97,0.229,3,3,0.779,1
R00033,Assam,Lakhimpur,Border Road,2026-02-22,11.6,21.3,28.2,69.7,5.7,30.0,8.73,0.115,2,1,0.8,0
R00096,Mizoram,Saitual,State Highway,2017-06-21,39.8,114.7,23.9,82.7,15.7,655.0,5.03,0.164,1,2,0.277,1
R00156,Tripura,West Tripura,PMGSY Road,2021-01-02,2.6,30.2,25.1,72.5,8.7,30.0,6.12,0.094,1,1,0.942,0
R00164,Inter-state corridor,Barpeta,Rural Road,2023-01-21,13.0,37.7,27.5,69.3,10.6,421.4,3.29,0.092,5,2,0.885,0
R00038,Assam,Barpeta,Rural Road,2021-02-25,5.7,30.0,24.6,72.8,11.7,427.5,4.17,0.092,2,4,1.0,0
R00020,Arunachal Pradesh,Upper Subansiri,Border Road,2025-06-05,58.0,180.9,17.4,87.3,17.4,1417.7,6.37,0.196,6,2,0.462,1
R00145,Tripura,Dhalai,Rural Road,2017-06-05,23.7,170.4,25.2,88.2,1.0,211.0,8.1,0.231,0,3,0.922,0
R00023,Assam,Darrang,PMGSY Road,2017-11-20,9.2,42.5,28.6,76.7,3.1,70.7,4.13,0.118,2,1,0.811,1
R00024,Assam,Dhemaji,Rural Road,2021-05-10,30.0,66.9,21.7,78.3,1.0,764.6,10.48,0.148,2,0,1.0,0
R00087,Mizoram,Hnahthial,Border Road,2025-12-01,3.0,16.7,25.8,66.2,13.7,261.3,4.05,0.081,2,0,0.866,1
R00007,Arunachal Pradesh,West Kameng,PMGSY Road,2025-09-02,17.4,247.2,17.3,78.9,15.5,1648.2,15.02,0.241,4,4,0.795,1
R00022,Assam,Dhubri,Major District Road,2018-01-11,4.1,31.7,26.4,68.7,8.6,30.0,2.93,0.176,2,2,0.547,1
R00017,Arunachal Pradesh,Upper Subansiri,Rural Road,2024-03-20,18.8,35.6,22.3,70.7,27.7,1205.7,9.31,0.071,3,3,0.545,1
R00077,Meghalaya,North Garo Hills,National Highway,2025-06-20,74.7,251.2,24.8,87.6,13.7,427.3,11.07,0.212,2,2,0.712,1
R00098,Mizoram,Hnahthial,PMGSY Road,2019-02-13,1.5,25.7,25.7,71.9,16.3,345.3,6.64,0.087,2,2,0.577,0
R00099,Mizoram,Hnahthial,Major District Road,2016-12-16,13.1,46.5,19.1,68.5,17.1,1261.7,6.43,0.083,4,4,0.561,1
R00157,Tripura,South Tripura,Major District Road,2020-04-06,8.7,42.2,24.7,72.3,1.0,420.9,7.73,0.101,1,1,0.854,0
R00058,Manipur,Tamenglong,State Highway,2022-12-25,3.0,40.9,23.5,70.1,8.9,263.0,3.71,0.132,2,2,0.782,1
R00028,Assam,Kamrup Metropolitan,Rural Road,2026-03-22,10.7,21.3,19.5,72.0,1.0,1155.4,3.39,0.127,1,1,0.886,0
R00027,Assam,Barpeta,Bridge Approach,2024-05-11,4.7,67.4,29.4,76.6,1.0,30.0,17.3,0.179,1,0,0.513,0
R00105,Nagaland,Longleng,Major District Road,2026-11-09,11.6,42.5,25.0,78.6,19.1,404.1,5.48,0.108,3,2,0.601,1
R00141,Tripura,West Tripura,Major District Road,2017-07-28,55.3,63.1,26.2,93.9,1.0,49.5,7.81,0.15,1,0,0.902,0
R00161,Inter-state corridor,Dhubri,Border Road,2017-04-12,25.2,69.6,23.2,73.3,11.5,332.3,5.61,0.125,2,2,0.716,0
R00081,Mizoram,Saitual,PMGSY Road,2020-01-02,8.4,18.1,25.5,61.9,13.2,630.9,6.7,0.126,3,3,0.963,0
R00115,Nagaland,Chumoukedima,National Highway,2017-06-07,24.8,172.4,25.0,90.1,19.3,1006.3,4.33,0.208,4,2,0.944,1
R00085,Mizoram,Saitual,Rural Road,2021-07-06,36.1,188.8,21.9,88.4,17.4,913.5,8.01,0.235,3,4,0.401,1
R00156,Tripura,West Tripura,PMGSY Road,2021-03-11,5.0,31.9,26.5,68.9,8.7,30.0,6.91,0.123,0,2,0.972,1
R00024,Assam,Dhemaji,Rural Road,2024-12-12,10.3,31.4,23.6,67.2,1.0,764.6,6.65,0.145,3,1,1.0,0
R00159,Tripura,West Tripura,PMGSY Road,2017-08-13,42.4,255.5,25.6,94.0,7.6,122.9,4.17,0.31,2,3,0.849,1
R00135,Sikkim,Mangan,National Highway,2018-06-02,53.9,140.9,18.7,84.1,17.7,1240.5,2.88,0.267,3,3,0.817,0
R00020,Arunachal Pradesh,Upper Subansiri,Border Road,2020-08-17,47.1,305.2,20.2,97.4,17.4,1417.7,7.88,0.33,2,1,0.504,1
R00012,Arunachal Pradesh,West Siang,Border Road,2022-07-12,30.5,182.1,22.1,91.0,18.2,1398.0,6.21,0.205,2,2,0.514,1
R00080,Meghalaya,East Khasi Hills,State Highway,2020-08-25,121.6,271.2,21.3,96.0,15.6,902.8,6.78,0.28,3,4,0.756,1
R00083,Mizoram,Serchhip,PMGSY Road,2019-07-23,18.9,54.4,24.5,96.4,11.7,461.2,7.11,0.094,3,3,0.675,0
R00071,Meghalaya,East Garo Hills,National Highway,2025-09-23,53.4,124.9,24.6,81.2,14.9,469.7,3.74,0.151,2,2,0.831,1
R00070,Meghalaya,West Jaintia Hills,Rural Road,2024-03-17,18.8,49.2,23.3,72.6,24.2,1031.4,10.1,0.119,3,2,0.609,0
R00018,Arunachal Pradesh,West Kameng,State Highway,2024-11-07,10.5,47.3,17.1,64.3,20.8,1771.2,6.49,0.09,4,2,0.66,1
R00032,Assam,Tinsukia,National Highway,2020-09-22,38.7,158.2,23.7,87.8,10.6,598.5,5.66,0.173,1,4,0.661,0
R00032,Assam,Tinsukia,National Highway,2017-12-08,10.0,23.0,24.9,69.1,10.6,598.5,9.52,0.102,3,4,0.557,1
R00008,Arunachal Pradesh,Tawang,PMGSY Road,2022-04-05,51.5,129.7,15.9,72.3,18.7,1976.0,4.88,0.144,5,3,0.862,1
R00074,Meghalaya,West Khasi Hills,Rural Road,2023-04-02,34.1,83.3,18.3,73.7,8.6,1585.4,4.54,0.145,3,3,0.494,1
R00149,Tripura,Sepahijala,State Highway,2017-12-12,8.7,46.8,27.4,70.7,9.6,30.0,5.68,0.1,3,1,0.806,1
R00039,Assam,Tinsukia,Border Road,2019-12-18,10.5,17.7,26.8,71.0,15.3,137.6,6.56,0.124,5,1,0.802,0
R00111,Nagaland,Wokha,State Highway,2017-07-23,102.1,196.7,28.7,92.0,17.2,88.6,12.21,0.237,1,4,0.751,1
R00057,Manipur,Ukhrul,National Highway,2018-01-12,5.1,21.0,28.5,67.8,13.0,225.6,7.59,0.108,4,1,0.591,1
R00074,Meghalaya,West Khasi Hills,Rural Road,2022-11-17,12.4,27.9,20.6,72.9,8.6,1585.4,5.35,0.086,3,5,0.575,1
R00010,Arunachal Pradesh,East Kameng,National Highway,2026-02-19,4.9,32.5,18.7,71.2,17.1,1980.2,3.1,0.082,3,2,0.724,1
R00010,Arunachal Pradesh,East Kameng,National Highway,2021-10-26,76.7,126.2,15.7,79.4,17.1,1980.2,9.75,0.134,4,2,0.811,1
R00072,Meghalaya,South West Khasi Hills,State Highway,2024-02-08,17.1,34.5,25.9,71.7,20.2,1182.9,12.83,0.101,3,5,0.433,1
R00165,Inter-state corridor,Dibrugarh,PMGSY Road,2023-12-05,12.0,31.6,20.4,72.1,8.7,1060.9,10.78,0.111,3,1,0.583,1
R00110,Nagaland,Phek,Major District Road,2016-03-05,11.4,36.5,20.4,70.2,20.9,902.1,5.91,0.125,4,4,0.705,0
R00038,Assam,Barpeta,Rural Road,2023-09-19,31.1,59.4,26.7,84.8,11.7,427.5,6.52,0.109,4,2,1.0,0
R00004,Arunachal Pradesh,Upper Subansiri,State Highway,2025-12-18,5.1,25.6,23.8,72.6,16.8,1320.8,10.56,0.101,4,3,0.642,0
R00087,Mizoram,Hnahthial,Border Road,2020-10-12,40.3,182.3,26.9,78.3,13.7,261.3,11.67,0.15,1,0,0.913,0
R00110,Nagaland,Phek,Major District Road,2023-09-20,38.3,143.7,21.1,93.9,20.9,902.1,6.29,0.127,3,2,0.711,1
R00015,Arunachal Pradesh,Tirap,Major District Road,2017-06-17,42.3,291.4,23.3,88.2,27.6,1221.6,5.03,0.376,2,6,0.807,1
R00099,Mizoram,Hnahthial,Major District Road,2025-07-19,42.4,94.5,21.5,88.2,17.1,1261.7,15.61,0.117,2,0,0.482,0
R00130,Sikkim,Gyalshing,Major District Road,2021-12-11,8.0,26.9,14.5,69.0,23.6,1866.8,12.37,0.076,5,1,0.495,1
R00150,Tripura,West Tripura,State Highway,2021-04-04,5.0,42.7,26.9,70.3,8.6,30.0,5.48,0.121,2,2,0.877,0
R00005,Arunachal Pradesh,Upper Subansiri,State Highway,2020-11-05,19.8,38.1,19.9,71.2,25.1,1549.7,2.21,0.176,5,1,0.308,1
R00021,Assam,Darrang,National Highway,2020-12-10,4.2,40.1,28.4,71.4,9.4,30.0,3.57,0.101,3,2,0.711,0
R00143,Tripura,Unakoti,State Highway,2025-08-10,46.6,209.1,26.1,90.7,1.6,332.9,6.42,0.298,2,1,0.912,0
R00151,Tripura,Sepahijala,Border Road,2024-08-04,99.2,193.0,29.8,89.4,4.5,30.0,3.99,0.383,1,0,0.837,1
R00054,Manipur,Ukhrul,Border Road,2026-10-16,27.5,48.4,24.7,84.1,14.1,655.7,3.35,0.117,1,4,0.602,0
R00075,Meghalaya,East Garo Hills,National Highway,2017-07-25,57.9,157.4,23.0,90.5,19.5,1308.3,4.54,0.166,4,1,0.97,0
R00122,Sikkim,Namchi,National Highway,2016-10-10,52.5,93.3,18.0,77.8,23.1,1644.1,3.81,0.119,3,4,0.462,1
R00081,Mizoram,Saitual,PMGSY Road,2019-12-16,12.0,48.5,25.3,76.9,13.2,630.9,17.65,0.089,3,2,1.0,0
R00136,Sikkim,Gangtok,Rural Road,2017-04-25,14.1,70.8,19.7,80.4,18.6,2156.7,11.56,0.089,5,5,0.736,1
R00158,Tripura,Unakoti,Rural Road,2026-10-12,12.5,94.6,24.7,82.4,1.3,136.1,9.37,0.238,2,3,0.87,0
R00158,Tripura,Unakoti,Rural Road,2016-11-13,4.3,18.2,25.1,69.8,1.3,136.1,2.15,0.247,0,5,0.784,0
R00018,Arunachal Pradesh,West Kameng,State Highway,2024-09-01,45.2,368.1,18.7,87.9,20.8,1771.2,7.75,0.319,4,1,0.761,1
R00120,Nagaland,Longleng,State Highway,2018-02-19,2.8,25.2,20.8,71.5,14.2,940.7,10.93,0.099,4,2,0.462,0
R00057,Manipur,Ukhrul,National Highway,2018-08-06,105.7,336.8,23.5,91.8,13.0,225.6,8.2,0.34,0,4,0.415,1
R00128,Sikkim,Namchi,National Highway,2017-07-13,139.0,418.9,20.4,92.2,25.6,1459.3,5.56,0.483,2,5,0.85,1
R00121,Sikkim,Gangtok,Border Road,2024-06-07,30.3,168.0,14.8,93.6,13.2,1998.3,3.84,0.213,3,2,0.769,1
R00018,Arunachal Pradesh,West Kameng,State Highway,2023-09-28,47.0,184.4,17.0,86.3,20.8,1771.2,20.3,0.183,5,5,0.764,1
R00072,Meghalaya,South West Khasi Hills,State Highway,2016-09-14,35.3,69.5,19.9,87.0,20.2,1182.9,7.99,0.134,4,4,0.477,1
R00110,Nagaland,Phek,Major District Road,2020-02-09,11.0,28.4,23.6,70.7,20.9,902.1,10.71,0.095,2,2,0.741,1
R00167,Inter-state corridor,Barpeta,Rural Road,2025-03-26,12.3,29.2,24.1,71.3,22.3,835.8,14.64,0.097,3,3,0.836,1
R00079,Meghalaya,West Jaintia Hills,Rural Road,2019-04-11,42.9,88.6,21.9,78.2,21.5,1175.8,4.68,0.113,4,3,0.799,1
R00086,Mizoram,Aizawl,State Highway,2019-06-12,94.1,199.6,16.5,86.0,14.9,1222.8,6.62,0.221,3,4,0.725,0
R00056,Manipur,Noney,Bridge Approach,2019-12-19,9.8,32.3,26.7,69.5,9.2,30.0,7.66,0.134,2,0,0.771,0
R00136,Sikkim,Gangtok,Rural Road,2026-08-04,92.3,343.8,17.2,94.8,18.6,2156.7,3.01,0.325,5,1,0.678,1
R00082,Mizoram,Hnahthial,Bridge Approach,2019-03-10,21.9,67.3,25.5,68.2,10.4,703.7,1.34,0.157,3,3,0.413,0
R00016,Arunachal Pradesh,Tawang,Rural Road,2021-01-28,2.7,34.3,19.0,72.5,12.0,1318.6,20.69,0.099,4,1,0.605,1
R00138,Sikkim,Mangan,Rural Road,2020-12-03,6.0,17.4,19.2,73.8,17.4,1622.9,5.27,0.077,3,1,0.792,1
R00144,Tripura,South Tripura,Border Road,2025-08-23,122.9,184.7,25.2,94.3,1.0,363.4,19.55,0.221,4,0,0.38,0
R00094,Mizoram,Lunglei,Major District Road,2024-05-04,16.3,66.0,17.6,78.4,13.5,1205.9,3.52,0.103,4,1,0.831,0
R00071,Meghalaya,East Garo Hills,National Highway,2016-12-12,7.2,45.3,24.4,73.2,14.9,469.7,11.33,0.103,3,4,0.839,0
R00114,Nagaland,Longleng,Rural Road,2022-09-24,74.7,187.1,22.6,83.0,12.0,809.2,2.8,0.34,3,3,0.947,1
R00076,Meghalaya,South Garo Hills,PMGSY Road,2017-05-25,8.1,58.6,20.5,78.7,12.0,1230.0,8.48,0.125,4,2,0.904,1
R00136,Sikkim,Gangtok,Rural Road,2018-10-02,18.9,209.6,16.6,80.6,18.6,2156.7,8.64,0.174,2,0,0.651,0
R00096,Mizoram,Saitual,State Highway,2024-09-12,27.6,170.9,24.7,74.0,15.7,655.0,9.52,0.195,1,4,0.397,1
R00074,Meghalaya,West Khasi Hills,Rural Road,2020-09-01,56.2,167.8,18.6,84.1,8.6,1585.4,3.46,0.165,2,2,0.513,1
R00041,Manipur,Noney,PMGSY Road,2024-02-18,15.0,23.4,25.7,70.9,12.6,617.1,10.77,0.079,4,4,0.898,0
R00163,Inter-state corridor,Barpeta,PMGSY Road,2017-06-20,6.8,125.9,24.9,86.4,4.5,471.2,5.69,0.156,2,0,0.854,1
R00125,Sikkim,Gyalshing,Border Road,2016-01-10,7.2,18.9,19.4,67.8,20.3,1270.2,5.24,0.101,4,3,0.52,1
R00084,Mizoram,Hnahthial,Major District Road,2019-01-06,10.7,19.7,25.0,71.0,8.3,469.4,10.44,0.086,0,1,0.779,0
R00118,Nagaland,Mon,State Highway,2017-06-14,53.9,169.9,27.6,83.3,13.7,734.2,9.38,0.203,1,3,0.806,0
R00066,Meghalaya,East Garo Hills,Rural Road,2018-12-24,20.3,32.0,19.7,73.0,17.5,1357.5,7.69,0.101,6,1,0.67,0
R00059,Manipur,Noney,Rural Road,2022-07-28,103.2,245.4,26.6,99.0,3.2,291.1,5.18,0.327,2,3,0.613,0
R00118,Nagaland,Mon,State Highway,2026-08-25,18.6,223.2,25.4,93.5,13.7,734.2,12.01,0.286,3,4,0.91,1
R00148,Tripura,Unakoti,State Highway,2021-11-04,11.4,28.3,26.8,72.6,5.9,314.1,5.52,0.162,3,1,0.695,0
R00165,Inter-state corridor,Dibrugarh,PMGSY Road,2023-11-03,6.9,54.0,20.0,74.6,8.7,1060.9,8.92,0.102,2,2,0.547,1
R00076,Meghalaya,South Garo Hills,PMGSY Road,2023-11-18,20.3,49.9,20.2,74.6,12.0,1230.0,7.07,0.109,2,3,0.87,0
R00004,Arunachal Pradesh,Upper Subansiri,State Highway,2017-06-05,53.9,266.3,19.5,86.4,16.8,1320.8,3.01,0.259,3,1,0.662,0
R00158,Tripura,Unakoti,Rural Road,2016-04-06,20.9,48.6,25.8,76.4,1.3,136.1,25.52,0.156,4,1,0.745,0
R00001,Arunachal Pradesh,Tawang,State Highway,2021-10-01,134.4,254.4,17.8,75.5,16.5,1597.9,4.74,0.243,4,3,0.653,1
R00018,Arunachal Pradesh,West Kameng,State Highway,2020-07-26,30.4,151.5,18.4,92.6,20.8,1771.2,8.08,0.106,7,0,0.656,1
R00148,Tripura,Unakoti,State Highway,2022-12-27,9.6,18.2,28.6,70.0,5.9,314.1,13.37,0.134,2,4,0.685,0
R00016,Arunachal Pradesh,Tawang,Rural Road,2025-12-07,13.0,35.0,22.3,70.8,12.0,1318.6,5.62,0.077,3,4,0.602,0
R00006,Arunachal Pradesh,East Kameng,Rural Road,2022-06-25,13.2,126.5,21.7,89.3,21.5,1354.8,2.88,0.244,3,1,0.838,0
R00100,Mizoram,Champhai,PMGSY Road,2026-04-06,20.5,84.2,19.8,72.7,10.8,1208.8,7.29,0.112,3,2,0.473,1
R00064,Meghalaya,North Garo Hills,State Highway,2016-03-11,4.2,23.3,20.2,68.8,19.2,1410.0,14.92,0.078,1,2,0.909,1
R00007,Arunachal Pradesh,West Kameng,PMGSY Road,2024-08-07,68.0,174.2,15.5,94.0,15.5,1648.2,15.47,0.143,4,2,0.83,1
R00163,Inter-state corridor,Barpeta,PMGSY Road,2024-12-11,7.1,54.6,20.4,71.6,4.5,471.2,17.14,0.134,2,3,0.834,0
R00135,Sikkim,Mangan,National Highway,2022-06-12,22.6,68.0,23.2,88.1,17.7,1240.5,6.68,0.079,5,3,0.768,1
R00092,Mizoram,Mamit,Major District Road,2017-06-08,12.0,72.7,26.1,91.7,22.4,1158.3,15.87,0.092,3,2,0.494,1
R00093,Mizoram,Champhai,National Highway,2018-04-27,15.1,53.4,27.8,71.8,13.8,195.0,6.06,0.123,2,3,0.629,0
R00029,Assam,Nagaon,Rural Road,2016-01-11,9.6,14.2,24.3,69.6,11.5,1011.8,24.29,0.082,2,2,0.65,0
R00024,Assam,Dhemaji,Rural Road,2020-04-26,20.2,36.4,22.7,82.4,1.0,764.6,10.76,0.118,2,3,0.964,0
R00068,Meghalaya,South West Khasi Hills,State Highway,2019-07-11,42.4,251.5,23.5,87.7,10.4,1032.6,3.29,0.171,3,3,0.67,0
R00014,Arunachal Pradesh,Longding,National Highway,2023-01-03,5.6,24.9,24.5,67.2,23.6,874.4,4.83,0.095,5,0,0.535,1
R00016,Arunachal Pradesh,Tawang,Rural Road,2023-08-11,7.8,118.0,18.9,91.9,12.0,1318.6,5.89,0.171,3,5,0.69,0
R00083,Mizoram,Serchhip,PMGSY Road,2023-09-08,19.6,211.7,25.4,87.3,11.7,461.2,5.99,0.23,3,2,0.743,1
R00077,Meghalaya,North Garo Hills,National Highway,2019-05-23,14.8,81.1,24.5,77.7,13.7,427.3,7.54,0.107,1,3,0.692,0
R00016,Arunachal Pradesh,Tawang,Rural Road,2017-09-06,61.0,339.9,23.8,78.5,12.0,1318.6,16.05,0.434,1,3,0.523,1
R00064,Meghalaya,North Garo Hills,State Highway,2017-06-25,109.3,250.4,19.6,87.0,19.2,1410.0,14.91,0.206,3,2,0.97,1
R00142,Tripura,West Tripura,Bridge Approach,2016-05-09,19.7,80.1,24.9,81.3,4.3,30.0,12.14,0.169,2,3,0.542,0
R00073,Meghalaya,East Khasi Hills,National Highway,2026-03-25,32.9,82.6,23.9,71.9,12.8,614.0,20.35,0.136,2,3,0.651,0
R00055,Manipur,Senapati,State Highway,2025-06-15,23.4,142.7,24.3,89.3,10.7,593.7,13.9,0.203,3,3,0.747,0
R00139,Sikkim,Gyalshing,State Highway,2020-05-05,88.1,114.4,15.2,82.6,14.6,2279.0,3.47,0.136,2,3,0.621,1
R00129,Sikkim,Mangan,Major District Road,2025-11-13,4.2,27.9,18.5,66.6,21.1,1669.5,4.1,0.098,4,4,0.633,1
R00011,Arunachal Pradesh,Namsai,Rural Road,2019-12-08,12.7,31.6,17.0,72.7,21.2,1663.5,4.99,0.082,6,3,0.826,1
R00058,Manipur,Tamenglong,State Highway,2021-04-01,6.9,27.0,27.3,73.1,8.9,263.0,3.24,0.086,2,3,0.76,0
R00025,Assam,Dhubri,Rural Road,2018-08-28,24.4,142.0,27.9,97.1,5.3,30.0,5.74,0.257,2,3,0.608,1
R00058,Manipur,Tamenglong,State Highway,2017-09-15,20.2,101.9,22.9,79.6,8.9,263.0,9.31,0.189,2,0,0.702,0
R00089,Mizoram,Mamit,National Highway,2021-02-21,2.2,28.4,22.3,68.4,13.1,1221.4,2.83,0.168,5,3,0.979,0
R00031,Assam,Kamrup,State Highway,2026-12-11,6.6,79.3,20.6,64.7,9.8,756.2,5.58,0.133,2,5,0.453,1
R00077,Meghalaya,North Garo Hills,National Highway,2020-06-09,49.9,209.0,26.9,86.4,13.7,427.3,8.56,0.233,0,1,0.624,0
R00097,Mizoram,Hnahthial,National Highway,2023-12-06,7.3,26.5,23.9,71.2,13.7,305.6,6.6,0.092,1,2,0.856,0
R00127,Sikkim,Mangan,PMGSY Road,2016-10-04,75.4,169.7,20.3,74.2,14.7,1378.1,5.63,0.193,4,2,0.776,1
R00044,Manipur,Ukhrul,State Highway,2025-06-04,43.8,89.6,27.1,82.3,9.8,111.7,2.38,0.267,1,3,0.869,0
R00159,Tripura,West Tripura,PMGSY Road,2018-01-28,14.4,18.1,25.4,70.6,7.6,122.9,13.66,0.133,2,4,0.903,0
R00016,Arunachal Pradesh,Tawang,Rural Road,2022-04-17,2.1,27.5,18.8,78.8,12.0,1318.6,6.68,0.094,2,1,0.571,1
R00162,Inter-state corridor,Kamrup,PMGSY Road,2023-10-22,9.5,60.6,20.4,76.8,10.5,521.8,7.64,0.117,3,2,0.767,1
R00110,Nagaland,Phek,Major District Road,2021-09-12,23.2,130.5,20.9,85.1,20.9,902.1,4.09,0.157,4,1,0.709,1
R00079,Meghalaya,West Jaintia Hills,Rural Road,2023-06-03,66.5,191.8,19.7,81.7,21.5,1175.8,4.79,0.183,1,2,0.829,1
R00107,Nagaland,Mon,Bridge Approach,2016-07-17,77.4,305.7,21.0,97.4,12.4,1337.8,8.55,0.293,4,6,0.857,1
R00045,Manipur,Ukhrul,State Highway,2026-05-19,8.9,50.3,21.7,85.3,10.7,893.2,3.3,0.078,3,2,0.844,0
R00124,Sikkim,Gangtok,National Highway,2026-02-03,3.0,28.8,18.9,70.4,20.4,1201.9,10.31,0.09,4,3,0.608,0
R00115,Nagaland,Chumoukedima,National Highway,2019-10-10,7.8,39.8,23.2,74.6,19.3,1006.3,9.73,0.107,5,1,0.843,0
R00135,Sikkim,Mangan,National Highway,2020-03-14,10.1,24.1,21.1,70.4,17.7,1240.5,7.16,0.107,4,3,0.81,0
R00105,Nagaland,Longleng,Major District Road,2016-01-10,9.9,14.4,24.2,67.1,19.1,404.1,8.28,0.087,1,2,0.698,1
R00021,Assam,Darrang,National Highway,2021-06-26,50.8,129.2,25.9,86.4,9.4,30.0,7.39,0.179,2,1,0.598,1
R00058,Manipur,Tamenglong,State Highway,2017-02-26,10.4,18.2,26.5,67.5,8.9,263.0,9.61,0.12,2,3,0.74,0
R00129,Sikkim,Mangan,Major District Road,2023-05-28,43.8,149.8,18.7,71.4,21.1,1669.5,9.69,0.143,4,3,0.637,1
R00020,Arunachal Pradesh,Upper Subansiri,Border Road,2023-07-06,75.5,320.4,19.2,88.0,17.4,1417.7,7.58,0.345,4,4,0.569,1
R00139,Sikkim,Gyalshing,State Highway,2022-10-08,124.4,161.6,15.4,74.8,14.6,2279.0,2.22,0.238,2,3,0.525,1
R00004,Arunachal Pradesh,Upper Subansiri,State Highway,2022-01-14,11.1,21.6,19.2,67.9,16.8,1320.8,18.11,0.095,4,1,0.708,0
R00127,Sikkim,Mangan,PMGSY Road,2025-03-25,4.3,47.6,21.8,75.3,14.7,1378.1,3.92,0.097,4,3,0.767,1
R00137,Sikkim,Gangtok,Border Road,2019-05-19,27.2,89.6,17.6,82.4,30.8,1740.6,7.12,0.132,5,3,0.846,1
R00009,Arunachal Pradesh,Namsai,Major District Road,2016-05-21,63.4,145.4,24.2,85.0,20.7,921.8,7.29,0.161,5,1,0.762,1
R00013,Arunachal Pradesh,Upper Subansiri,Border Road,2018-10-28,12.5,152.6,20.8,76.8,21.4,1130.4,4.68,0.147,2,2,0.869,1
R00049,Manipur,Thoubal,Border Road,2025-11-20,9.1,49.5,24.4,67.0,7.7,229.1,3.29,0.158,2,2,0.836,0
R00092,Mizoram,Mamit,Major District Road,2021-08-20,36.1,202.3,17.7,86.7,22.4,1158.3,3.28,0.189,3,4,0.447,1
R00010,Arunachal Pradesh,East Kameng,National Highway,2019-06-09,53.2,107.6,15.0,89.1,17.1,1980.2,4.4,0.115,6,2,0.807,1
R00164,Inter-state corridor,Barpeta,Rural Road,2017-07-24,75.2,135.7,27.8,92.5,10.6,421.4,4.51,0.178,3,3,0.877,0
R00067,Meghalaya,East Garo Hills,State Highway,2024-05-22,15.8,42.0,24.0,82.3,11.1,686.2,6.59,0.093,2,3,0.681,1
R00076,Meghalaya,South Garo Hills,PMGSY Road,2025-11-25,8.3,98.4,18.7,69.9,12.0,1230.0,9.52,0.125,3,2,0.862,0
R00038,Assam,Barpeta,Rural Road,2019-12-17,3.4,25.4,23.2,72.0,11.7,427.5,5.49,0.095,0,2,0.994,1
R00053,Manipur,Noney,Rural Road,2016-07-03,73.2,248.7,27.7,92.7,8.3,299.8,10.84,0.262,2,4,0.477,0
R00081,Mizoram,Saitual,PMGSY Road,2019-08-10,28.9,116.5,23.0,95.1,13.2,630.9,2.83,0.277,1,4,0.955,0
R00095,Mizoram,Serchhip,PMGSY Road,2017-04-05,29.4,95.3,19.6,69.6,12.7,567.8,6.17,0.113,3,1,0.949,0
R00147,Tripura,Unakoti,Border Road,2016-04-13,35.9,69.8,29.3,72.4,6.1,30.0,4.57,0.191,3,2,0.763,1
R00089,Mizoram,Mamit,National Highway,2026-11-28,11.9,52.4,23.2,68.5,13.1,1221.4,6.26,0.106,2,1,0.84,0
R00061,Meghalaya,South Garo Hills,PMGSY Road,2016-03-20,7.1,46.9,27.6,72.7,16.6,321.0,5.71,0.091,0,1,0.885,0
R00112,Nagaland,Kohima,State Highway,2025-07-27,43.7,190.4,26.6,93.5,7.7,113.9,9.65,0.33,3,2,0.526,1
R00075,Meghalaya,East Garo Hills,National Highway,2018-05-03,22.7,162.1,20.8,84.6,19.5,1308.3,5.23,0.173,5,3,0.953,1
R00098,Mizoram,Hnahthial,PMGSY Road,2022-01-09,1.1,20.2,28.3,70.1,16.3,345.3,4.5,0.099,1,2,0.752,0
R00069,Meghalaya,Ri-Bhoi,PMGSY Road,2016-11-14,26.3,73.1,24.8,73.0,13.1,484.0,6.25,0.133,4,0,0.814,0
R00035,Assam,Dibrugarh,Major District Road,2021-06-25,22.1,105.1,22.5,88.7,7.2,655.2,4.18,0.146,0,3,0.76,0
R00068,Meghalaya,South West Khasi Hills,State Highway,2022-07-21,55.8,194.3,22.5,88.9,10.4,1032.6,4.66,0.226,3,2,0.705,1
R00130,Sikkim,Gyalshing,Major District Road,2018-10-20,22.7,44.8,16.9,79.9,23.6,1866.8,16.24,0.083,4,2,0.538,1
R00038,Assam,Barpeta,Rural Road,2016-07-10,19.0,194.5,26.3,94.4,11.7,427.5,1.83,0.342,2,1,0.888,1
R00037,Assam,Dhemaji,Border Road,2024-08-14,107.7,335.1,23.2,91.2,7.0,30.0,10.82,0.417,1,2,0.779,1
R00062,Meghalaya,Eastern West Khasi Hills,State Highway,2024-09-11,108.3,125.8,21.5,84.2,16.2,1056.9,8.59,0.175,3,0,0.755,1
R00024,Assam,Dhemaji,Rural Road,2018-01-14,14.6,25.1,25.0,67.8,1.0,764.6,5.19,0.129,0,2,1.0,0
R00028,Assam,Kamrup Metropolitan,Rural Road,2020-08-03,30.4,117.2,18.9,83.7,1.0,1155.4,7.22,0.204,3,2,0.774,0
R00040,Assam,Lakhimpur,National Highway,2019-05-04,36.9,79.2,26.3,80.2,9.5,583.6,8.95,0.106,3,4,0.761,1
R00080,Meghalaya,East Khasi Hills,State Highway,2018-06-02,12.2,137.0,24.1,82.7,15.6,902.8,11.59,0.179,3,3,0.775,0
R00017,Arunachal Pradesh,Upper Subansiri,Rural Road,2026-03-11,12.0,19.9,22.0,69.3,27.7,1205.7,1.86,0.163,2,3,0.457,0
R00139,Sikkim,Gyalshing,State Highway,2016-01-19,15.8,33.8,14.0,69.3,14.6,2279.0,10.22,0.084,5,3,0.654,1
R00161,Inter-state corridor,Dhubri,Border Road,2020-06-04,7.6,132.4,23.1,86.3,11.5,332.3,7.64,0.151,2,2,0.806,0
R00004,Arunachal Pradesh,Upper Subansiri,State Highway,2026-10-06,23.7,65.2,19.9,74.9,16.8,1320.8,7.54,0.096,5,3,0.615,1
R00160,Tripura,Dhalai,PMGSY Road,2018-03-25,10.3,61.5,26.1,69.8,8.2,374.2,17.14,0.095,0,2,0.751,0
R00109,Nagaland,Chumoukedima,Border Road,2018-01-26,1.9,23.4,27.0,64.9,4.6,698.8,6.16,0.146,3,4,0.807,0
R00067,Meghalaya,East Garo Hills,State Highway,2023-05-10,12.4,109.8,26.7,75.9,11.1,686.2,4.42,0.174,2,3,0.641,1
R00122,Sikkim,Namchi,National Highway,2020-01-21,9.5,32.9,20.1,66.8,23.1,1644.1,12.96,0.104,3,1,0.558,1
R00141,Tripura,West Tripura,Major District Road,2018-12-20,9.5,29.6,24.7,73.5,1.0,49.5,19.5,0.149,0,0,0.944,0
R00114,Nagaland,Longleng,Rural Road,2018-11-04,41.4,81.3,21.7,68.7,12.0,809.2,9.88,0.12,4,2,0.935,1
R00072,Meghalaya,South West Khasi Hills,State Highway,2016-12-26,19.8,28.2,18.8,67.5,20.2,1182.9,3.69,0.092,2,3,0.443,1
R00123,Sikkim,Gangtok,Border Road,2022-09-17,42.7,226.4,16.9,87.0,24.9,1693.1,13.18,0.209,4,0,0.537,1
R00003,Arunachal Pradesh,Tawang,PMGSY Road,2026-05-06,9.2,102.5,17.3,81.8,22.8,1580.1,12.76,0.112,5,4,1.0,1
R00149,Tripura,Sepahijala,State Highway,2017-01-11,5.1,14.2,25.2,74.7,9.6,30.0,7.55,0.117,1,3,0.779,0
R00083,Mizoram,Serchhip,PMGSY Road,2026-06-10,12.7,60.5,23.7,93.8,11.7,461.2,6.1,0.113,4,4,0.763,1
R00153,Tripura,Dhalai,Border Road,2024-12-20,6.9,31.6,23.7,73.5,5.5,100.6,20.32,0.118,2,1,0.81,0
R00046,Manipur,Ukhrul,Major District Road,2025-11-18,12.1,41.9,24.7,72.1,16.6,599.0,16.69,0.112,2,2,0.819,0
R00101,Nagaland,Kohima,State Highway,2025-02-17,5.3,12.9,22.1,75.1,8.8,1093.4,7.64,0.087,1,2,0.762,0
R00056,Manipur,Noney,Bridge Approach,2017-06-08,62.5,98.4,27.5,88.1,9.2,30.0,8.74,0.127,2,1,0.76,0
R00088,Mizoram,Aizawl,State Highway,2018-02-05,3.5,22.0,22.9,71.8,15.6,1093.4,6.88,0.089,2,2,0.718,0
R00023,Assam,Darrang,PMGSY Road,2024-04-12,9.1,84.9,27.7,76.4,3.1,70.7,16.36,0.202,2,3,0.811,0
R00093,Mizoram,Champhai,National Highway,2024-06-20,34.3,136.4,26.5,87.8,13.8,195.0,4.58,0.158,4,1,0.68,0
R00122,Sikkim,Namchi,National Highway,2021-02-28,6.2,20.2,16.8,68.2,23.1,1644.1,6.36,0.073,5,5,0.562,1
R00125,Sikkim,Gyalshing,Border Road,2023-09-14,50.0,255.4,22.4,92.1,20.3,1270.2,15.19,0.196,4,5,0.527,1
R00082,Mizoram,Hnahthial,Bridge Approach,2020-06-02,31.9,133.0,21.8,88.6,10.4,703.7,4.72,0.149,0,3,0.442,0
R00005,Arunachal Pradesh,Upper Subansiri,State Highway,2020-08-05,51.9,214.7,20.5,89.1,25.1,1549.7,8.34,0.187,4,1,0.18,1
R00064,Meghalaya,North Garo Hills,State Highway,2022-07-03,85.3,239.4,24.1,96.0,19.2,1410.0,3.71,0.192,2,5,0.946,1
R00136,Sikkim,Gangtok,Rural Road,2018-12-28,8.4,24.7,19.2,67.2,18.6,2156.7,8.43,0.063,5,3,0.599,1
R00120,Nagaland,Longleng,State Highway,2023-08-15,79.3,179.9,22.4,90.6,14.2,940.7,5.56,0.204,3,4,0.377,1
R00123,Sikkim,Gangtok,Border Road,2026-05-25,33.3,64.3,20.2,87.7,24.9,1693.1,4.71,0.101,5,4,0.562,1
R00129,Sikkim,Mangan,Major District Road,2020-03-03,13.8,33.3,21.3,67.8,21.1,1669.5,3.37,0.103,3,3,0.466,0
R00050,Manipur,Noney,State Highway,2016-03-07,7.1,29.2,24.7,73.4,12.4,87.3,7.0,0.133,1,5,0.932,0
R00045,Manipur,Ukhrul,State Highway,2022-12-03,5.8,13.0,19.8,69.5,10.7,893.2,18.62,0.102,4,2,0.855,1
R00024,Assam,Dhemaji,Rural Road,2020-04-27,24.6,87.6,22.5,76.7,1.0,764.6,3.77,0.149,0,0,0.98,0
R00142,Tripura,West Tripura,Bridge Approach,2023-05-26,18.5,77.2,23.9,82.5,4.3,30.0,3.05,0.226,1,2,0.615,0
R00091,Mizoram,Champhai,Major District Road,2020-10-12,66.0,138.3,26.8,78.3,15.8,30.0,4.65,0.215,1,6,0.524,1
R00141,Tripura,West Tripura,Major District Road,2016-04-24,17.5,50.6,26.7,72.7,1.0,49.5,25.56,0.148,2,4,0.953,0
R00103,Nagaland,Niuland,State Highway,2025-06-05,44.3,83.3,27.7,86.4,13.1,126.1,4.95,0.147,1,1,0.898,0
R00126,Sikkim,Pakyong,State Highway,2016-03-08,18.3,42.8,19.5,73.0,19.5,1584.8,7.59,0.067,3,0,0.77,0
R00029,Assam,Nagaon,Rural Road,2017-02-22,10.2,24.4,19.0,67.2,11.5,1011.8,10.32,0.078,4,3,0.657,0
R00057,Manipur,Ukhrul,National Highway,2022-02-17,14.6,59.2,26.2,72.7,13.0,225.6,11.75,0.117,1,3,0.539,0
R00070,Meghalaya,West Jaintia Hills,Rural Road,2020-03-10,10.9,31.0,24.6,68.9,24.2,1031.4,5.66,0.08,3,2,0.636,1
R00082,Mizoram,Hnahthial,Bridge Approach,2019-06-21,31.1,149.3,25.5,84.9,10.4,703.7,4.91,0.15,3,2,0.334,0
R00025,Assam,Dhubri,Rural Road,2021-12-25,12.8,62.6,24.7,76.2,5.3,30.0,6.58,0.141,3,2,0.695,0
R00027,Assam,Barpeta,Bridge Approach,2026-05-11,11.2,90.6,25.7,80.1,1.0,30.0,6.76,0.139,0,2,0.523,0
R00068,Meghalaya,South West Khasi Hills,State Highway,2024-05-04,18.5,76.3,16.6,80.1,10.4,1032.6,10.48,0.116,1,1,0.737,0
R00053,Manipur,Noney,Rural Road,2018-06-26,74.4,182.9,21.7,86.3,8.3,299.8,4.9,0.236,2,2,0.511,0
R00108,Nagaland,Dimapur,National Highway,2017-12-19,20.5,37.8,19.0,67.4,11.8,1215.4,5.53,0.082,3,1,0.911,1
R00097,Mizoram,Hnahthial,National Highway,2021-07-08,129.2,298.0,27.9,99.0,13.7,305.6,5.47,0.419,3,5,0.775,1
R00087,Mizoram,Hnahthial,Border Road,2016-08-13,151.2,379.7,25.3,88.2,13.7,261.3,3.78,0.422,0,2,0.802,1
R00085,Mizoram,Saitual,Rural Road,2022-11-04,11.6,46.4,21.7,78.1,17.4,913.5,8.68,0.107,3,4,0.417,0
R00055,Manipur,Senapati,State Highway,2016-02-24,12.4,37.7,24.3,68.8,10.7,593.7,10.53,0.123,1,2,0.624,0
R00117,Nagaland,Peren,Rural Road,2016-11-09,1.8,25.4,23.9,69.9,10.8,404.0,4.0,0.079,4,3,0.827,1
R00113,Nagaland,Longleng,PMGSY Road,2023-04-03,13.5,67.5,25.0,72.9,23.6,793.0,7.5,0.134,2,1,0.596,1
R00150,Tripura,West Tripura,State Highway,2023-08-13,36.9,195.2,28.4,90.0,8.6,30.0,1.87,0.389,3,1,0.86,0
R00040,Assam,Lakhimpur,National Highway,2020-05-22,25.1,50.7,23.1,81.9,9.5,583.6,5.7,0.118,1,4,0.765,1
R00011,Arunachal Pradesh,Namsai,Rural Road,2024-02-25,12.8,31.4,18.9,66.1,21.2,1663.5,8.46,0.097,5,2,0.754,0
R00125,Sikkim,Gyalshing,Border Road,2025-08-07,11.7,232.5,19.6,90.1,20.3,1270.2,8.34,0.226,0,3,0.518,1
R00116,Nagaland,Kohima,Rural Road,2026-10-22,18.8,49.7,25.1,78.3,11.7,823.9,8.82,0.089,3,2,0.784,1
R00057,Manipur,Ukhrul,National Highway,2022-08-14,171.9,378.9,26.4,89.4,13.0,225.6,12.49,0.461,2,3,0.44,1
R00162,Inter-state corridor,Kamrup,PMGSY Road,2022-12-06,10.7,39.1,20.3,72.1,10.5,521.8,3.07,0.114,3,3,0.707,0
R00036,Assam,Darrang,National Highway,2017-02-17,6.0,26.2,29.6,66.2,2.4,165.6,8.01,0.105,4,3,0.645,0
R00061,Meghalaya,South Garo Hills,PMGSY Road,2016-09-22,51.5,147.6,24.6,85.8,16.6,321.0,5.29,0.198,1,1,0.817,1
R00157,Tripura,South Tripura,Major District Road,2023-05-18,34.4,126.9,26.0,81.4,1.0,420.9,11.77,0.187,1,1,0.755,1
R00072,Meghalaya,South West Khasi Hills,State Highway,2024-11-22,6.5,21.3,22.6,73.9,20.2,1182.9,8.19,0.083,5,4,0.346,1
R00125,Sikkim,Gyalshing,Border Road,2020-09-17,20.4,126.0,18.5,89.0,20.3,1270.2,9.45,0.194,3,1,0.507,1
R00066,Meghalaya,East Garo Hills,Rural Road,2018-01-03,10.2,31.3,20.7,61.0,17.5,1357.5,12.34,0.119,2,0,0.73,1
R00075,Meghalaya,East Garo Hills,National Highway,2019-07-02,64.2,137.9,21.6,87.9,19.5,1308.3,9.89,0.181,3,2,0.907,1
R00082,Mizoram,Hnahthial,Bridge Approach,2024-01-03,6.5,25.2,22.0,68.4,10.4,703.7,17.93,0.091,2,5,0.407,1
R00105,Nagaland,Longleng,Major District Road,2022-10-04,20.5,68.2,22.8,75.7,19.1,404.1,2.18,0.278,4,5,0.66,1
R00023,Assam,Darrang,PMGSY Road,2024-04-17,29.4,78.2,25.6,75.2,3.1,70.7,5.25,0.169,0,3,0.825,1
R00098,Mizoram,Hnahthial,PMGSY Road,2016-05-02,14.4,77.5,24.0,83.1,16.3,345.3,6.69,0.139,4,2,0.652,0
R00140,Sikkim,Namchi,Rural Road,2016-06-20,29.4,98.2,17.2,90.8,23.6,1635.2,2.57,0.215,5,3,0.518,1
R00138,Sikkim,Mangan,Rural Road,2016-10-10,49.2,99.9,22.3,74.7,17.4,1622.9,7.95,0.139,4,5,0.819,1
R00010,Arunachal Pradesh,East Kameng,National Highway,2019-03-17,11.8,41.3,16.9,68.9,17.1,1980.2,11.46,0.076,1,1,0.832,0
R00095,Mizoram,Serchhip,PMGSY Road,2026-03-08,1.9,9.6,24.6,69.7,12.7,567.8,6.11,0.104,5,5,0.953,1
R00150,Tripura,West Tripura,State Highway,2022-05-03,20.4,60.5,24.3,79.9,8.6,30.0,6.5,0.117,0,1,0.817,0
R00034,Assam,Barpeta,State Highway,2017-01-24,6.9,27.4,24.8,74.5,5.6,722.8,5.16,0.098,4,5,0.577,1
R00004,Arunachal Pradesh,Upper Subansiri,State Highway,2022-03-01,6.8,30.2,18.0,69.8,16.8,1320.8,4.14,0.085,4,3,0.602,1
R00021,Assam,Darrang,National Highway,2026-01-21,1.2,14.1,27.5,72.8,9.4,30.0,9.99,0.079,1,2,0.586,1
R00026,Assam,Golaghat,National Highway,2025-09-17,31.5,107.3,25.5,81.6,12.4,58.3,6.3,0.175,2,5,0.473,0
R00149,Tripura,Sepahijala,State Highway,2025-06-08,27.2,66.5,26.5,76.7,9.6,30.0,6.78,0.116,2,2,0.787,1
R00123,Sikkim,Gangtok,Border Road,2024-05-14,8.4,119.3,20.3,77.7,24.9,1693.1,6.88,0.129,1,0,0.556,0
R00082,Mizoram,Hnahthial,Bridge Approach,2026-12-20,11.7,39.8,23.2,71.3,10.4,703.7,7.92,0.092,2,3,0.331,0
R00041,Manipur,Noney,PMGSY Road,2016-05-13,48.4,108.4,22.2,78.7,12.6,617.1,6.83,0.125,3,2,0.96,0
R00119,Nagaland,Phek,Rural Road,2019-04-02,11.8,48.1,24.4,76.4,5.5,554.5,10.35,0.129,0,2,0.696,0
R00164,Inter-state corridor,Barpeta,Rural Road,2018-02-02,12.3,40.6,23.7,72.5,10.6,421.4,9.91,0.106,4,2,0.85,1
R00010,Arunachal Pradesh,East Kameng,National Highway,2023-02-16,2.8,29.8,18.5,68.5,17.1,1980.2,7.6,0.07,5,3,0.811,1
R00088,Mizoram,Aizawl,State Highway,2025-03-08,21.0,46.3,19.8,73.0,15.6,1093.4,5.54,0.083,4,1,0.767,1
R00008,Arunachal Pradesh,Tawang,PMGSY Road,2024-12-17,10.6,21.7,16.1,70.6,18.7,1976.0,8.53,0.106,4,3,0.827,1
R00060,Manipur,Noney,National Highway,2023-06-23,97.4,163.9,27.0,79.0,5.5,69.4,15.06,0.245,3,2,0.76,0
R00116,Nagaland,Kohima,Rural Road,2020-07-08,71.4,260.7,24.3,90.3,11.7,823.9,8.35,0.274,4,2,0.743,1
R00113,Nagaland,Longleng,PMGSY Road,2019-02-08,17.5,26.6,26.4,72.8,23.6,793.0,9.72,0.089,2,5,0.604,1
R00144,Tripura,South Tripura,Border Road,2021-04-21,11.7,63.3,27.3,81.3,1.0,363.4,2.95,0.278,4,0,0.491,0
R00093,Mizoram,Champhai,National Highway,2024-11-03,5.3,88.8,26.8,67.4,13.8,195.0,10.61,0.123,2,2,0.691,1
R00003,Arunachal Pradesh,Tawang,PMGSY Road,2016-12-02,16.3,42.0,24.5,68.1,22.8,1580.1,9.93,0.119,4,1,0.965,1
R00145,Tripura,Dhalai,Rural Road,2022-01-21,14.7,25.4,22.2,72.3,1.0,211.0,4.95,0.141,1,1,0.906,1
R00108,Nagaland,Dimapur,National Highway,2022-11-20,30.7,40.1,21.4,74.2,11.8,1215.4,3.2,0.095,2,1,0.909,0
R00156,Tripura,West Tripura,PMGSY Road,2024-06-24,25.0,153.3,26.1,91.2,8.7,30.0,7.44,0.231,3,4,0.898,1
R00010,Arunachal Pradesh,East Kameng,National Highway,2024-06-08,47.2,296.7,18.2,83.8,17.1,1980.2,10.37,0.276,3,4,0.778,0
R00026,Assam,Golaghat,National Highway,2023-07-27,48.4,165.2,27.3,99.0,12.4,58.3,8.3,0.19,1,2,0.546,1
R00048,Manipur,Ukhrul,PMGSY Road,2023-07-13,60.4,181.5,25.0,94.1,16.3,421.3,12.63,0.183,2,4,0.48,1
R00110,Nagaland,Phek,Major District Road,2017-10-02,29.8,123.9,21.5,73.8,20.9,902.1,7.43,0.122,3,4,0.734,0
R00073,Meghalaya,East Khasi Hills,National Highway,2021-08-28,22.6,174.6,24.2,92.1,12.8,614.0,4.6,0.197,3,4,0.694,1
R00083,Mizoram,Serchhip,PMGSY Road,2023-11-08,8.4,42.1,24.2,76.7,11.7,461.2,7.2,0.097,0,3,0.632,1
R00043,Manipur,Jiribam,National Highway,2026-06-01,51.7,149.2,23.1,83.2,4.7,742.1,6.65,0.185,4,2,0.668,1
R00074,Meghalaya,West Khasi Hills,Rural Road,2016-01-20,14.8,39.5,21.4,72.0,8.6,1585.4,6.48,0.106,3,2,0.509,0
R00042,Manipur,Ukhrul,Rural Road,2017-08-14,43.2,256.9,26.3,95.2,11.9,312.5,19.76,0.231,2,2,0.798,1
R00094,Mizoram,Lunglei,Major District Road,2024-05-24,31.7,107.2,20.9,78.7,13.5,1205.9,10.69,0.141,2,3,0.787,0
R00038,Assam,Barpeta,Rural Road,2016-06-01,83.1,118.3,23.0,84.0,11.7,427.5,15.07,0.136,4,1,0.936,1
R00082,Mizoram,Hnahthial,Bridge Approach,2024-09-05,55.2,180.5,22.9,84.9,10.4,703.7,3.92,0.184,4,4,0.391,1
R00152,Tripura,Dhalai,State Highway,2016-04-28,31.9,94.0,23.0,81.1,1.0,311.1,7.63,0.204,2,2,0.376,1
R00138,Sikkim,Mangan,Rural Road,2016-02-15,12.2,24.0,18.9,75.2,17.4,1622.9,5.81,0.097,1,2,0.853,0
R00153,Tripura,Dhalai,Border Road,2017-04-19,7.2,52.8,27.5,74.4,5.5,100.6,4.42,0.136,4,0,0.859,0
R00025,Assam,Dhubri,Rural Road,2021-03-06,1.9,14.7,27.5,73.2,5.3,30.0,6.18,0.131,2,2,0.636,0
R00031,Assam,Kamrup,State Highway,2021-09-13,23.6,126.6,22.8,85.3,9.8,756.2,1.07,0.265,2,4,0.4,1
R00156,Tripura,West Tripura,PMGSY Road,2023-12-15,12.4,40.7,25.5,68.1,8.7,30.0,14.93,0.096,3,3,0.838,0
R00104,Nagaland,Peren,PMGSY Road,2019-10-19,53.9,87.3,25.5,75.0,13.4,551.6,5.52,0.137,2,4,0.715,0
R00100,Mizoram,Champhai,PMGSY Road,2024-02-27,10.4,30.2,19.7,68.1,10.8,1208.8,4.8,0.088,3,5,0.624,1
R00163,Inter-state corridor,Barpeta,PMGSY Road,2021-05-15,6.4,91.4,21.1,81.5,4.5,471.2,8.28,0.174,3,1,0.811,0
R00145,Tripura,Dhalai,Rural Road,2019-03-11,23.0,30.3,25.7,75.0,1.0,211.0,3.57,0.156,0,2,0.915,1
R00124,Sikkim,Gangtok,National Highway,2017-04-11,31.5,125.1,19.3,73.6,20.4,1201.9,2.56,0.268,2,4,0.704,1
R00101,Nagaland,Kohima,State Highway,2022-10-20,23.9,66.8,19.1,83.6,8.8,1093.4,6.02,0.11,4,1,0.809,0
R00148,Tripura,Unakoti,State Highway,2023-04-19,22.5,45.6,25.6,72.3,5.9,314.1,4.55,0.141,2,2,0.657,0
R00047,Manipur,Tamenglong,Rural Road,2020-09-06,47.8,176.4,25.7,88.4,7.2,30.0,10.24,0.276,1,4,0.759,1
R00131,Sikkim,Namchi,Bridge Approach,2016-07-03,136.5,346.4,17.5,94.4,17.9,1430.7,3.24,0.425,5,2,0.589,1
R00018,Arunachal Pradesh,West Kameng,State Highway,2021-02-27,8.0,32.7,19.7,64.9,20.8,1771.2,7.43,0.066,4,2,0.766,0
R00146,Tripura,Dhalai,PMGSY Road,2025-05-26,6.1,75.2,26.5,81.4,3.4,420.8,21.47,0.13,4,2,0.884,0
R00029,Assam,Nagaon,Rural Road,2020-06-01,11.3,151.5,20.6,81.5,11.5,1011.8,6.17,0.142,4,6,0.645,1
R00044,Manipur,Ukhrul,State Highway,2017-07-02,63.2,135.2,26.1,92.6,9.8,111.7,4.1,0.196,2,3,0.793,1
R00135,Sikkim,Mangan,National Highway,2025-09-08,31.7,169.9,19.1,85.7,17.7,1240.5,6.62,0.207,3,3,0.742,1
R00134,Sikkim,Mangan,Rural Road,2019-07-19,61.5,309.3,19.3,92.6,18.4,1467.2,3.84,0.317,2,3,0.664,1
R00132,Sikkim,Gyalshing,State Highway,2023-01-05,4.7,30.0,16.5,65.5,13.0,1847.6,8.0,0.085,2,2,0.898,0
R00132,Sikkim,Gyalshing,State Highway,2024-01-27,5.1,31.2,16.4,72.6,13.0,1847.6,8.22,0.07,2,1,0.891,0
R00137,Sikkim,Gangtok,Border Road,2016-06-19,98.9,144.2,19.3,90.7,30.8,1740.6,9.77,0.122,7,2,0.841,1
R00101,Nagaland,Kohima,State Highway,2025-09-28,14.2,197.9,21.8,84.3,8.8,1093.4,4.97,0.191,3,1,0.752,0
R00012,Arunachal Pradesh,West Siang,Border Road,2024-07-20,18.9,148.5,20.5,95.8,18.2,1398.0,7.16,0.16,2,3,0.634,1
R00104,Nagaland,Peren,PMGSY Road,2018-01-08,4.7,29.8,23.3,64.7,13.4,551.6,29.45,0.09,3,0,0.813,0
R00035,Assam,Dibrugarh,Major District Road,2026-08-21,18.9,94.5,26.7,82.1,7.2,655.2,4.2,0.191,0,0,0.824,0
R00040,Assam,Lakhimpur,National Highway,2016-08-17,25.9,386.0,25.3,92.3,9.5,583.6,10.39,0.519,2,5,0.882,1
R00145,Tripura,Dhalai,Rural Road,2025-05-16,14.2,69.5,26.6,73.0,1.0,211.0,8.67,0.149,1,3,0.935,0
R00107,Nagaland,Mon,Bridge Approach,2021-10-26,10.9,85.2,18.1,77.2,12.4,1337.8,3.89,0.133,2,0,0.822,1
R00048,Manipur,Ukhrul,PMGSY Road,2026-07-23,44.1,198.5,25.6,92.5,16.3,421.3,3.83,0.252,2,2,0.414,1
R00006,Arunachal Pradesh,East Kameng,Rural Road,2018-07-22,18.3,285.3,19.5,92.0,21.5,1354.8,30.33,0.291,2,1,0.802,0
R00117,Nagaland,Peren,Rural Road,2021-03-11,13.9,42.7,24.7,75.6,10.8,404.0,10.41,0.118,4,3,0.9,0
R00098,Mizoram,Hnahthial,PMGSY Road,2019-12-14,22.4,34.8,22.3,77.7,16.3,345.3,10.76,0.082,4,2,0.603,1
R00075,Meghalaya,East Garo Hills,National Highway,2026-07-04,252.3,371.2,19.8,99.0,19.5,1308.3,3.99,0.411,3,3,0.81,1
R00100,Mizoram,Champhai,PMGSY Road,2021-06-12,10.6,157.3,24.1,90.8,10.8,1208.8,3.06,0.149,3,1,0.48,1
R00022,Assam,Dhubri,Major District Road,2019-11-20,10.0,48.1,26.1,76.9,8.6,30.0,15.45,0.089,3,5,0.494,0
R00162,Inter-state corridor,Kamrup,PMGSY Road,2020-09-02,14.7,102.0,23.0,86.1,10.5,521.8,4.52,0.183,2,3,0.608,1
R00062,Meghalaya,Eastern West Khasi Hills,State Highway,2018-10-08,42.8,140.4,21.2,85.6,16.2,1056.9,2.71,0.328,3,2,0.778,0
R00130,Sikkim,Gyalshing,Major District Road,2023-07-03,144.1,422.5,18.6,91.2,23.6,1866.8,6.21,0.485,2,4,0.434,1
R00090,Mizoram,Hnahthial,State Highway,2026-05-14,11.6,108.0,26.1,77.3,18.9,726.1,12.93,0.143,3,3,0.908,1
R00119,Nagaland,Phek,Rural Road,2019-01-09,11.1,31.3,27.6,72.3,5.5,554.5,10.56,0.107,3,4,0.709,0
R00077,Meghalaya,North Garo Hills,National Highway,2018-01-24,6.7,30.4,23.0,69.6,13.7,427.3,8.78,0.102,5,3,0.663,0
R00050,Manipur,Noney,State Highway,2024-01-01,2.1,41.1,27.8,70.1,12.4,87.3,9.11,0.116,3,2,0.953,0
R00084,Mizoram,Hnahthial,Major District Road,2025-02-22,4.0,14.1,25.7,64.2,8.3,469.4,6.84,0.088,1,3,0.728,0
R00039,Assam,Tinsukia,Border Road,2019-05-27,33.6,84.6,27.8,80.5,15.3,137.6,5.72,0.11,2,5,0.796,1
R00120,Nagaland,Longleng,State Highway,2020-05-23,25.9,153.4,22.0,85.4,14.2,940.7,3.21,0.14,5,4,0.38,1
R00144,Tripura,South Tripura,Border Road,2019-08-23,11.8,192.9,26.1,94.8,1.0,363.4,3.76,0.256,2,5,0.537,1
R00086,Mizoram,Aizawl,State Highway,2018-03-05,15.9,35.1,22.4,71.7,14.9,1222.8,10.27,0.096,2,3,0.821,0
R00013,Arunachal Pradesh,Upper Subansiri,Border Road,2018-10-23,19.2,85.7,21.4,72.7,21.4,1130.4,9.01,0.115,3,2,0.861,1
R00131,Sikkim,Namchi,Bridge Approach,2023-07-24,107.1,396.9,22.2,94.6,17.9,1430.7,4.41,0.434,3,3,0.577,0
R00160,Tripura,Dhalai,PMGSY Road,2022-09-19,92.1,279.5,23.9,95.0,8.2,374.2,1.44,0.49,3,1,0.608,1
R00128,Sikkim,Namchi,National Highway,2024-06-08,59.3,186.5,20.0,84.8,25.6,1459.3,5.82,0.201,2,1,0.832,1
R00058,Manipur,Tamenglong,State Highway,2026-06-23,23.0,166.5,25.5,92.1,8.9,263.0,4.65,0.178,4,3,0.715,1
R00119,Nagaland,Phek,Rural Road,2026-03-25,9.0,29.9,28.1,68.5,5.5,554.5,9.06,0.1,2,3,0.63,1
R00070,Meghalaya,West Jaintia Hills,Rural Road,2019-04-15,52.3,111.7,23.7,78.1,24.2,1031.4,10.87,0.111,3,4,0.584,1
R00039,Assam,Tinsukia,Border Road,2017-12-18,12.2,20.9,26.0,66.0,15.3,137.6,8.63,0.087,3,3,0.79,0
R00140,Sikkim,Namchi,Rural Road,2016-10-05,10.4,95.3,18.2,73.5,23.6,1635.2,8.72,0.137,6,4,0.426,1
R00112,Nagaland,Kohima,State Highway,2022-02-26,19.3,40.3,27.9,73.6,7.7,113.9,19.26,0.12,0,4,0.529,0
R00050,Manipur,Noney,State Highway,2025-11-18,4.5,45.4,26.2,84.1,12.4,87.3,3.94,0.1,2,1,0.848,0
R00135,Sikkim,Mangan,National Highway,2026-07-27,57.4,196.2,18.9,87.0,17.7,1240.5,6.8,0.197,2,4,0.799,1
R00059,Manipur,Noney,Rural Road,2018-02-14,3.3,31.5,26.2,63.5,3.2,291.1,10.33,0.115,0,3,0.582,0
R00007,Arunachal Pradesh,West Kameng,PMGSY Road,2023-12-09,8.0,23.3,20.5,66.1,15.5,1648.2,6.1,0.072,5,0,0.832,1
R00130,Sikkim,Gyalshing,Major District Road,2026-01-22,6.6,29.4,17.1,70.3,23.6,1866.8,5.81,0.077,6,5,0.534,1
R00110,Nagaland,Phek,Major District Road,2017-11-25,9.7,34.8,23.0,70.6,20.9,902.1,4.15,0.126,4,2,0.759,1
R00147,Tripura,Unakoti,Border Road,2017-04-08,4.8,34.0,30.7,73.6,6.1,30.0,11.93,0.164,2,0,0.762,0
R00122,Sikkim,Namchi,National Highway,2025-07-10,25.3,109.8,17.9,88.9,23.1,1644.1,9.21,0.151,3,4,0.59,1
R00002,Arunachal Pradesh,Lower Subansiri,Major District Road,2016-02-14,2.7,38.9,16.6,75.9,20.7,1684.9,3.82,0.075,3,3,0.865,0
R00060,Manipur,Noney,National Highway,2017-01-23,2.2,10.7,25.6,66.0,5.5,69.4,5.91,0.118,1,4,0.669,0
R00044,Manipur,Ukhrul,State Highway,2024-10-21,31.1,79.3,23.7,82.1,9.8,111.7,4.09,0.138,3,2,0.883,0
R00133,Sikkim,Namchi,Major District Road,2020-08-23,114.2,224.3,23.7,94.4,22.0,454.7,6.58,0.264,4,6,0.761,1
R00078,Meghalaya,East Garo Hills,PMGSY Road,2019-08-20,41.3,250.5,20.4,90.0,8.6,1098.8,7.01,0.29,4,2,0.861,1
R00101,Nagaland,Kohima,State Highway,2022-03-12,10.3,44.8,22.6,69.5,8.8,1093.4,2.4,0.187,2,1,0.805,0
R00105,Nagaland,Longleng,Major District Road,2025-11-08,15.4,70.7,24.9,74.4,19.1,404.1,13.86,0.113,2,4,0.649,1
R00086,Mizoram,Aizawl,State Highway,2024-10-22,37.0,76.6,23.1,78.8,14.9,1222.8,8.42,0.109,3,7,0.726,1
R00010,Arunachal Pradesh,East Kameng,National Highway,2017-02-19,3.2,26.7,15.9,64.9,17.1,1980.2,9.95,0.125,3,3,0.856,1
R00017,Arunachal Pradesh,Upper Subansiri,Rural Road,2021-10-07,21.7,58.1,19.2,76.5,27.7,1205.7,8.46,0.11,4,2,0.488,0
R00030,Assam,Tinsukia,Major District Road,2021-11-18,4.1,25.8,27.1,73.0,11.0,32.6,3.47,0.103,0,1,0.894,0
R00097,Mizoram,Hnahthial,National Highway,2025-09-16,98.8,184.1,24.2,85.5,13.7,305.6,4.15,0.201,0,3,0.635,0
R00048,Manipur,Ukhrul,PMGSY Road,2016-02-17,7.9,31.3,25.1,66.1,16.3,421.3,1.96,0.234,3,3,0.507,1
R00069,Meghalaya,Ri-Bhoi,PMGSY Road,2022-12-16,6.4,24.4,24.5,69.8,13.1,484.0,7.93,0.08,2,1,0.942,0
R00133,Sikkim,Namchi,Major District Road,2023-10-01,8.1,119.7,27.0,77.1,22.0,454.7,5.32,0.171,3,4,0.863,1
R00117,Nagaland,Peren,Rural Road,2018-09-21,54.8,180.5,26.2,82.7,10.8,404.0,2.04,0.324,4,3,0.851,1
R00146,Tripura,Dhalai,PMGSY Road,2018-10-07,16.4,85.0,25.9,76.0,3.4,420.8,4.53,0.177,2,1,0.813,1
R00119,Nagaland,Phek,Rural Road,2016-04-19,53.9,127.8,22.5,72.7,5.5,554.5,5.29,0.184,1,2,0.63,0
R00116,Nagaland,Kohima,Rural Road,2016-08-19,60.7,311.8,20.0,91.0,11.7,823.9,3.67,0.291,5,4,0.81,1
R00008,Arunachal Pradesh,Tawang,PMGSY Road,2026-11-19,35.8,62.2,13.5,71.2,18.7,1976.0,12.81,0.105,5,4,0.874,1
R00150,Tripura,West Tripura,State Highway,2017-06-23,21.5,96.0,26.4,88.6,8.6,30.0,5.67,0.158,2,2,0.879,0
R00146,Tripura,Dhalai,PMGSY Road,2026-11-09,17.7,91.6,23.6,67.4,3.4,420.8,3.18,0.122,2,1,0.788,0
R00133,Sikkim,Namchi,Major District Road,2019-06-25,46.4,194.1,22.8,91.5,22.0,454.7,4.73,0.193,4,4,0.838,1
R00164,Inter-state corridor,Barpeta,Rural Road,2022-11-28,8.1,47.1,28.8,76.6,10.6,421.4,12.59,0.115,2,2,0.922,1
R00030,Assam,Tinsukia,Major District Road,2022-11-05,9.0,63.7,27.3,73.7,11.0,32.6,11.76,0.113,2,3,0.909,1
R00094,Mizoram,Lunglei,Major District Road,2017-03-15,2.4,69.6,22.2,75.8,13.5,1205.9,4.18,0.152,2,2,0.946,1
R00126,Sikkim,Pakyong,State Highway,2024-01-10,13.4,19.9,16.9,71.6,19.5,1584.8,6.16,0.06,3,1,0.899,0
R00152,Tripura,Dhalai,State Highway,2022-05-14,28.0,193.8,24.2,84.1,1.0,311.1,11.02,0.276,2,2,0.455,1
R00046,Manipur,Ukhrul,Major District Road,2016-12-14,13.1,22.5,22.7,74.8,16.6,599.0,9.03,0.087,0,1,0.72,0
R00089,Mizoram,Mamit,National Highway,2016-04-11,27.2,79.2,18.7,73.5,13.1,1221.4,4.72,0.128,4,3,0.853,1
R00085,Mizoram,Saitual,Rural Road,2019-12-09,7.6,32.0,24.4,73.4,17.4,913.5,4.49,0.086,1,5,0.334,1
R00069,Meghalaya,Ri-Bhoi,PMGSY Road,2016-10-14,60.4,79.0,25.5,76.8,13.1,484.0,7.0,0.127,2,1,0.785,0
R00102,Nagaland,Zunheboto,Rural Road,2016-02-13,5.0,15.8,23.8,76.4,14.8,590.1,4.81,0.096,4,2,0.775,0
R00065,Meghalaya,East Khasi Hills,Bridge Approach,2022-11-04,11.8,34.9,25.2,76.2,15.5,756.3,14.34,0.093,3,3,0.757,1
R00029,Assam,Nagaon,Rural Road,2018-04-18,8.1,46.4,20.7,77.0,11.5,1011.8,9.34,0.093,1,2,0.658,1
R00061,Meghalaya,South Garo Hills,PMGSY Road,2026-12-05,8.9,50.0,23.1,73.7,16.6,321.0,17.06,0.133,3,4,0.899,0
R00095,Mizoram,Serchhip,PMGSY Road,2021-03-07,11.1,28.6,22.8,66.7,12.7,567.8,0.95,0.201,4,2,0.952,0
R00128,Sikkim,Namchi,National Highway,2016-02-21,5.4,23.4,19.4,72.7,25.6,1459.3,5.41,0.099,2,1,0.904,0
R00124,Sikkim,Gangtok,National Highway,2018-05-15,43.1,109.8,21.5,77.4,20.4,1201.9,5.14,0.115,2,3,0.629,0
R00071,Meghalaya,East Garo Hills,National Highway,2016-01-22,7.1,31.8,24.4,65.1,14.9,469.7,4.12,0.096,3,0,0.864,0
R00016,Arunachal Pradesh,Tawang,Rural Road,2025-06-24,52.6,166.6,19.6,88.0,12.0,1318.6,5.96,0.161,4,2,0.594,1
R00127,Sikkim,Mangan,PMGSY Road,2018-08-28,14.5,199.9,22.9,90.6,14.7,1378.1,12.04,0.218,3,3,0.837,1
R00030,Assam,Tinsukia,Major District Road,2021-10-15,3.0,88.9,27.2,83.3,11.0,32.6,6.65,0.106,3,0,0.883,0
R00112,Nagaland,Kohima,State Highway,2022-10-28,25.9,78.4,27.6,71.9,7.7,113.9,15.45,0.153,1,2,0.434,0
R00055,Manipur,Senapati,State Highway,2026-02-14,11.8,23.8,22.4,66.9,10.7,593.7,8.35,0.086,2,3,0.635,0
R00077,Meghalaya,North Garo Hills,National Highway,2026-05-13,21.6,125.1,26.8,77.0,13.7,427.3,6.59,0.212,1,2,0.678,0
R00085,Mizoram,Saitual,Rural Road,2026-11-21,8.9,28.8,27.0,73.8,17.4,913.5,2.41,0.175,3,5,0.44,0
R00105,Nagaland,Longleng,Major District Road,2022-04-11,4.3,48.8,22.8,79.3,19.1,404.1,19.18,0.097,3,5,0.65,0
R00008,Arunachal Pradesh,Tawang,PMGSY Road,2016-09-21,41.9,123.2,18.6,87.9,18.7,1976.0,8.76,0.133,4,5,0.915,0
R00052,Manipur,Jiribam,Major District Road,2023-04-04,5.0,10.8,24.6,82.6,1.2,176.8,6.09,0.122,0,1,0.894,1
R00148,Tripura,Unakoti,State Highway,2024-03-04,23.1,42.8,24.5,66.1,5.9,314.1,6.05,0.147,2,1,0.695,1
R00048,Manipur,Ukhrul,PMGSY Road,2020-02-07,2.4,18.9,24.0,71.4,16.3,421.3,3.81,0.078,3,3,0.418,1
R00139,Sikkim,Gyalshing,State Highway,2016-06-15,47.9,194.6,15.6,82.8,14.6,2279.0,7.02,0.148,6,4,0.569,1
R00080,Meghalaya,East Khasi Hills,State Highway,2019-04-25,40.0,76.1,23.3,73.0,15.6,902.8,3.67,0.1,5,3,0.781,1
